ma_don_vi,ten_don_vi,nam_sinh,so_tre,nam_vao_lop_1
DV01,Phường Hoà Thuận,2018,149,2024
DV01,Phường Hoà Thuận,2019,158,2025
DV01,Phường Hoà Thuận,2020,161,2026
DV01,Phường Hoà Thuận,2021,151,2027
DV01,Phường Hoà Thuận,2022,157,2028
DV01,Phường Hoà Thuận,2023,165,2029
DV01,Phường Hoà Thuận,2024,165,2030
DV01,Phường Hoà Thuận,2025,158,2031
DV02,Phường Tân Hoà,2018,179,2024
DV02,Phường Tân Hoà,2019,208,2025
DV02,Phường Tân Hoà,2020,215,2026
DV02,Phường Tân Hoà,2021,243,2027
DV02,Phường Tân Hoà,2022,271,2028
DV02,Phường Tân Hoà,2023,286,2029
DV02,Phường Tân Hoà,2024,291,2030
DV02,Phường Tân Hoà,2025,328,2031
DV03,Phường Đông Giang,2018,133,2024
DV03,Phường Đông Giang,2019,139,2025
DV03,Phường Đông Giang,2020,128,2026
DV03,Phường Đông Giang,2021,136,2027
DV03,Phường Đông Giang,2022,133,2028
DV03,Phường Đông Giang,2023,149,2029
DV03,Phường Đông Giang,2024,139,2030
DV03,Phường Đông Giang,2025,142,2031
DV04,Phường Nam Phong,2018,166,2024
DV04,Phường Nam Phong,2019,173,2025
DV04,Phường Nam Phong,2020,179,2026
DV04,Phường Nam Phong,2021,177,2027
DV04,Phường Nam Phong,2022,185,2028
DV04,Phường Nam Phong,2023,201,2029
DV04,Phường Nam Phong,2024,209,2030
DV04,Phường Nam Phong,2025,214,2031
DV05,Xã Bình An,2018,65,2024
DV05,Xã Bình An,2019,67,2025
DV05,Xã Bình An,2020,62,2026
DV05,Xã Bình An,2021,66,2027
DV05,Xã Bình An,2022,67,2028
DV05,Xã Bình An,2023,63,2029
DV05,Xã Bình An,2024,60,2030
DV05,Xã Bình An,2025,62,2031
DV06,Xã Long Thành,2018,75,2024
DV06,Xã Long Thành,2019,76,2025
DV06,Xã Long Thành,2020,72,2026
DV06,Xã Long Thành,2021,71,2027
DV06,Xã Long Thành,2022,74,2028
DV06,Xã Long Thành,2023,73,2029
DV06,Xã Long Thành,2024,71,2030
DV06,Xã Long Thành,2025,70,2031
DV07,Xã Phú Điền,2018,49,2024
DV07,Xã Phú Điền,2019,49,2025
DV07,Xã Phú Điền,2020,45,2026
DV07,Xã Phú Điền,2021,46,2027
DV07,Xã Phú Điền,2022,45,2028
DV07,Xã Phú Điền,2023,41,2029
DV07,Xã Phú Điền,2024,37,2030
DV07,Xã Phú Điền,2025,40,2031
DV08,Xã Vĩnh Lộc,2018,64,2024
DV08,Xã Vĩnh Lộc,2019,58,2025
DV08,Xã Vĩnh Lộc,2020,55,2026
DV08,Xã Vĩnh Lộc,2021,56,2027
DV08,Xã Vĩnh Lộc,2022,57,2028
DV08,Xã Vĩnh Lộc,2023,51,2029
DV08,Xã Vĩnh Lộc,2024,48,2030
DV08,Xã Vĩnh Lộc,2025,52,2031
DV09,Xã An Cư,2018,44,2024
DV09,Xã An Cư,2019,42,2025
DV09,Xã An Cư,2020,39,2026
DV09,Xã An Cư,2021,39,2027
DV09,Xã An Cư,2022,35,2028
DV09,Xã An Cư,2023,36,2029
DV09,Xã An Cư,2024,34,2030
DV09,Xã An Cư,2025,32,2031
DV10,Xã Thanh Sơn,2018,41,2024
DV10,Xã Thanh Sơn,2019,40,2025
DV10,Xã Thanh Sơn,2020,37,2026
DV10,Xã Thanh Sơn,2021,32,2027
DV10,Xã Thanh Sơn,2022,33,2028
DV10,Xã Thanh Sơn,2023,31,2029
DV10,Xã Thanh Sơn,2024,27,2030
DV10,Xã Thanh Sơn,2025,27,2031
DV11,Xã Mỹ Khánh,2018,76,2024
DV11,Xã Mỹ Khánh,2019,74,2025
DV11,Xã Mỹ Khánh,2020,75,2026
DV11,Xã Mỹ Khánh,2021,72,2027
DV11,Xã Mỹ Khánh,2022,76,2028
DV11,Xã Mỹ Khánh,2023,75,2029
DV11,Xã Mỹ Khánh,2024,71,2030
DV11,Xã Mỹ Khánh,2025,75,2031
DV12,Xã Hương Trà,2018,50,2024
DV12,Xã Hương Trà,2019,54,2025
DV12,Xã Hương Trà,2020,50,2026
DV12,Xã Hương Trà,2021,51,2027
DV12,Xã Hương Trà,2022,45,2028
DV12,Xã Hương Trà,2023,44,2029
DV12,Xã Hương Trà,2024,45,2030
DV12,Xã Hương Trà,2025,43,2031
