ma_don_vi,ten_don_vi,nam_hoc,so_tre_6_tuoi,so_tuyen_dung_tuyen,so_hoc_trai_tuyen
DV01,Phường Hoà Thuận,2024-2025,149,146,2
DV01,Phường Hoà Thuận,2025-2026,158,152,3
DV01,Phường Hoà Thuận,2026-2027,161,158,2
DV02,Phường Tân Hoà,2024-2025,179,171,4
DV02,Phường Tân Hoà,2025-2026,208,199,7
DV02,Phường Tân Hoà,2026-2027,215,203,8
DV03,Phường Đông Giang,2024-2025,133,130,3
DV03,Phường Đông Giang,2025-2026,139,131,5
DV03,Phường Đông Giang,2026-2027,128,123,4
DV04,Phường Nam Phong,2024-2025,166,156,7
DV04,Phường Nam Phong,2025-2026,173,166,6
DV04,Phường Nam Phong,2026-2027,179,170,8
DV05,Xã Bình An,2024-2025,65,60,3
DV05,Xã Bình An,2025-2026,67,62,4
DV05,Xã Bình An,2026-2027,62,58,3
DV06,Xã Long Thành,2024-2025,75,70,3
DV06,Xã Long Thành,2025-2026,76,71,3
DV06,Xã Long Thành,2026-2027,72,68,3
DV07,Xã Phú Điền,2024-2025,49,44,3
DV07,Xã Phú Điền,2025-2026,49,45,3
DV07,Xã Phú Điền,2026-2027,45,42,2
DV08,Xã Vĩnh Lộc,2024-2025,64,59,3
DV08,Xã Vĩnh Lộc,2025-2026,58,52,5
DV08,Xã Vĩnh Lộc,2026-2027,55,51,3
DV09,Xã An Cư,2024-2025,44,40,3
DV09,Xã An Cư,2025-2026,42,38,3
DV09,Xã An Cư,2026-2027,39,35,3
DV10,Xã Thanh Sơn,2024-2025,41,35,4
DV10,Xã Thanh Sơn,2025-2026,40,36,3
DV10,Xã Thanh Sơn,2026-2027,37,32,3
DV11,Xã Mỹ Khánh,2024-2025,76,72,4
DV11,Xã Mỹ Khánh,2025-2026,74,68,5
DV11,Xã Mỹ Khánh,2026-2027,75,69,4
DV12,Xã Hương Trà,2024-2025,50,45,3
DV12,Xã Hương Trà,2025-2026,54,48,4
DV12,Xã Hương Trà,2026-2027,50,45,4
