ma_nut,ten_nut,ngay,thu,gio,luu_luong_xe_quy_doi,toc_do_tb_kmh,do_dai_hang_cho_m,trang_thai_cam_bien
N01,Nút Hoà Thuận – Trung tâm,2026-09-07,Thứ hai,00:00,145,39.5,0.0,OK
N01,Nút Hoà Thuận – Trung tâm,2026-09-07,Thứ hai,01:00,89,41.2,0.0,OK
N01,Nút Hoà Thuận – Trung tâm,2026-09-07,Thứ hai,02:00,71,43.2,0.0,OK
N01,Nút Hoà Thuận – Trung tâm,2026-09-07,Thứ hai,03:00,91,41.2,0.0,OK
N01,Nút Hoà Thuận – Trung tâm,2026-09-07,Thứ hai,04:00,212,40.2,0.0,OK
N01,Nút Hoà Thuận – Trung tâm,2026-09-07,Thứ hai,05:00,620,32.8,0.0,OK
N01,Nút Hoà Thuận – Trung tâm,2026-09-07,Thứ hai,06:00,1212,25.0,72.0,OK
N01,Nút Hoà Thuận – Trung tâm,2026-09-07,Thứ hai,07:00,1414,23.7,81.0,OK
N01,Nút Hoà Thuận – Trung tâm,2026-09-07,Thứ hai,08:00,1139,27.0,58.0,OK
N01,Nút Hoà Thuận – Trung tâm,2026-09-07,Thứ hai,09:00,1898,33.1,17.0,Nghi ngờ
N01,Nút Hoà Thuận – Trung tâm,2026-09-07,Thứ hai,10:00,769,32.0,12.0,OK
N01,Nút Hoà Thuận – Trung tâm,2026-09-07,Thứ hai,11:00,806,30.5,18.0,OK
N01,Nút Hoà Thuận – Trung tâm,2026-09-07,Thứ hai,12:00,1040,28.9,46.0,OK
N01,Nút Hoà Thuận – Trung tâm,2026-09-07,Thứ hai,13:00,809,30.7,17.0,OK
N01,Nút Hoà Thuận – Trung tâm,2026-09-07,Thứ hai,14:00,753,32.6,12.0,OK
N01,Nút Hoà Thuận – Trung tâm,2026-09-07,Thứ hai,15:00,876,32.0,29.0,OK
N01,Nút Hoà Thuận – Trung tâm,2026-09-07,Thứ hai,16:00,1337,24.0,96.0,OK
N01,Nút Hoà Thuận – Trung tâm,2026-09-07,Thứ hai,17:00,1609,21.1,113.0,OK
N01,Nút Hoà Thuận – Trung tâm,2026-09-07,Thứ hai,18:00,1387,25.4,92.0,OK
N01,Nút Hoà Thuận – Trung tâm,2026-09-07,Thứ hai,19:00,975,28.8,35.0,OK
N01,Nút Hoà Thuận – Trung tâm,2026-09-07,Thứ hai,20:00,664,33.5,0.0,OK
N01,Nút Hoà Thuận – Trung tâm,2026-09-07,Thứ hai,21:00,505,34.3,0.0,OK
N01,Nút Hoà Thuận – Trung tâm,2026-09-07,Thứ hai,22:00,340,38.7,0.0,OK
N01,Nút Hoà Thuận – Trung tâm,2026-09-07,Thứ hai,23:00,201,41.0,0.0,OK
N01,Nút Hoà Thuận – Trung tâm,2026-09-08,Thứ ba,00:00,144,41.3,0.0,OK
N01,Nút Hoà Thuận – Trung tâm,2026-09-08,Thứ ba,01:00,90,42.4,0.0,OK
N01,Nút Hoà Thuận – Trung tâm,2026-09-08,Thứ ba,02:00,75,41.1,0.0,OK
N01,Nút Hoà Thuận – Trung tâm,2026-09-08,Thứ ba,03:00,88,41.9,0.0,OK
N01,Nút Hoà Thuận – Trung tâm,2026-09-08,Thứ ba,04:00,220,41.1,0.0,OK
N01,Nút Hoà Thuận – Trung tâm,2026-09-08,Thứ ba,05:00,524,33.8,0.0,OK
N01,Nút Hoà Thuận – Trung tâm,2026-09-08,Thứ ba,06:00,1157,26.5,59.0,OK
N01,Nút Hoà Thuận – Trung tâm,2026-09-08,Thứ ba,07:00,1598,21.9,101.0,OK
N01,Nút Hoà Thuận – Trung tâm,2026-09-08,Thứ ba,08:00,1200,26.3,61.0,OK
N01,Nút Hoà Thuận – Trung tâm,2026-09-08,Thứ ba,09:00,879,30.0,28.0,OK
N01,Nút Hoà Thuận – Trung tâm,2026-09-08,Thứ ba,10:00,759,30.7,10.0,OK
N01,Nút Hoà Thuận – Trung tâm,2026-09-08,Thứ ba,11:00,889,32.2,31.0,OK
N01,Nút Hoà Thuận – Trung tâm,2026-09-08,Thứ ba,12:00,950,30.1,35.0,OK
N01,Nút Hoà Thuận – Trung tâm,2026-09-08,Thứ ba,13:00,741,31.2,9.0,OK
N01,Nút Hoà Thuận – Trung tâm,2026-09-08,Thứ ba,14:00,719,32.3,6.0,OK
N01,Nút Hoà Thuận – Trung tâm,2026-09-08,Thứ ba,15:00,896,30.0,31.0,OK
N01,Nút Hoà Thuận – Trung tâm,2026-09-08,Thứ ba,16:00,1232,26.5,75.0,OK
N01,Nút Hoà Thuận – Trung tâm,2026-09-08,Thứ ba,17:00,1481,23.4,104.0,OK
N01,Nút Hoà Thuận – Trung tâm,2026-09-08,Thứ ba,18:00,1215,25.7,76.0,OK
N01,Nút Hoà Thuận – Trung tâm,2026-09-08,Thứ ba,19:00,819,31.6,19.0,OK
N01,Nút Hoà Thuận – Trung tâm,2026-09-08,Thứ ba,20:00,631,35.6,0.0,OK
N01,Nút Hoà Thuận – Trung tâm,2026-09-08,Thứ ba,21:00,499,34.4,0.0,OK
N01,Nút Hoà Thuận – Trung tâm,2026-09-08,Thứ ba,22:00,297,38.0,0.0,OK
N01,Nút Hoà Thuận – Trung tâm,2026-09-08,Thứ ba,23:00,230,39.0,0.0,OK
N01,Nút Hoà Thuận – Trung tâm,2026-09-09,Thứ tư,00:00,158,37.8,0.0,OK
N01,Nút Hoà Thuận – Trung tâm,2026-09-09,Thứ tư,01:00,84,38.5,0.0,OK
N01,Nút Hoà Thuận – Trung tâm,2026-09-09,Thứ tư,02:00,76,40.4,0.0,OK
N01,Nút Hoà Thuận – Trung tâm,2026-09-09,Thứ tư,03:00,83,42.4,0.0,OK
N01,Nút Hoà Thuận – Trung tâm,2026-09-09,Thứ tư,04:00,227,41.1,0.0,OK
N01,Nút Hoà Thuận – Trung tâm,2026-09-09,Thứ tư,05:00,605,32.4,0.0,OK
N01,Nút Hoà Thuận – Trung tâm,2026-09-09,Thứ tư,06:00,1279,24.7,74.0,OK
N01,Nút Hoà Thuận – Trung tâm,2026-09-09,Thứ tư,07:00,1411,24.0,92.0,OK
N01,Nút Hoà Thuận – Trung tâm,2026-09-09,Thứ tư,08:00,1000,29.5,36.0,OK
N01,Nút Hoà Thuận – Trung tâm,2026-09-09,Thứ tư,09:00,823,32.5,20.0,OK
N01,Nút Hoà Thuận – Trung tâm,2026-09-09,Thứ tư,10:00,760,32.1,12.0,OK
N01,Nút Hoà Thuận – Trung tâm,2026-09-09,Thứ tư,11:00,883,31.9,26.0,OK
N01,Nút Hoà Thuận – Trung tâm,2026-09-09,Thứ tư,12:00,996,30.4,47.0,OK
N01,Nút Hoà Thuận – Trung tâm,2026-09-09,Thứ tư,13:00,699,34.0,4.0,OK
N01,Nút Hoà Thuận – Trung tâm,2026-09-09,Thứ tư,14:00,676,33.5,1.0,OK
N01,Nút Hoà Thuận – Trung tâm,2026-09-09,Thứ tư,15:00,877,29.9,23.0,OK
N01,Nút Hoà Thuận – Trung tâm,2026-09-09,Thứ tư,16:00,1099,27.9,54.0,OK
N01,Nút Hoà Thuận – Trung tâm,2026-09-09,Thứ tư,17:00,1352,24.9,88.0,OK
N01,Nút Hoà Thuận – Trung tâm,2026-09-09,Thứ tư,18:00,1316,24.5,80.0,OK
N01,Nút Hoà Thuận – Trung tâm,2026-09-09,Thứ tư,19:00,802,30.5,17.0,OK
N01,Nút Hoà Thuận – Trung tâm,2026-09-09,Thứ tư,20:00,588,35.0,0.0,OK
N01,Nút Hoà Thuận – Trung tâm,2026-09-09,Thứ tư,21:00,482,37.4,0.0,OK
N01,Nút Hoà Thuận – Trung tâm,2026-09-09,Thứ tư,22:00,356,35.9,0.0,OK
N01,Nút Hoà Thuận – Trung tâm,2026-09-09,Thứ tư,23:00,198,37.6,0.0,OK
N01,Nút Hoà Thuận – Trung tâm,2026-09-10,Thứ năm,00:00,157,39.1,0.0,OK
N01,Nút Hoà Thuận – Trung tâm,2026-09-10,Thứ năm,01:00,86,41.2,0.0,OK
N01,Nút Hoà Thuận – Trung tâm,2026-09-10,Thứ năm,02:00,81,43.1,0.0,OK
N01,Nút Hoà Thuận – Trung tâm,2026-09-10,Thứ năm,03:00,93,41.5,0.0,OK
N01,Nút Hoà Thuận – Trung tâm,2026-09-10,Thứ năm,04:00,203,39.6,0.0,OK
N01,Nút Hoà Thuận – Trung tâm,2026-09-10,Thứ năm,05:00,617,33.0,0.0,OK
N01,Nút Hoà Thuận – Trung tâm,2026-09-10,Thứ năm,06:00,1379,23.9,98.0,OK
N01,Nút Hoà Thuận – Trung tâm,2026-09-10,Thứ năm,07:00,1639,21.7,133.0,OK
N01,Nút Hoà Thuận – Trung tâm,2026-09-10,Thứ năm,08:00,1171,27.7,58.0,OK
N01,Nút Hoà Thuận – Trung tâm,2026-09-10,Thứ năm,09:00,790,33.2,16.0,OK
N01,Nút Hoà Thuận – Trung tâm,2026-09-10,Thứ năm,10:00,817,33.2,18.0,OK
N01,Nút Hoà Thuận – Trung tâm,2026-09-10,Thứ năm,11:00,908,28.6,34.0,OK
N01,Nút Hoà Thuận – Trung tâm,2026-09-10,Thứ năm,12:00,917,30.3,29.0,OK
N01,Nút Hoà Thuận – Trung tâm,2026-09-10,Thứ năm,13:00,796,33.1,14.0,OK
N01,Nút Hoà Thuận – Trung tâm,2026-09-10,Thứ năm,14:00,762,32.7,13.0,OK
N01,Nút Hoà Thuận – Trung tâm,2026-09-10,Thứ năm,15:00,905,29.4,29.0,OK
N01,Nút Hoà Thuận – Trung tâm,2026-09-10,Thứ năm,16:00,1357,25.3,94.0,OK
N01,Nút Hoà Thuận – Trung tâm,2026-09-10,Thứ năm,17:00,1536,22.7,106.0,OK
N01,Nút Hoà Thuận – Trung tâm,2026-09-10,Thứ năm,18:00,1229,27.1,78.0,OK
N01,Nút Hoà Thuận – Trung tâm,2026-09-10,Thứ năm,19:00,969,31.1,43.0,OK
N01,Nút Hoà Thuận – Trung tâm,2026-09-10,Thứ năm,20:00,708,33.0,5.0,OK
N01,Nút Hoà Thuận – Trung tâm,2026-09-10,Thứ năm,21:00,455,38.0,0.0,OK
N01,Nút Hoà Thuận – Trung tâm,2026-09-10,Thứ năm,22:00,340,39.4,0.0,OK
N01,Nút Hoà Thuận – Trung tâm,2026-09-10,Thứ năm,23:00,210,40.3,0.0,OK
N01,Nút Hoà Thuận – Trung tâm,2026-09-11,Thứ sáu,00:00,152,39.6,0.0,OK
N01,Nút Hoà Thuận – Trung tâm,2026-09-11,Thứ sáu,01:00,105,39.7,0.0,OK
N01,Nút Hoà Thuận – Trung tâm,2026-09-11,Thứ sáu,02:00,80,41.9,0.0,OK
N01,Nút Hoà Thuận – Trung tâm,2026-09-11,Thứ sáu,03:00,101,43.0,0.0,OK
N01,Nút Hoà Thuận – Trung tâm,2026-09-11,Thứ sáu,04:00,225,38.8,0.0,OK
N01,Nút Hoà Thuận – Trung tâm,2026-09-11,Thứ sáu,05:00,552,35.8,0.0,OK
N01,Nút Hoà Thuận – Trung tâm,2026-09-11,Thứ sáu,06:00,1471,22.5,115.0,OK
N01,Nút Hoà Thuận – Trung tâm,2026-09-11,Thứ sáu,07:00,1453,23.5,96.0,OK
N01,Nút Hoà Thuận – Trung tâm,2026-09-11,Thứ sáu,08:00,1256,26.2,82.0,OK
N01,Nút Hoà Thuận – Trung tâm,2026-09-11,Thứ sáu,09:00,931,29.2,29.0,OK
N01,Nút Hoà Thuận – Trung tâm,2026-09-11,Thứ sáu,10:00,732,31.1,8.0,OK
N01,Nút Hoà Thuận – Trung tâm,2026-09-11,Thứ sáu,11:00,939,29.7,32.0,OK
N01,Nút Hoà Thuận – Trung tâm,2026-09-11,Thứ sáu,12:00,906,28.9,26.0,OK
N01,Nút Hoà Thuận – Trung tâm,2026-09-11,Thứ sáu,13:00,803,32.7,19.0,OK
N01,Nút Hoà Thuận – Trung tâm,2026-09-11,Thứ sáu,14:00,763,33.6,12.0,OK
N01,Nút Hoà Thuận – Trung tâm,2026-09-11,Thứ sáu,15:00,920,30.4,29.0,OK
N01,Nút Hoà Thuận – Trung tâm,2026-09-11,Thứ sáu,16:00,1337,24.3,90.0,OK
N01,Nút Hoà Thuận – Trung tâm,2026-09-11,Thứ sáu,17:00,1639,20.7,117.0,OK
N01,Nút Hoà Thuận – Trung tâm,2026-09-11,Thứ sáu,18:00,1274,25.2,71.0,OK
N01,Nút Hoà Thuận – Trung tâm,2026-09-11,Thứ sáu,19:00,908,29.0,33.0,OK
N01,Nút Hoà Thuận – Trung tâm,2026-09-11,Thứ sáu,20:00,693,33.6,4.0,OK
N01,Nút Hoà Thuận – Trung tâm,2026-09-11,Thứ sáu,21:00,551,36.3,0.0,OK
N01,Nút Hoà Thuận – Trung tâm,2026-09-11,Thứ sáu,22:00,355,38.7,0.0,OK
N01,Nút Hoà Thuận – Trung tâm,2026-09-11,Thứ sáu,23:00,208,41.3,0.0,OK
N01,Nút Hoà Thuận – Trung tâm,2026-09-12,Thứ bảy,00:00,137,42.4,0.0,OK
N01,Nút Hoà Thuận – Trung tâm,2026-09-12,Thứ bảy,01:00,79,43.1,0.0,OK
N01,Nút Hoà Thuận – Trung tâm,2026-09-12,Thứ bảy,02:00,67,42.0,0.0,OK
N01,Nút Hoà Thuận – Trung tâm,2026-09-12,Thứ bảy,03:00,75,41.9,0.0,OK
N01,Nút Hoà Thuận – Trung tâm,2026-09-12,Thứ bảy,04:00,172,41.1,0.0,OK
N01,Nút Hoà Thuận – Trung tâm,2026-09-12,Thứ bảy,05:00,441,38.3,0.0,OK
N01,Nút Hoà Thuận – Trung tâm,2026-09-12,Thứ bảy,06:00,1124,28.9,60.0,OK
N01,Nút Hoà Thuận – Trung tâm,2026-09-12,Thứ bảy,07:00,1310,25.8,69.0,OK
N01,Nút Hoà Thuận – Trung tâm,2026-09-12,Thứ bảy,08:00,920,30.1,27.0,OK
N01,Nút Hoà Thuận – Trung tâm,2026-09-12,Thứ bảy,09:00,703,33.5,5.0,OK
N01,Nút Hoà Thuận – Trung tâm,2026-09-12,Thứ bảy,10:00,658,35.4,0.0,OK
N01,Nút Hoà Thuận – Trung tâm,2026-09-12,Thứ bảy,11:00,741,30.7,11.0,OK
N01,Nút Hoà Thuận – Trung tâm,2026-09-12,Thứ bảy,12:00,792,31.0,14.0,OK
N01,Nút Hoà Thuận – Trung tâm,2026-09-12,Thứ bảy,13:00,660,34.0,0.0,OK
N01,Nút Hoà Thuận – Trung tâm,2026-09-12,Thứ bảy,14:00,595,32.4,0.0,OK
N01,Nút Hoà Thuận – Trung tâm,2026-09-12,Thứ bảy,15:00,773,31.1,14.0,OK
N01,Nút Hoà Thuận – Trung tâm,2026-09-12,Thứ bảy,16:00,1083,28.0,49.0,OK
N01,Nút Hoà Thuận – Trung tâm,2026-09-12,Thứ bảy,17:00,1368,24.7,89.0,OK
N01,Nút Hoà Thuận – Trung tâm,2026-09-12,Thứ bảy,18:00,1197,27.9,75.0,OK
N01,Nút Hoà Thuận – Trung tâm,2026-09-12,Thứ bảy,19:00,751,32.5,12.0,OK
N01,Nút Hoà Thuận – Trung tâm,2026-09-12,Thứ bảy,20:00,557,33.7,0.0,OK
N01,Nút Hoà Thuận – Trung tâm,2026-09-12,Thứ bảy,21:00,375,35.3,0.0,OK
N01,Nút Hoà Thuận – Trung tâm,2026-09-12,Thứ bảy,22:00,256,37.7,0.0,OK
N01,Nút Hoà Thuận – Trung tâm,2026-09-12,Thứ bảy,23:00,190,38.9,0.0,OK
N01,Nút Hoà Thuận – Trung tâm,2026-09-13,Chủ nhật,00:00,99,40.8,0.0,OK
N01,Nút Hoà Thuận – Trung tâm,2026-09-13,Chủ nhật,01:00,61,42.7,0.0,OK
N01,Nút Hoà Thuận – Trung tâm,2026-09-13,Chủ nhật,02:00,52,40.0,0.0,OK
N01,Nút Hoà Thuận – Trung tâm,2026-09-13,Chủ nhật,03:00,61,40.9,0.0,OK
N01,Nút Hoà Thuận – Trung tâm,2026-09-13,Chủ nhật,04:00,130,42.1,0.0,OK
N01,Nút Hoà Thuận – Trung tâm,2026-09-13,Chủ nhật,05:00,349,35.5,0.0,OK
N01,Nút Hoà Thuận – Trung tâm,2026-09-13,Chủ nhật,06:00,914,31.8,33.0,OK
N01,Nút Hoà Thuận – Trung tâm,2026-09-13,Chủ nhật,07:00,956,29.8,35.0,OK
N01,Nút Hoà Thuận – Trung tâm,2026-09-13,Chủ nhật,08:00,707,33.5,5.0,OK
N01,Nút Hoà Thuận – Trung tâm,2026-09-13,Chủ nhật,09:00,556,35.7,0.0,OK
N01,Nút Hoà Thuận – Trung tâm,2026-09-13,Chủ nhật,10:00,516,33.6,0.0,OK
N01,Nút Hoà Thuận – Trung tâm,2026-09-13,Chủ nhật,11:00,525,34.3,0.0,OK
N01,Nút Hoà Thuận – Trung tâm,2026-09-13,Chủ nhật,12:00,639,35.0,0.0,OK
N01,Nút Hoà Thuận – Trung tâm,2026-09-13,Chủ nhật,13:00,509,37.3,0.0,OK
N01,Nút Hoà Thuận – Trung tâm,2026-09-13,Chủ nhật,14:00,493,35.2,0.0,OK
N01,Nút Hoà Thuận – Trung tâm,2026-09-13,Chủ nhật,15:00,542,33.9,0.0,OK
N01,Nút Hoà Thuận – Trung tâm,2026-09-13,Chủ nhật,16:00,869,31.1,26.0,OK
N01,Nút Hoà Thuận – Trung tâm,2026-09-13,Chủ nhật,17:00,909,29.3,33.0,OK
N01,Nút Hoà Thuận – Trung tâm,2026-09-13,Chủ nhật,18:00,831,29.7,18.0,OK
N01,Nút Hoà Thuận – Trung tâm,2026-09-13,Chủ nhật,19:00,544,35.0,0.0,OK
N01,Nút Hoà Thuận – Trung tâm,2026-09-13,Chủ nhật,20:00,473,33.7,0.0,OK
N01,Nút Hoà Thuận – Trung tâm,2026-09-13,Chủ nhật,21:00,327,38.9,0.0,OK
N01,Nút Hoà Thuận – Trung tâm,2026-09-13,Chủ nhật,22:00,236,40.9,0.0,OK
N01,Nút Hoà Thuận – Trung tâm,2026-09-13,Chủ nhật,23:00,134,41.2,0.0,OK
N02,Nút Tân Hoà – Chợ,2026-09-07,Thứ hai,00:00,189,40.5,0.0,OK
N02,Nút Tân Hoà – Chợ,2026-09-07,Thứ hai,01:00,106,40.6,0.0,OK
N02,Nút Tân Hoà – Chợ,2026-09-07,Thứ hai,02:00,91,40.8,0.0,OK
N02,Nút Tân Hoà – Chợ,2026-09-07,Thứ hai,03:00,106,41.3,0.0,OK
N02,Nút Tân Hoà – Chợ,2026-09-07,Thứ hai,04:00,243,36.5,0.0,OK
N02,Nút Tân Hoà – Chợ,2026-09-07,Thứ hai,05:00,670,34.9,1.0,OK
N02,Nút Tân Hoà – Chợ,2026-09-07,Thứ hai,06:00,1643,20.4,124.0,OK
N02,Nút Tân Hoà – Chợ,2026-09-07,Thứ hai,07:00,1670,20.5,128.0,OK
N02,Nút Tân Hoà – Chợ,2026-09-07,Thứ hai,08:00,1345,24.0,72.0,OK
N02,Nút Tân Hoà – Chợ,2026-09-07,Thứ hai,09:00,885,31.0,31.0,OK
N02,Nút Tân Hoà – Chợ,2026-09-07,Thứ hai,10:00,854,31.4,24.0,OK
N02,Nút Tân Hoà – Chợ,2026-09-07,Thứ hai,11:00,1025,29.8,52.0,OK
N02,Nút Tân Hoà – Chợ,2026-09-07,Thứ hai,12:00,1034,29.9,43.0,OK
N02,Nút Tân Hoà – Chợ,2026-09-07,Thứ hai,13:00,2117,30.6,32.0,Nghi ngờ
N02,Nút Tân Hoà – Chợ,2026-09-07,Thứ hai,14:00,819,30.8,17.0,OK
N02,Nút Tân Hoà – Chợ,2026-09-07,Thứ hai,15:00,1051,27.0,52.0,OK
N02,Nút Tân Hoà – Chợ,2026-09-07,Thứ hai,16:00,1363,24.4,92.0,OK
N02,Nút Tân Hoà – Chợ,2026-09-07,Thứ hai,17:00,1863,16.9,171.0,OK
N02,Nút Tân Hoà – Chợ,2026-09-07,Thứ hai,18:00,1641,20.7,123.0,OK
N02,Nút Tân Hoà – Chợ,2026-09-07,Thứ hai,19:00,1056,28.9,55.0,OK
N02,Nút Tân Hoà – Chợ,2026-09-07,Thứ hai,20:00,815,29.6,18.0,OK
N02,Nút Tân Hoà – Chợ,2026-09-07,Thứ hai,21:00,612,34.2,0.0,OK
N02,Nút Tân Hoà – Chợ,2026-09-07,Thứ hai,22:00,381,35.1,0.0,OK
N02,Nút Tân Hoà – Chợ,2026-09-07,Thứ hai,23:00,260,39.6,0.0,OK
N02,Nút Tân Hoà – Chợ,2026-09-08,Thứ ba,00:00,182,38.3,0.0,OK
N02,Nút Tân Hoà – Chợ,2026-09-08,Thứ ba,01:00,99,42.6,0.0,OK
N02,Nút Tân Hoà – Chợ,2026-09-08,Thứ ba,02:00,91,43.0,0.0,OK
N02,Nút Tân Hoà – Chợ,2026-09-08,Thứ ba,03:00,105,41.2,0.0,OK
N02,Nút Tân Hoà – Chợ,2026-09-08,Thứ ba,04:00,236,40.3,0.0,OK
N02,Nút Tân Hoà – Chợ,2026-09-08,Thứ ba,05:00,665,33.2,0.0,OK
N02,Nút Tân Hoà – Chợ,2026-09-08,Thứ ba,06:00,1434,23.1,107.0,OK
N02,Nút Tân Hoà – Chợ,2026-09-08,Thứ ba,07:00,1802,18.6,152.0,OK
N02,Nút Tân Hoà – Chợ,2026-09-08,Thứ ba,08:00,1275,24.3,65.0,OK
N02,Nút Tân Hoà – Chợ,2026-09-08,Thứ ba,09:00,921,30.7,30.0,OK
N02,Nút Tân Hoà – Chợ,2026-09-08,Thứ ba,10:00,912,29.9,32.0,OK
N02,Nút Tân Hoà – Chợ,2026-09-08,Thứ ba,11:00,1036,29.9,42.0,OK
N02,Nút Tân Hoà – Chợ,2026-09-08,Thứ ba,12:00,2698,28.6,53.0,Nghi ngờ
N02,Nút Tân Hoà – Chợ,2026-09-08,Thứ ba,13:00,958,29.5,40.0,OK
N02,Nút Tân Hoà – Chợ,2026-09-08,Thứ ba,14:00,772,31.9,15.0,OK
N02,Nút Tân Hoà – Chợ,2026-09-08,Thứ ba,15:00,1060,27.9,53.0,OK
N02,Nút Tân Hoà – Chợ,2026-09-08,Thứ ba,16:00,1502,22.0,107.0,OK
N02,Nút Tân Hoà – Chợ,2026-09-08,Thứ ba,17:00,1673,20.2,126.0,OK
N02,Nút Tân Hoà – Chợ,2026-09-08,Thứ ba,18:00,1616,22.2,130.0,OK
N02,Nút Tân Hoà – Chợ,2026-09-08,Thứ ba,19:00,1091,27.4,54.0,OK
N02,Nút Tân Hoà – Chợ,2026-09-08,Thứ ba,20:00,681,34.3,2.0,OK
N02,Nút Tân Hoà – Chợ,2026-09-08,Thứ ba,21:00,567,36.6,0.0,OK
N02,Nút Tân Hoà – Chợ,2026-09-08,Thứ ba,22:00,377,38.7,0.0,OK
N02,Nút Tân Hoà – Chợ,2026-09-08,Thứ ba,23:00,235,40.7,0.0,OK
N02,Nút Tân Hoà – Chợ,2026-09-09,Thứ tư,00:00,182,40.6,0.0,OK
N02,Nút Tân Hoà – Chợ,2026-09-09,Thứ tư,01:00,97,41.2,0.0,OK
N02,Nút Tân Hoà – Chợ,2026-09-09,Thứ tư,02:00,83,41.2,0.0,OK
N02,Nút Tân Hoà – Chợ,2026-09-09,Thứ tư,03:00,104,41.4,0.0,OK
N02,Nút Tân Hoà – Chợ,2026-09-09,Thứ tư,04:00,234,36.7,0.0,OK
N02,Nút Tân Hoà – Chợ,2026-09-09,Thứ tư,05:00,669,33.1,0.0,OK
N02,Nút Tân Hoà – Chợ,2026-09-09,Thứ tư,06:00,1549,22.8,96.0,OK
N02,Nút Tân Hoà – Chợ,2026-09-09,Thứ tư,07:00,1690,20.8,143.0,OK
N02,Nút Tân Hoà – Chợ,2026-09-09,Thứ tư,08:00,1356,23.2,77.0,OK
N02,Nút Tân Hoà – Chợ,2026-09-09,Thứ tư,09:00,896,30.4,32.0,OK
N02,Nút Tân Hoà – Chợ,2026-09-09,Thứ tư,10:00,877,31.5,24.0,OK
N02,Nút Tân Hoà – Chợ,2026-09-09,Thứ tư,11:00,952,31.3,39.0,OK
N02,Nút Tân Hoà – Chợ,2026-09-09,Thứ tư,12:00,1054,27.4,53.0,OK
N02,Nút Tân Hoà – Chợ,2026-09-09,Thứ tư,13:00,791,31.0,17.0,OK
N02,Nút Tân Hoà – Chợ,2026-09-09,Thứ tư,14:00,826,29.4,21.0,OK
N02,Nút Tân Hoà – Chợ,2026-09-09,Thứ tư,15:00,1045,29.9,51.0,OK
N02,Nút Tân Hoà – Chợ,2026-09-09,Thứ tư,16:00,1445,22.6,97.0,OK
N02,Nút Tân Hoà – Chợ,2026-09-09,Thứ tư,17:00,1779,18.7,137.0,OK
N02,Nút Tân Hoà – Chợ,2026-09-09,Thứ tư,18:00,1405,22.7,82.0,OK
N02,Nút Tân Hoà – Chợ,2026-09-09,Thứ tư,19:00,999,28.6,41.0,OK
N02,Nút Tân Hoà – Chợ,2026-09-09,Thứ tư,20:00,705,33.1,6.0,OK
N02,Nút Tân Hoà – Chợ,2026-09-09,Thứ tư,21:00,517,33.7,0.0,OK
N02,Nút Tân Hoà – Chợ,2026-09-09,Thứ tư,22:00,377,39.1,0.0,OK
N02,Nút Tân Hoà – Chợ,2026-09-09,Thứ tư,23:00,237,37.3,0.0,OK
N02,Nút Tân Hoà – Chợ,2026-09-10,Thứ năm,00:00,182,41.8,0.0,OK
N02,Nút Tân Hoà – Chợ,2026-09-10,Thứ năm,01:00,113,40.3,0.0,OK
N02,Nút Tân Hoà – Chợ,2026-09-10,Thứ năm,02:00,83,40.8,0.0,OK
N02,Nút Tân Hoà – Chợ,2026-09-10,Thứ năm,03:00,96,40.5,0.0,OK
N02,Nút Tân Hoà – Chợ,2026-09-10,Thứ năm,04:00,217,39.1,0.0,OK
N02,Nút Tân Hoà – Chợ,2026-09-10,Thứ năm,05:00,683,31.4,2.0,OK
N02,Nút Tân Hoà – Chợ,2026-09-10,Thứ năm,06:00,1572,20.4,109.0,OK
N02,Nút Tân Hoà – Chợ,2026-09-10,Thứ năm,07:00,1738,20.4,116.0,OK
N02,Nút Tân Hoà – Chợ,2026-09-10,Thứ năm,08:00,1272,24.5,83.0,OK
N02,Nút Tân Hoà – Chợ,2026-09-10,Thứ năm,09:00,934,29.7,29.0,OK
N02,Nút Tân Hoà – Chợ,2026-09-10,Thứ năm,10:00,902,29.6,27.0,OK
N02,Nút Tân Hoà – Chợ,2026-09-10,Thứ năm,11:00,1010,27.2,38.0,OK
N02,Nút Tân Hoà – Chợ,2026-09-10,Thứ năm,12:00,1038,27.7,46.0,OK
N02,Nút Tân Hoà – Chợ,2026-09-10,Thứ năm,13:00,963,30.1,35.0,OK
N02,Nút Tân Hoà – Chợ,2026-09-10,Thứ năm,14:00,856,31.4,24.0,OK
N02,Nút Tân Hoà – Chợ,2026-09-10,Thứ năm,15:00,1042,28.6,45.0,OK
N02,Nút Tân Hoà – Chợ,2026-09-10,Thứ năm,16:00,1494,23.9,112.0,OK
N02,Nút Tân Hoà – Chợ,2026-09-10,Thứ năm,17:00,1591,20.5,113.0,OK
N02,Nút Tân Hoà – Chợ,2026-09-10,Thứ năm,18:00,1429,23.1,102.0,OK
N02,Nút Tân Hoà – Chợ,2026-09-10,Thứ năm,19:00,1118,28.5,61.0,OK
N02,Nút Tân Hoà – Chợ,2026-09-10,Thứ năm,20:00,776,33.2,13.0,OK
N02,Nút Tân Hoà – Chợ,2026-09-10,Thứ năm,21:00,561,33.3,0.0,OK
N02,Nút Tân Hoà – Chợ,2026-09-10,Thứ năm,22:00,353,36.7,0.0,OK
N02,Nút Tân Hoà – Chợ,2026-09-10,Thứ năm,23:00,263,39.3,0.0,OK
N02,Nút Tân Hoà – Chợ,2026-09-11,Thứ sáu,00:00,173,38.8,0.0,OK
N02,Nút Tân Hoà – Chợ,2026-09-11,Thứ sáu,01:00,109,38.9,0.0,OK
N02,Nút Tân Hoà – Chợ,2026-09-11,Thứ sáu,02:00,96,39.2,0.0,OK
N02,Nút Tân Hoà – Chợ,2026-09-11,Thứ sáu,03:00,109,40.3,0.0,OK
N02,Nút Tân Hoà – Chợ,2026-09-11,Thứ sáu,04:00,275,38.2,0.0,OK
N02,Nút Tân Hoà – Chợ,2026-09-11,Thứ sáu,05:00,741,33.7,9.0,OK
N02,Nút Tân Hoà – Chợ,2026-09-11,Thứ sáu,06:00,1593,22.1,130.0,OK
N02,Nút Tân Hoà – Chợ,2026-09-11,Thứ sáu,07:00,1709,20.0,123.0,OK
N02,Nút Tân Hoà – Chợ,2026-09-11,Thứ sáu,08:00,1398,23.4,97.0,OK
N02,Nút Tân Hoà – Chợ,2026-09-11,Thứ sáu,09:00,1075,29.3,57.0,OK
N02,Nút Tân Hoà – Chợ,2026-09-11,Thứ sáu,10:00,943,30.0,39.0,OK
N02,Nút Tân Hoà – Chợ,2026-09-11,Thứ sáu,11:00,971,27.7,38.0,OK
N02,Nút Tân Hoà – Chợ,2026-09-11,Thứ sáu,12:00,1107,26.1,63.0,OK
N02,Nút Tân Hoà – Chợ,2026-09-11,Thứ sáu,13:00,950,29.7,32.0,OK
N02,Nút Tân Hoà – Chợ,2026-09-11,Thứ sáu,14:00,932,30.7,31.0,OK
N02,Nút Tân Hoà – Chợ,2026-09-11,Thứ sáu,15:00,1077,29.4,55.0,OK
N02,Nút Tân Hoà – Chợ,2026-09-11,Thứ sáu,16:00,1424,24.6,109.0,OK
N02,Nút Tân Hoà – Chợ,2026-09-11,Thứ sáu,17:00,1785,19.2,132.0,OK
N02,Nút Tân Hoà – Chợ,2026-09-11,Thứ sáu,18:00,1500,21.8,95.0,OK
N02,Nút Tân Hoà – Chợ,2026-09-11,Thứ sáu,19:00,1094,27.1,58.0,OK
N02,Nút Tân Hoà – Chợ,2026-09-11,Thứ sáu,20:00,1867,32.1,9.0,Nghi ngờ
N02,Nút Tân Hoà – Chợ,2026-09-11,Thứ sáu,21:00,621,35.2,0.0,OK
N02,Nút Tân Hoà – Chợ,2026-09-11,Thứ sáu,22:00,390,37.4,0.0,OK
N02,Nút Tân Hoà – Chợ,2026-09-11,Thứ sáu,23:00,268,39.2,0.0,OK
N02,Nút Tân Hoà – Chợ,2026-09-12,Thứ bảy,00:00,147,38.8,0.0,OK
N02,Nút Tân Hoà – Chợ,2026-09-12,Thứ bảy,01:00,84,38.9,0.0,OK
N02,Nút Tân Hoà – Chợ,2026-09-12,Thứ bảy,02:00,74,39.3,0.0,OK
N02,Nút Tân Hoà – Chợ,2026-09-12,Thứ bảy,03:00,80,42.9,0.0,OK
N02,Nút Tân Hoà – Chợ,2026-09-12,Thứ bảy,04:00,217,40.1,0.0,OK
N02,Nút Tân Hoà – Chợ,2026-09-12,Thứ bảy,05:00,494,36.2,0.0,OK
N02,Nút Tân Hoà – Chợ,2026-09-12,Thứ bảy,06:00,1308,24.7,88.0,OK
N02,Nút Tân Hoà – Chợ,2026-09-12,Thứ bảy,07:00,1415,23.7,92.0,OK
N02,Nút Tân Hoà – Chợ,2026-09-12,Thứ bảy,08:00,1031,28.9,42.0,OK
N02,Nút Tân Hoà – Chợ,2026-09-12,Thứ bảy,09:00,788,32.0,15.0,OK
N02,Nút Tân Hoà – Chợ,2026-09-12,Thứ bảy,10:00,714,32.4,5.0,OK
N02,Nút Tân Hoà – Chợ,2026-09-12,Thứ bảy,11:00,798,31.1,16.0,OK
N02,Nút Tân Hoà – Chợ,2026-09-12,Thứ bảy,12:00,879,31.6,24.0,OK
N02,Nút Tân Hoà – Chợ,2026-09-12,Thứ bảy,13:00,801,31.0,17.0,OK
N02,Nút Tân Hoà – Chợ,2026-09-12,Thứ bảy,14:00,778,30.5,13.0,OK
N02,Nút Tân Hoà – Chợ,2026-09-12,Thứ bảy,15:00,794,29.9,16.0,OK
N02,Nút Tân Hoà – Chợ,2026-09-12,Thứ bảy,16:00,1109,29.0,60.0,OK
N02,Nút Tân Hoà – Chợ,2026-09-12,Thứ bảy,17:00,1467,23.4,92.0,OK
N02,Nút Tân Hoà – Chợ,2026-09-12,Thứ bảy,18:00,1294,24.6,88.0,OK
N02,Nút Tân Hoà – Chợ,2026-09-12,Thứ bảy,19:00,879,29.2,23.0,OK
N02,Nút Tân Hoà – Chợ,2026-09-12,Thứ bảy,20:00,593,34.0,0.0,OK
N02,Nút Tân Hoà – Chợ,2026-09-12,Thứ bảy,21:00,471,34.5,0.0,OK
N02,Nút Tân Hoà – Chợ,2026-09-12,Thứ bảy,22:00,334,38.5,0.0,OK
N02,Nút Tân Hoà – Chợ,2026-09-12,Thứ bảy,23:00,189,38.8,0.0,OK
N02,Nút Tân Hoà – Chợ,2026-09-13,Chủ nhật,00:00,123,41.9,0.0,OK
N02,Nút Tân Hoà – Chợ,2026-09-13,Chủ nhật,01:00,70,43.4,0.0,OK
N02,Nút Tân Hoà – Chợ,2026-09-13,Chủ nhật,02:00,58,42.0,0.0,OK
N02,Nút Tân Hoà – Chợ,2026-09-13,Chủ nhật,03:00,73,42.7,0.0,OK
N02,Nút Tân Hoà – Chợ,2026-09-13,Chủ nhật,04:00,172,40.2,0.0,OK
N02,Nút Tân Hoà – Chợ,2026-09-13,Chủ nhật,05:00,452,36.8,0.0,OK
N02,Nút Tân Hoà – Chợ,2026-09-13,Chủ nhật,06:00,946,29.7,40.0,OK
N02,Nút Tân Hoà – Chợ,2026-09-13,Chủ nhật,07:00,1216,26.7,65.0,OK
N02,Nút Tân Hoà – Chợ,2026-09-13,Chủ nhật,08:00,833,31.0,18.0,OK
N02,Nút Tân Hoà – Chợ,2026-09-13,Chủ nhật,09:00,650,31.7,0.0,OK
N02,Nút Tân Hoà – Chợ,2026-09-13,Chủ nhật,10:00,548,35.7,0.0,OK
N02,Nút Tân Hoà – Chợ,2026-09-13,Chủ nhật,11:00,660,35.4,0.0,OK
N02,Nút Tân Hoà – Chợ,2026-09-13,Chủ nhật,12:00,758,31.0,10.0,OK
N02,Nút Tân Hoà – Chợ,2026-09-13,Chủ nhật,13:00,555,36.3,0.0,OK
N02,Nút Tân Hoà – Chợ,2026-09-13,Chủ nhật,14:00,518,33.4,0.0,OK
N02,Nút Tân Hoà – Chợ,2026-09-13,Chủ nhật,15:00,701,33.2,5.0,OK
N02,Nút Tân Hoà – Chợ,2026-09-13,Chủ nhật,16:00,964,30.4,35.0,OK
N02,Nút Tân Hoà – Chợ,2026-09-13,Chủ nhật,17:00,1134,28.4,51.0,OK
N02,Nút Tân Hoà – Chợ,2026-09-13,Chủ nhật,18:00,1042,27.2,49.0,OK
N02,Nút Tân Hoà – Chợ,2026-09-13,Chủ nhật,19:00,619,35.7,0.0,OK
N02,Nút Tân Hoà – Chợ,2026-09-13,Chủ nhật,20:00,536,35.5,0.0,OK
N02,Nút Tân Hoà – Chợ,2026-09-13,Chủ nhật,21:00,365,37.4,0.0,OK
N02,Nút Tân Hoà – Chợ,2026-09-13,Chủ nhật,22:00,248,39.0,0.0,OK
N02,Nút Tân Hoà – Chợ,2026-09-13,Chủ nhật,23:00,164,40.8,0.0,OK
N03,Nút Đông Giang – Cầu Mẫu,2026-09-07,Thứ hai,00:00,126,41.0,0.0,OK
N03,Nút Đông Giang – Cầu Mẫu,2026-09-07,Thứ hai,01:00,71,41.5,0.0,OK
N03,Nút Đông Giang – Cầu Mẫu,2026-09-07,Thứ hai,02:00,62,42.3,0.0,OK
N03,Nút Đông Giang – Cầu Mẫu,2026-09-07,Thứ hai,03:00,68,40.7,0.0,OK
N03,Nút Đông Giang – Cầu Mẫu,2026-09-07,Thứ hai,04:00,189,38.4,0.0,OK
N03,Nút Đông Giang – Cầu Mẫu,2026-09-07,Thứ hai,05:00,499,35.3,0.0,OK
N03,Nút Đông Giang – Cầu Mẫu,2026-09-07,Thứ hai,06:00,1021,25.1,85.0,OK
N03,Nút Đông Giang – Cầu Mẫu,2026-09-07,Thứ hai,07:00,1167,22.4,109.0,OK
N03,Nút Đông Giang – Cầu Mẫu,2026-09-07,Thứ hai,08:00,966,26.0,82.0,OK
N03,Nút Đông Giang – Cầu Mẫu,2026-09-07,Thứ hai,09:00,746,30.6,42.0,OK
N03,Nút Đông Giang – Cầu Mẫu,2026-09-07,Thứ hai,10:00,607,30.5,19.0,OK
N03,Nút Đông Giang – Cầu Mẫu,2026-09-07,Thứ hai,11:00,709,30.6,40.0,OK
N03,Nút Đông Giang – Cầu Mẫu,2026-09-07,Thứ hai,12:00,728,31.0,34.0,OK
N03,Nút Đông Giang – Cầu Mẫu,2026-09-07,Thứ hai,13:00,609,30.8,17.0,OK
N03,Nút Đông Giang – Cầu Mẫu,2026-09-07,Thứ hai,14:00,628,30.0,19.0,OK
N03,Nút Đông Giang – Cầu Mẫu,2026-09-07,Thứ hai,15:00,766,27.9,42.0,OK
N03,Nút Đông Giang – Cầu Mẫu,2026-09-07,Thứ hai,16:00,1018,25.3,87.0,OK
N03,Nút Đông Giang – Cầu Mẫu,2026-09-07,Thứ hai,17:00,1252,20.0,137.0,OK
N03,Nút Đông Giang – Cầu Mẫu,2026-09-07,Thứ hai,18:00,1047,24.3,95.0,OK
N03,Nút Đông Giang – Cầu Mẫu,2026-09-07,Thứ hai,19:00,772,28.2,42.0,OK
N03,Nút Đông Giang – Cầu Mẫu,2026-09-07,Thứ hai,20:00,512,33.2,2.0,OK
N03,Nút Đông Giang – Cầu Mẫu,2026-09-07,Thứ hai,21:00,408,34.9,0.0,OK
N03,Nút Đông Giang – Cầu Mẫu,2026-09-07,Thứ hai,22:00,250,39.4,0.0,OK
N03,Nút Đông Giang – Cầu Mẫu,2026-09-07,Thứ hai,23:00,183,38.7,0.0,OK
N03,Nút Đông Giang – Cầu Mẫu,2026-09-08,Thứ ba,00:00,119,41.6,0.0,OK
N03,Nút Đông Giang – Cầu Mẫu,2026-09-08,Thứ ba,01:00,80,39.1,0.0,OK
N03,Nút Đông Giang – Cầu Mẫu,2026-09-08,Thứ ba,02:00,65,42.7,0.0,OK
N03,Nút Đông Giang – Cầu Mẫu,2026-09-08,Thứ ba,03:00,67,39.7,0.0,OK
N03,Nút Đông Giang – Cầu Mẫu,2026-09-08,Thứ ba,04:00,164,39.7,0.0,OK
N03,Nút Đông Giang – Cầu Mẫu,2026-09-08,Thứ ba,05:00,511,33.6,2.0,OK
N03,Nút Đông Giang – Cầu Mẫu,2026-09-08,Thứ ba,06:00,1102,23.1,114.0,OK
N03,Nút Đông Giang – Cầu Mẫu,2026-09-08,Thứ ba,07:00,1163,23.2,120.0,OK
N03,Nút Đông Giang – Cầu Mẫu,2026-09-08,Thứ ba,08:00,976,24.1,76.0,OK
N03,Nút Đông Giang – Cầu Mẫu,2026-09-08,Thứ ba,09:00,711,31.1,38.0,OK
N03,Nút Đông Giang – Cầu Mẫu,2026-09-08,Thứ ba,10:00,1520,29.8,18.0,Nghi ngờ
N03,Nút Đông Giang – Cầu Mẫu,2026-09-08,Thứ ba,11:00,747,27.5,41.0,OK
N03,Nút Đông Giang – Cầu Mẫu,2026-09-08,Thứ ba,12:00,707,30.8,30.0,OK
N03,Nút Đông Giang – Cầu Mẫu,2026-09-08,Thứ ba,13:00,581,32.5,14.0,OK
N03,Nút Đông Giang – Cầu Mẫu,2026-09-08,Thứ ba,14:00,604,32.8,19.0,OK
N03,Nút Đông Giang – Cầu Mẫu,2026-09-08,Thứ ba,15:00,701,31.1,32.0,OK
N03,Nút Đông Giang – Cầu Mẫu,2026-09-08,Thứ ba,16:00,1040,22.9,95.0,OK
N03,Nút Đông Giang – Cầu Mẫu,2026-09-08,Thứ ba,17:00,1291,20.0,124.0,OK
N03,Nút Đông Giang – Cầu Mẫu,2026-09-08,Thứ ba,18:00,1121,21.3,111.0,OK
N03,Nút Đông Giang – Cầu Mẫu,2026-09-08,Thứ ba,19:00,710,30.0,35.0,OK
N03,Nút Đông Giang – Cầu Mẫu,2026-09-08,Thứ ba,20:00,495,33.8,0.0,OK
N03,Nút Đông Giang – Cầu Mẫu,2026-09-08,Thứ ba,21:00,365,36.6,0.0,OK
N03,Nút Đông Giang – Cầu Mẫu,2026-09-08,Thứ ba,22:00,293,38.5,0.0,OK
N03,Nút Đông Giang – Cầu Mẫu,2026-09-08,Thứ ba,23:00,155,38.9,0.0,OK
N03,Nút Đông Giang – Cầu Mẫu,2026-09-09,Thứ tư,00:00,130,38.3,0.0,OK
N03,Nút Đông Giang – Cầu Mẫu,2026-09-09,Thứ tư,01:00,73,39.5,0.0,OK
N03,Nút Đông Giang – Cầu Mẫu,2026-09-09,Thứ tư,02:00,59,40.0,0.0,OK
N03,Nút Đông Giang – Cầu Mẫu,2026-09-09,Thứ tư,03:00,67,40.6,0.0,OK
N03,Nút Đông Giang – Cầu Mẫu,2026-09-09,Thứ tư,04:00,157,40.9,0.0,OK
N03,Nút Đông Giang – Cầu Mẫu,2026-09-09,Thứ tư,05:00,444,32.4,0.0,OK
N03,Nút Đông Giang – Cầu Mẫu,2026-09-09,Thứ tư,06:00,1096,22.2,99.0,OK
N03,Nút Đông Giang – Cầu Mẫu,2026-09-09,Thứ tư,07:00,1114,23.1,105.0,OK
N03,Nút Đông Giang – Cầu Mẫu,2026-09-09,Thứ tư,08:00,911,26.1,67.0,OK
N03,Nút Đông Giang – Cầu Mẫu,2026-09-09,Thứ tư,09:00,640,29.3,25.0,OK
N03,Nút Đông Giang – Cầu Mẫu,2026-09-09,Thứ tư,10:00,663,29.4,29.0,OK
N03,Nút Đông Giang – Cầu Mẫu,2026-09-09,Thứ tư,11:00,659,28.8,24.0,OK
N03,Nút Đông Giang – Cầu Mẫu,2026-09-09,Thứ tư,12:00,701,29.9,38.0,OK
N03,Nút Đông Giang – Cầu Mẫu,2026-09-09,Thứ tư,13:00,658,32.3,26.0,OK
N03,Nút Đông Giang – Cầu Mẫu,2026-09-09,Thứ tư,14:00,606,31.7,19.0,OK
N03,Nút Đông Giang – Cầu Mẫu,2026-09-09,Thứ tư,15:00,653,31.0,25.0,OK
N03,Nút Đông Giang – Cầu Mẫu,2026-09-09,Thứ tư,16:00,944,25.7,82.0,OK
N03,Nút Đông Giang – Cầu Mẫu,2026-09-09,Thứ tư,17:00,1137,23.2,115.0,OK
N03,Nút Đông Giang – Cầu Mẫu,2026-09-09,Thứ tư,18:00,1072,24.3,103.0,OK
N03,Nút Đông Giang – Cầu Mẫu,2026-09-09,Thứ tư,19:00,770,29.0,47.0,OK
N03,Nút Đông Giang – Cầu Mẫu,2026-09-09,Thứ tư,20:00,557,32.6,10.0,OK
N03,Nút Đông Giang – Cầu Mẫu,2026-09-09,Thứ tư,21:00,417,34.3,0.0,OK
N03,Nút Đông Giang – Cầu Mẫu,2026-09-09,Thứ tư,22:00,287,35.6,0.0,OK
N03,Nút Đông Giang – Cầu Mẫu,2026-09-09,Thứ tư,23:00,164,39.3,0.0,OK
N03,Nút Đông Giang – Cầu Mẫu,2026-09-10,Thứ năm,00:00,97,40.1,0.0,OK
N03,Nút Đông Giang – Cầu Mẫu,2026-09-10,Thứ năm,01:00,65,41.0,0.0,OK
N03,Nút Đông Giang – Cầu Mẫu,2026-09-10,Thứ năm,02:00,48,43.2,0.0,OK
N03,Nút Đông Giang – Cầu Mẫu,2026-09-10,Thứ năm,03:00,57,41.9,0.0,OK
N03,Nút Đông Giang – Cầu Mẫu,2026-09-10,Thứ năm,04:00,140,40.6,0.0,OK
N03,Nút Đông Giang – Cầu Mẫu,2026-09-10,Thứ năm,05:00,407,35.3,0.0,OK
N03,Nút Đông Giang – Cầu Mẫu,2026-09-10,Thứ năm,06:00,813,28.7,56.0,OK
N03,Nút Đông Giang – Cầu Mẫu,2026-09-10,Thứ năm,07:00,944,26.9,82.0,OK
N03,Nút Đông Giang – Cầu Mẫu,2026-09-10,Thứ năm,08:00,774,28.8,44.0,OK
N03,Nút Đông Giang – Cầu Mẫu,2026-09-10,Thứ năm,09:00,547,32.2,9.0,OK
N03,Nút Đông Giang – Cầu Mẫu,2026-09-10,Thứ năm,10:00,507,33.2,1.0,OK
N03,Nút Đông Giang – Cầu Mẫu,2026-09-10,Thứ năm,11:00,569,33.4,10.0,OK
N03,Nút Đông Giang – Cầu Mẫu,2026-09-10,Thứ năm,12:00,1298,31.1,13.0,Nghi ngờ
N03,Nút Đông Giang – Cầu Mẫu,2026-09-10,Thứ năm,13:00,548,32.0,7.0,OK
N03,Nút Đông Giang – Cầu Mẫu,2026-09-10,Thứ năm,14:00,551,31.9,8.0,OK
N03,Nút Đông Giang – Cầu Mẫu,2026-09-10,Thứ năm,15:00,624,30.4,18.0,OK
N03,Nút Đông Giang – Cầu Mẫu,2026-09-10,Thứ năm,16:00,777,29.7,48.0,OK
N03,Nút Đông Giang – Cầu Mẫu,2026-09-10,Thứ năm,17:00,1096,23.1,90.0,OK
N03,Nút Đông Giang – Cầu Mẫu,2026-09-10,Thứ năm,18:00,838,25.9,58.0,OK
N03,Nút Đông Giang – Cầu Mẫu,2026-09-10,Thứ năm,19:00,604,33.4,19.0,OK
N03,Nút Đông Giang – Cầu Mẫu,2026-09-10,Thứ năm,20:00,461,34.4,0.0,OK
N03,Nút Đông Giang – Cầu Mẫu,2026-09-10,Thứ năm,21:00,352,37.7,0.0,OK
N03,Nút Đông Giang – Cầu Mẫu,2026-09-10,Thứ năm,22:00,228,39.6,0.0,OK
N03,Nút Đông Giang – Cầu Mẫu,2026-09-10,Thứ năm,23:00,133,41.2,0.0,OK
N03,Nút Đông Giang – Cầu Mẫu,2026-09-11,Thứ sáu,00:00,104,39.3,0.0,OK
N03,Nút Đông Giang – Cầu Mẫu,2026-09-11,Thứ sáu,01:00,62,43.1,0.0,OK
N03,Nút Đông Giang – Cầu Mẫu,2026-09-11,Thứ sáu,02:00,51,41.5,0.0,OK
N03,Nút Đông Giang – Cầu Mẫu,2026-09-11,Thứ sáu,03:00,65,42.0,0.0,OK
N03,Nút Đông Giang – Cầu Mẫu,2026-09-11,Thứ sáu,04:00,151,40.9,0.0,OK
N03,Nút Đông Giang – Cầu Mẫu,2026-09-11,Thứ sáu,05:00,385,36.5,0.0,OK
N03,Nút Đông Giang – Cầu Mẫu,2026-09-11,Thứ sáu,06:00,948,24.5,72.0,OK
N03,Nút Đông Giang – Cầu Mẫu,2026-09-11,Thứ sáu,07:00,1017,24.5,95.0,OK
N03,Nút Đông Giang – Cầu Mẫu,2026-09-11,Thứ sáu,08:00,769,30.2,41.0,OK
N03,Nút Đông Giang – Cầu Mẫu,2026-09-11,Thứ sáu,09:00,615,31.6,18.0,OK
N03,Nút Đông Giang – Cầu Mẫu,2026-09-11,Thứ sáu,10:00,525,33.8,4.0,OK
N03,Nút Đông Giang – Cầu Mẫu,2026-09-11,Thứ sáu,11:00,577,32.6,12.0,OK
N03,Nút Đông Giang – Cầu Mẫu,2026-09-11,Thứ sáu,12:00,723,28.8,33.0,OK
N03,Nút Đông Giang – Cầu Mẫu,2026-09-11,Thứ sáu,13:00,504,31.9,1.0,OK
N03,Nút Đông Giang – Cầu Mẫu,2026-09-11,Thứ sáu,14:00,533,34.3,6.0,OK
N03,Nút Đông Giang – Cầu Mẫu,2026-09-11,Thứ sáu,15:00,592,33.0,16.0,OK
N03,Nút Đông Giang – Cầu Mẫu,2026-09-11,Thứ sáu,16:00,967,25.2,78.0,OK
N03,Nút Đông Giang – Cầu Mẫu,2026-09-11,Thứ sáu,17:00,1103,22.3,94.0,OK
N03,Nút Đông Giang – Cầu Mẫu,2026-09-11,Thứ sáu,18:00,925,26.8,81.0,OK
N03,Nút Đông Giang – Cầu Mẫu,2026-09-11,Thứ sáu,19:00,611,31.1,19.0,OK
N03,Nút Đông Giang – Cầu Mẫu,2026-09-11,Thứ sáu,20:00,472,33.9,0.0,OK
N03,Nút Đông Giang – Cầu Mẫu,2026-09-11,Thứ sáu,21:00,351,34.9,0.0,OK
N03,Nút Đông Giang – Cầu Mẫu,2026-09-11,Thứ sáu,22:00,259,35.8,0.0,OK
N03,Nút Đông Giang – Cầu Mẫu,2026-09-11,Thứ sáu,23:00,153,38.4,0.0,OK
N03,Nút Đông Giang – Cầu Mẫu,2026-09-12,Thứ bảy,00:00,78,39.4,0.0,OK
N03,Nút Đông Giang – Cầu Mẫu,2026-09-12,Thứ bảy,01:00,52,39.2,0.0,OK
N03,Nút Đông Giang – Cầu Mẫu,2026-09-12,Thứ bảy,02:00,40,42.6,0.0,OK
N03,Nút Đông Giang – Cầu Mẫu,2026-09-12,Thứ bảy,03:00,48,38.8,0.0,OK
N03,Nút Đông Giang – Cầu Mẫu,2026-09-12,Thứ bảy,04:00,106,39.9,0.0,OK
N03,Nút Đông Giang – Cầu Mẫu,2026-09-12,Thứ bảy,05:00,333,35.1,0.0,OK
N03,Nút Đông Giang – Cầu Mẫu,2026-09-12,Thứ bảy,06:00,725,28.5,41.0,OK
N03,Nút Đông Giang – Cầu Mẫu,2026-09-12,Thứ bảy,07:00,839,26.1,63.0,OK
N03,Nút Đông Giang – Cầu Mẫu,2026-09-12,Thứ bảy,08:00,669,30.1,31.0,OK
N03,Nút Đông Giang – Cầu Mẫu,2026-09-12,Thứ bảy,09:00,433,35.8,0.0,OK
N03,Nút Đông Giang – Cầu Mẫu,2026-09-12,Thứ bảy,10:00,386,35.1,0.0,OK
N03,Nút Đông Giang – Cầu Mẫu,2026-09-12,Thứ bảy,11:00,491,34.3,0.0,OK
N03,Nút Đông Giang – Cầu Mẫu,2026-09-12,Thứ bảy,12:00,486,32.1,0.0,OK
N03,Nút Đông Giang – Cầu Mẫu,2026-09-12,Thứ bảy,13:00,394,37.0,0.0,OK
N03,Nút Đông Giang – Cầu Mẫu,2026-09-12,Thứ bảy,14:00,450,34.8,0.0,OK
N03,Nút Đông Giang – Cầu Mẫu,2026-09-12,Thứ bảy,15:00,499,33.7,0.0,OK
N03,Nút Đông Giang – Cầu Mẫu,2026-09-12,Thứ bảy,16:00,695,29.3,30.0,OK
N03,Nút Đông Giang – Cầu Mẫu,2026-09-12,Thứ bảy,17:00,768,27.5,39.0,OK
N03,Nút Đông Giang – Cầu Mẫu,2026-09-12,Thứ bảy,18:00,691,30.9,29.0,OK
N03,Nút Đông Giang – Cầu Mẫu,2026-09-12,Thứ bảy,19:00,528,33.9,5.0,OK
N03,Nút Đông Giang – Cầu Mẫu,2026-09-12,Thứ bảy,20:00,376,33.5,0.0,OK
N03,Nút Đông Giang – Cầu Mẫu,2026-09-12,Thứ bảy,21:00,291,37.7,0.0,OK
N03,Nút Đông Giang – Cầu Mẫu,2026-09-12,Thứ bảy,22:00,183,38.3,0.0,OK
N03,Nút Đông Giang – Cầu Mẫu,2026-09-12,Thứ bảy,23:00,125,41.9,0.0,OK
N03,Nút Đông Giang – Cầu Mẫu,2026-09-13,Chủ nhật,00:00,70,41.9,0.0,OK
N03,Nút Đông Giang – Cầu Mẫu,2026-09-13,Chủ nhật,01:00,41,43.1,0.0,OK
N03,Nút Đông Giang – Cầu Mẫu,2026-09-13,Chủ nhật,02:00,34,39.7,0.0,OK
N03,Nút Đông Giang – Cầu Mẫu,2026-09-13,Chủ nhật,03:00,36,40.8,0.0,OK
N03,Nút Đông Giang – Cầu Mẫu,2026-09-13,Chủ nhật,04:00,91,39.2,0.0,OK
N03,Nút Đông Giang – Cầu Mẫu,2026-09-13,Chủ nhật,05:00,234,37.1,0.0,OK
N03,Nút Đông Giang – Cầu Mẫu,2026-09-13,Chủ nhật,06:00,520,31.5,3.0,OK
N03,Nút Đông Giang – Cầu Mẫu,2026-09-13,Chủ nhật,07:00,602,30.9,18.0,OK
N03,Nút Đông Giang – Cầu Mẫu,2026-09-13,Chủ nhật,08:00,516,33.5,3.0,OK
N03,Nút Đông Giang – Cầu Mẫu,2026-09-13,Chủ nhật,09:00,359,37.0,0.0,OK
N03,Nút Đông Giang – Cầu Mẫu,2026-09-13,Chủ nhật,10:00,339,34.9,0.0,OK
N03,Nút Đông Giang – Cầu Mẫu,2026-09-13,Chủ nhật,11:00,393,35.0,0.0,OK
N03,Nút Đông Giang – Cầu Mẫu,2026-09-13,Chủ nhật,12:00,374,36.0,0.0,OK
N03,Nút Đông Giang – Cầu Mẫu,2026-09-13,Chủ nhật,13:00,369,35.2,0.0,OK
N03,Nút Đông Giang – Cầu Mẫu,2026-09-13,Chủ nhật,14:00,317,38.4,0.0,OK
N03,Nút Đông Giang – Cầu Mẫu,2026-09-13,Chủ nhật,15:00,373,37.2,0.0,OK
N03,Nút Đông Giang – Cầu Mẫu,2026-09-13,Chủ nhật,16:00,517,32.7,3.0,OK
N03,Nút Đông Giang – Cầu Mẫu,2026-09-13,Chủ nhật,17:00,670,30.7,25.0,OK
N03,Nút Đông Giang – Cầu Mẫu,2026-09-13,Chủ nhật,18:00,599,32.6,19.0,OK
N03,Nút Đông Giang – Cầu Mẫu,2026-09-13,Chủ nhật,19:00,405,35.7,0.0,OK
N03,Nút Đông Giang – Cầu Mẫu,2026-09-13,Chủ nhật,20:00,278,36.7,0.0,OK
N03,Nút Đông Giang – Cầu Mẫu,2026-09-13,Chủ nhật,21:00,193,38.0,0.0,OK
N03,Nút Đông Giang – Cầu Mẫu,2026-09-13,Chủ nhật,22:00,149,38.9,0.0,OK
N03,Nút Đông Giang – Cầu Mẫu,2026-09-13,Chủ nhật,23:00,84,42.7,0.0,OK
N04,Nút Nam Phong – Khu công nghiệp,2026-09-07,Thứ hai,00:00,181,38.7,0.0,OK
N04,Nút Nam Phong – Khu công nghiệp,2026-09-07,Thứ hai,01:00,104,42.1,0.0,OK
N04,Nút Nam Phong – Khu công nghiệp,2026-09-07,Thứ hai,02:00,98,40.4,0.0,OK
N04,Nút Nam Phong – Khu công nghiệp,2026-09-07,Thứ hai,03:00,111,42.5,0.0,OK
N04,Nút Nam Phong – Khu công nghiệp,2026-09-07,Thứ hai,04:00,271,39.2,0.0,OK
N04,Nút Nam Phong – Khu công nghiệp,2026-09-07,Thứ hai,05:00,694,34.5,4.0,OK
N04,Nút Nam Phong – Khu công nghiệp,2026-09-07,Thứ hai,06:00,1692,20.2,146.0,OK
N04,Nút Nam Phong – Khu công nghiệp,2026-09-07,Thứ hai,07:00,1703,19.8,148.0,OK
N04,Nút Nam Phong – Khu công nghiệp,2026-09-07,Thứ hai,08:00,1389,23.0,78.0,OK
N04,Nút Nam Phong – Khu công nghiệp,2026-09-07,Thứ hai,09:00,1001,29.1,45.0,OK
N04,Nút Nam Phong – Khu công nghiệp,2026-09-07,Thứ hai,10:00,948,28.7,32.0,OK
N04,Nút Nam Phong – Khu công nghiệp,2026-09-07,Thứ hai,11:00,1185,27.1,60.0,OK
N04,Nút Nam Phong – Khu công nghiệp,2026-09-07,Thứ hai,12:00,1112,28.4,57.0,OK
N04,Nút Nam Phong – Khu công nghiệp,2026-09-07,Thứ hai,13:00,1065,26.8,52.0,OK
N04,Nút Nam Phong – Khu công nghiệp,2026-09-07,Thứ hai,14:00,924,29.0,32.0,OK
N04,Nút Nam Phong – Khu công nghiệp,2026-09-07,Thứ hai,15:00,1066,28.7,43.0,OK
N04,Nút Nam Phong – Khu công nghiệp,2026-09-07,Thứ hai,16:00,1610,20.9,128.0,OK
N04,Nút Nam Phong – Khu công nghiệp,2026-09-07,Thứ hai,17:00,1833,18.1,147.0,OK
N04,Nút Nam Phong – Khu công nghiệp,2026-09-07,Thứ hai,18:00,1570,21.7,124.0,OK
N04,Nút Nam Phong – Khu công nghiệp,2026-09-07,Thứ hai,19:00,1130,28.5,55.0,OK
N04,Nút Nam Phong – Khu công nghiệp,2026-09-07,Thứ hai,20:00,889,30.2,30.0,OK
N04,Nút Nam Phong – Khu công nghiệp,2026-09-07,Thứ hai,21:00,629,33.9,0.0,OK
N04,Nút Nam Phong – Khu công nghiệp,2026-09-07,Thứ hai,22:00,452,34.5,0.0,OK
N04,Nút Nam Phong – Khu công nghiệp,2026-09-07,Thứ hai,23:00,249,40.4,0.0,OK
N04,Nút Nam Phong – Khu công nghiệp,2026-09-08,Thứ ba,00:00,168,40.1,0.0,OK
N04,Nút Nam Phong – Khu công nghiệp,2026-09-08,Thứ ba,01:00,117,40.2,0.0,OK
N04,Nút Nam Phong – Khu công nghiệp,2026-09-08,Thứ ba,02:00,96,43.0,0.0,OK
N04,Nút Nam Phong – Khu công nghiệp,2026-09-08,Thứ ba,03:00,117,41.9,0.0,OK
N04,Nút Nam Phong – Khu công nghiệp,2026-09-08,Thứ ba,04:00,277,39.9,0.0,OK
N04,Nút Nam Phong – Khu công nghiệp,2026-09-08,Thứ ba,05:00,1285,33.5,0.0,Nghi ngờ
N04,Nút Nam Phong – Khu công nghiệp,2026-09-08,Thứ ba,06:00,1701,21.0,137.0,OK
N04,Nút Nam Phong – Khu công nghiệp,2026-09-08,Thứ ba,07:00,1919,17.7,143.0,OK
N04,Nút Nam Phong – Khu công nghiệp,2026-09-08,Thứ ba,08:00,1394,23.5,95.0,OK
N04,Nút Nam Phong – Khu công nghiệp,2026-09-08,Thứ ba,09:00,1059,29.0,48.0,OK
N04,Nút Nam Phong – Khu công nghiệp,2026-09-08,Thứ ba,10:00,963,27.9,32.0,OK
N04,Nút Nam Phong – Khu công nghiệp,2026-09-08,Thứ ba,11:00,1094,26.8,55.0,OK
N04,Nút Nam Phong – Khu công nghiệp,2026-09-08,Thứ ba,12:00,1070,29.0,44.0,OK
N04,Nút Nam Phong – Khu công nghiệp,2026-09-08,Thứ ba,13:00,939,31.0,33.0,OK
N04,Nút Nam Phong – Khu công nghiệp,2026-09-08,Thứ ba,14:00,929,29.7,29.0,OK
N04,Nút Nam Phong – Khu công nghiệp,2026-09-08,Thứ ba,15:00,1037,28.4,49.0,OK
N04,Nút Nam Phong – Khu công nghiệp,2026-09-08,Thứ ba,16:00,1474,23.7,87.0,OK
N04,Nút Nam Phong – Khu công nghiệp,2026-09-08,Thứ ba,17:00,1959,17.4,182.0,OK
N04,Nút Nam Phong – Khu công nghiệp,2026-09-08,Thứ ba,18:00,1585,22.4,131.0,OK
N04,Nút Nam Phong – Khu công nghiệp,2026-09-08,Thứ ba,19:00,1197,25.0,72.0,OK
N04,Nút Nam Phong – Khu công nghiệp,2026-09-08,Thứ ba,20:00,833,30.8,21.0,OK
N04,Nút Nam Phong – Khu công nghiệp,2026-09-08,Thứ ba,21:00,568,34.1,0.0,OK
N04,Nút Nam Phong – Khu công nghiệp,2026-09-08,Thứ ba,22:00,378,37.1,0.0,OK
N04,Nút Nam Phong – Khu công nghiệp,2026-09-08,Thứ ba,23:00,265,38.7,0.0,OK
N04,Nút Nam Phong – Khu công nghiệp,2026-09-09,Thứ tư,00:00,171,39.4,0.0,OK
N04,Nút Nam Phong – Khu công nghiệp,2026-09-09,Thứ tư,01:00,111,41.9,0.0,OK
N04,Nút Nam Phong – Khu công nghiệp,2026-09-09,Thứ tư,02:00,82,42.2,0.0,OK
N04,Nút Nam Phong – Khu công nghiệp,2026-09-09,Thứ tư,03:00,119,41.6,0.0,OK
N04,Nút Nam Phong – Khu công nghiệp,2026-09-09,Thứ tư,04:00,236,38.3,0.0,OK
N04,Nút Nam Phong – Khu công nghiệp,2026-09-09,Thứ tư,05:00,652,34.4,0.0,OK
N04,Nút Nam Phong – Khu công nghiệp,2026-09-09,Thứ tư,06:00,1651,21.0,109.0,OK
N04,Nút Nam Phong – Khu công nghiệp,2026-09-09,Thứ tư,07:00,1832,19.1,136.0,OK
N04,Nút Nam Phong – Khu công nghiệp,2026-09-09,Thứ tư,08:00,1267,24.9,84.0,OK
N04,Nút Nam Phong – Khu công nghiệp,2026-09-09,Thứ tư,09:00,1048,29.6,52.0,OK
N04,Nút Nam Phong – Khu công nghiệp,2026-09-09,Thứ tư,10:00,926,29.6,31.0,OK
N04,Nút Nam Phong – Khu công nghiệp,2026-09-09,Thứ tư,11:00,1120,27.5,52.0,OK
N04,Nút Nam Phong – Khu công nghiệp,2026-09-09,Thứ tư,12:00,1080,26.9,48.0,OK
N04,Nút Nam Phong – Khu công nghiệp,2026-09-09,Thứ tư,13:00,941,29.3,39.0,OK
N04,Nút Nam Phong – Khu công nghiệp,2026-09-09,Thứ tư,14:00,992,29.3,44.0,OK
N04,Nút Nam Phong – Khu công nghiệp,2026-09-09,Thứ tư,15:00,1096,28.1,56.0,OK
N04,Nút Nam Phong – Khu công nghiệp,2026-09-09,Thứ tư,16:00,1583,21.7,100.0,OK
N04,Nút Nam Phong – Khu công nghiệp,2026-09-09,Thứ tư,17:00,1838,17.9,128.0,OK
N04,Nút Nam Phong – Khu công nghiệp,2026-09-09,Thứ tư,18:00,1570,20.9,111.0,OK
N04,Nút Nam Phong – Khu công nghiệp,2026-09-09,Thứ tư,19:00,1143,26.3,58.0,OK
N04,Nút Nam Phong – Khu công nghiệp,2026-09-09,Thứ tư,20:00,803,32.9,16.0,OK
N04,Nút Nam Phong – Khu công nghiệp,2026-09-09,Thứ tư,21:00,576,35.7,0.0,OK
N04,Nút Nam Phong – Khu công nghiệp,2026-09-09,Thứ tư,22:00,372,35.8,0.0,OK
N04,Nút Nam Phong – Khu công nghiệp,2026-09-09,Thứ tư,23:00,253,38.8,0.0,OK
N04,Nút Nam Phong – Khu công nghiệp,2026-09-10,Thứ năm,00:00,201,37.2,0.0,OK
N04,Nút Nam Phong – Khu công nghiệp,2026-09-10,Thứ năm,01:00,115,40.4,0.0,OK
N04,Nút Nam Phong – Khu công nghiệp,2026-09-10,Thứ năm,02:00,84,40.4,0.0,OK
N04,Nút Nam Phong – Khu công nghiệp,2026-09-10,Thứ năm,03:00,100,38.7,0.0,OK
N04,Nút Nam Phong – Khu công nghiệp,2026-09-10,Thứ năm,04:00,236,36.7,0.0,OK
N04,Nút Nam Phong – Khu công nghiệp,2026-09-10,Thứ năm,05:00,765,31.6,13.0,OK
N04,Nút Nam Phong – Khu công nghiệp,2026-09-10,Thứ năm,06:00,1539,23.1,106.0,OK
N04,Nút Nam Phong – Khu công nghiệp,2026-09-10,Thứ năm,07:00,1754,18.7,119.0,OK
N04,Nút Nam Phong – Khu công nghiệp,2026-09-10,Thứ năm,08:00,1353,24.7,92.0,OK
N04,Nút Nam Phong – Khu công nghiệp,2026-09-10,Thứ năm,09:00,952,30.5,33.0,OK
N04,Nút Nam Phong – Khu công nghiệp,2026-09-10,Thứ năm,10:00,861,31.2,26.0,OK
N04,Nút Nam Phong – Khu công nghiệp,2026-09-10,Thứ năm,11:00,1057,29.0,53.0,OK
N04,Nút Nam Phong – Khu công nghiệp,2026-09-10,Thứ năm,12:00,1028,28.8,52.0,OK
N04,Nút Nam Phong – Khu công nghiệp,2026-09-10,Thứ năm,13:00,972,27.8,35.0,OK
N04,Nút Nam Phong – Khu công nghiệp,2026-09-10,Thứ năm,14:00,1004,30.6,43.0,OK
N04,Nút Nam Phong – Khu công nghiệp,2026-09-10,Thứ năm,15:00,1018,30.1,41.0,OK
N04,Nút Nam Phong – Khu công nghiệp,2026-09-10,Thứ năm,16:00,1555,22.1,121.0,OK
N04,Nút Nam Phong – Khu công nghiệp,2026-09-10,Thứ năm,17:00,1685,21.0,129.0,OK
N04,Nút Nam Phong – Khu công nghiệp,2026-09-10,Thứ năm,18:00,1660,21.1,114.0,OK
N04,Nút Nam Phong – Khu công nghiệp,2026-09-10,Thứ năm,19:00,1062,29.5,54.0,OK
N04,Nút Nam Phong – Khu công nghiệp,2026-09-10,Thứ năm,20:00,760,33.6,11.0,OK
N04,Nút Nam Phong – Khu công nghiệp,2026-09-10,Thứ năm,21:00,560,34.2,0.0,OK
N04,Nút Nam Phong – Khu công nghiệp,2026-09-10,Thứ năm,22:00,414,34.9,0.0,OK
N04,Nút Nam Phong – Khu công nghiệp,2026-09-10,Thứ năm,23:00,263,38.2,0.0,OK
N04,Nút Nam Phong – Khu công nghiệp,2026-09-11,Thứ sáu,00:00,181,39.8,0.0,OK
N04,Nút Nam Phong – Khu công nghiệp,2026-09-11,Thứ sáu,01:00,105,42.9,0.0,OK
N04,Nút Nam Phong – Khu công nghiệp,2026-09-11,Thứ sáu,02:00,90,42.6,0.0,OK
N04,Nút Nam Phong – Khu công nghiệp,2026-09-11,Thứ sáu,03:00,110,42.9,0.0,OK
N04,Nút Nam Phong – Khu công nghiệp,2026-09-11,Thứ sáu,04:00,295,39.6,0.0,OK
N04,Nút Nam Phong – Khu công nghiệp,2026-09-11,Thứ sáu,05:00,723,31.9,7.0,OK
N04,Nút Nam Phong – Khu công nghiệp,2026-09-11,Thứ sáu,06:00,1828,17.4,163.0,OK
N04,Nút Nam Phong – Khu công nghiệp,2026-09-11,Thứ sáu,07:00,2025,15.7,186.0,OK
N04,Nút Nam Phong – Khu công nghiệp,2026-09-11,Thứ sáu,08:00,1577,21.1,116.0,OK
N04,Nút Nam Phong – Khu công nghiệp,2026-09-11,Thứ sáu,09:00,1003,29.2,42.0,OK
N04,Nút Nam Phong – Khu công nghiệp,2026-09-11,Thứ sáu,10:00,1056,28.3,49.0,OK
N04,Nút Nam Phong – Khu công nghiệp,2026-09-11,Thứ sáu,11:00,1194,25.4,67.0,OK
N04,Nút Nam Phong – Khu công nghiệp,2026-09-11,Thứ sáu,12:00,1165,25.7,63.0,OK
N04,Nút Nam Phong – Khu công nghiệp,2026-09-11,Thứ sáu,13:00,1037,28.3,46.0,OK
N04,Nút Nam Phong – Khu công nghiệp,2026-09-11,Thứ sáu,14:00,1055,26.8,51.0,OK
N04,Nút Nam Phong – Khu công nghiệp,2026-09-11,Thứ sáu,15:00,1222,25.3,76.0,OK
N04,Nút Nam Phong – Khu công nghiệp,2026-09-11,Thứ sáu,16:00,1549,22.8,113.0,OK
N04,Nút Nam Phong – Khu công nghiệp,2026-09-11,Thứ sáu,17:00,1930,16.1,154.0,OK
N04,Nút Nam Phong – Khu công nghiệp,2026-09-11,Thứ sáu,18:00,1657,21.3,130.0,OK
N04,Nút Nam Phong – Khu công nghiệp,2026-09-11,Thứ sáu,19:00,1148,27.2,58.0,OK
N04,Nút Nam Phong – Khu công nghiệp,2026-09-11,Thứ sáu,20:00,883,29.7,27.0,OK
N04,Nút Nam Phong – Khu công nghiệp,2026-09-11,Thứ sáu,21:00,569,34.9,0.0,OK
N04,Nút Nam Phong – Khu công nghiệp,2026-09-11,Thứ sáu,22:00,426,37.7,0.0,OK
N04,Nút Nam Phong – Khu công nghiệp,2026-09-11,Thứ sáu,23:00,271,40.0,0.0,OK
N04,Nút Nam Phong – Khu công nghiệp,2026-09-12,Thứ bảy,00:00,146,38.8,0.0,OK
N04,Nút Nam Phong – Khu công nghiệp,2026-09-12,Thứ bảy,01:00,89,41.9,0.0,OK
N04,Nút Nam Phong – Khu công nghiệp,2026-09-12,Thứ bảy,02:00,76,42.5,0.0,OK
N04,Nút Nam Phong – Khu công nghiệp,2026-09-12,Thứ bảy,03:00,84,39.5,0.0,OK
N04,Nút Nam Phong – Khu công nghiệp,2026-09-12,Thứ bảy,04:00,223,37.0,0.0,OK
N04,Nút Nam Phong – Khu công nghiệp,2026-09-12,Thứ bảy,05:00,607,36.2,0.0,OK
N04,Nút Nam Phong – Khu công nghiệp,2026-09-12,Thứ bảy,06:00,1358,23.0,82.0,OK
N04,Nút Nam Phong – Khu công nghiệp,2026-09-12,Thứ bảy,07:00,1634,19.8,112.0,OK
N04,Nút Nam Phong – Khu công nghiệp,2026-09-12,Thứ bảy,08:00,1053,27.4,41.0,OK
N04,Nút Nam Phong – Khu công nghiệp,2026-09-12,Thứ bảy,09:00,836,29.4,21.0,OK
N04,Nút Nam Phong – Khu công nghiệp,2026-09-12,Thứ bảy,10:00,795,31.7,18.0,OK
N04,Nút Nam Phong – Khu công nghiệp,2026-09-12,Thứ bảy,11:00,918,31.6,29.0,OK
N04,Nút Nam Phong – Khu công nghiệp,2026-09-12,Thứ bảy,12:00,983,28.5,35.0,OK
N04,Nút Nam Phong – Khu công nghiệp,2026-09-12,Thứ bảy,13:00,716,32.0,7.0,OK
N04,Nút Nam Phong – Khu công nghiệp,2026-09-12,Thứ bảy,14:00,720,30.8,6.0,OK
N04,Nút Nam Phong – Khu công nghiệp,2026-09-12,Thứ bảy,15:00,898,29.7,29.0,OK
N04,Nút Nam Phong – Khu công nghiệp,2026-09-12,Thứ bảy,16:00,1181,25.7,71.0,OK
N04,Nút Nam Phong – Khu công nghiệp,2026-09-12,Thứ bảy,17:00,1386,24.8,92.0,OK
N04,Nút Nam Phong – Khu công nghiệp,2026-09-12,Thứ bảy,18:00,1298,24.5,88.0,OK
N04,Nút Nam Phong – Khu công nghiệp,2026-09-12,Thứ bảy,19:00,906,32.0,28.0,OK
N04,Nút Nam Phong – Khu công nghiệp,2026-09-12,Thứ bảy,20:00,617,35.1,0.0,OK
N04,Nút Nam Phong – Khu công nghiệp,2026-09-12,Thứ bảy,21:00,464,38.1,0.0,OK
N04,Nút Nam Phong – Khu công nghiệp,2026-09-12,Thứ bảy,22:00,321,36.4,0.0,OK
N04,Nút Nam Phong – Khu công nghiệp,2026-09-12,Thứ bảy,23:00,229,38.9,0.0,OK
N04,Nút Nam Phong – Khu công nghiệp,2026-09-13,Chủ nhật,00:00,129,40.0,0.0,OK
N04,Nút Nam Phong – Khu công nghiệp,2026-09-13,Chủ nhật,01:00,77,41.6,0.0,OK
N04,Nút Nam Phong – Khu công nghiệp,2026-09-13,Chủ nhật,02:00,54,42.5,0.0,OK
N04,Nút Nam Phong – Khu công nghiệp,2026-09-13,Chủ nhật,03:00,72,42.7,0.0,OK
N04,Nút Nam Phong – Khu công nghiệp,2026-09-13,Chủ nhật,04:00,155,39.4,0.0,OK
N04,Nút Nam Phong – Khu công nghiệp,2026-09-13,Chủ nhật,05:00,419,35.2,0.0,OK
N04,Nút Nam Phong – Khu công nghiệp,2026-09-13,Chủ nhật,06:00,988,27.6,38.0,OK
N04,Nút Nam Phong – Khu công nghiệp,2026-09-13,Chủ nhật,07:00,1181,25.2,73.0,OK
N04,Nút Nam Phong – Khu công nghiệp,2026-09-13,Chủ nhật,08:00,919,31.2,35.0,OK
N04,Nút Nam Phong – Khu công nghiệp,2026-09-13,Chủ nhật,09:00,671,31.8,1.0,OK
N04,Nút Nam Phong – Khu công nghiệp,2026-09-13,Chủ nhật,10:00,650,32.3,0.0,OK
N04,Nút Nam Phong – Khu công nghiệp,2026-09-13,Chủ nhật,11:00,671,33.0,1.0,OK
N04,Nút Nam Phong – Khu công nghiệp,2026-09-13,Chủ nhật,12:00,740,34.1,10.0,OK
N04,Nút Nam Phong – Khu công nghiệp,2026-09-13,Chủ nhật,13:00,646,35.3,0.0,OK
N04,Nút Nam Phong – Khu công nghiệp,2026-09-13,Chủ nhật,14:00,646,32.2,0.0,OK
N04,Nút Nam Phong – Khu công nghiệp,2026-09-13,Chủ nhật,15:00,723,33.2,8.0,OK
N04,Nút Nam Phong – Khu công nghiệp,2026-09-13,Chủ nhật,16:00,928,29.2,31.0,OK
N04,Nút Nam Phong – Khu công nghiệp,2026-09-13,Chủ nhật,17:00,1323,26.2,92.0,OK
N04,Nút Nam Phong – Khu công nghiệp,2026-09-13,Chủ nhật,18:00,1023,27.4,46.0,OK
N04,Nút Nam Phong – Khu công nghiệp,2026-09-13,Chủ nhật,19:00,764,31.3,13.0,OK
N04,Nút Nam Phong – Khu công nghiệp,2026-09-13,Chủ nhật,20:00,1364,35.5,0.0,Nghi ngờ
N04,Nút Nam Phong – Khu công nghiệp,2026-09-13,Chủ nhật,21:00,348,39.6,0.0,OK
N04,Nút Nam Phong – Khu công nghiệp,2026-09-13,Chủ nhật,22:00,249,39.4,0.0,OK
N04,Nút Nam Phong – Khu công nghiệp,2026-09-13,Chủ nhật,23:00,161,41.5,0.0,OK
N05,Nút Tân Hoà – Trường THCS,2026-09-07,Thứ hai,00:00,111,38.8,0.0,OK
N05,Nút Tân Hoà – Trường THCS,2026-09-07,Thứ hai,01:00,62,42.6,0.0,OK
N05,Nút Tân Hoà – Trường THCS,2026-09-07,Thứ hai,02:00,49,39.7,0.0,OK
N05,Nút Tân Hoà – Trường THCS,2026-09-07,Thứ hai,03:00,61,42.9,0.0,OK
N05,Nút Tân Hoà – Trường THCS,2026-09-07,Thứ hai,04:00,146,40.1,0.0,OK
N05,Nút Tân Hoà – Trường THCS,2026-09-07,Thứ hai,05:00,376,35.2,0.0,OK
N05,Nút Tân Hoà – Trường THCS,2026-09-07,Thứ hai,06:00,935,25.6,72.0,OK
N05,Nút Tân Hoà – Trường THCS,2026-09-07,Thứ hai,07:00,980,23.9,73.0,OK
N05,Nút Tân Hoà – Trường THCS,2026-09-07,Thứ hai,08:00,758,28.0,42.0,OK
N05,Nút Tân Hoà – Trường THCS,2026-09-07,Thứ hai,09:00,582,30.3,15.0,OK
N05,Nút Tân Hoà – Trường THCS,2026-09-07,Thứ hai,10:00,477,34.1,0.0,OK
N05,Nút Tân Hoà – Trường THCS,2026-09-07,Thứ hai,11:00,564,32.1,10.0,OK
N05,Nút Tân Hoà – Trường THCS,2026-09-07,Thứ hai,12:00,590,32.7,17.0,OK
N05,Nút Tân Hoà – Trường THCS,2026-09-07,Thứ hai,13:00,531,33.4,5.0,OK
N05,Nút Tân Hoà – Trường THCS,2026-09-07,Thứ hai,14:00,512,34.2,2.0,OK
N05,Nút Tân Hoà – Trường THCS,2026-09-07,Thứ hai,15:00,1408,30.9,16.0,Nghi ngờ
N05,Nút Tân Hoà – Trường THCS,2026-09-07,Thứ hai,16:00,883,25.1,70.0,OK
N05,Nút Tân Hoà – Trường THCS,2026-09-07,Thứ hai,17:00,987,24.6,85.0,OK
N05,Nút Tân Hoà – Trường THCS,2026-09-07,Thứ hai,18:00,863,27.4,67.0,OK
N05,Nút Tân Hoà – Trường THCS,2026-09-07,Thứ hai,19:00,578,31.9,14.0,OK
N05,Nút Tân Hoà – Trường THCS,2026-09-07,Thứ hai,20:00,450,33.1,0.0,OK
N05,Nút Tân Hoà – Trường THCS,2026-09-07,Thứ hai,21:00,352,34.2,0.0,OK
N05,Nút Tân Hoà – Trường THCS,2026-09-07,Thứ hai,22:00,223,37.1,0.0,OK
N05,Nút Tân Hoà – Trường THCS,2026-09-07,Thứ hai,23:00,139,41.5,0.0,OK
N05,Nút Tân Hoà – Trường THCS,2026-09-08,Thứ ba,00:00,92,39.3,0.0,OK
N05,Nút Tân Hoà – Trường THCS,2026-09-08,Thứ ba,01:00,62,42.3,0.0,OK
N05,Nút Tân Hoà – Trường THCS,2026-09-08,Thứ ba,02:00,128,40.8,0.0,Nghi ngờ
N05,Nút Tân Hoà – Trường THCS,2026-09-08,Thứ ba,03:00,67,39.0,0.0,OK
N05,Nút Tân Hoà – Trường THCS,2026-09-08,Thứ ba,04:00,135,40.7,0.0,OK
N05,Nút Tân Hoà – Trường THCS,2026-09-08,Thứ ba,05:00,391,36.1,0.0,OK
N05,Nút Tân Hoà – Trường THCS,2026-09-08,Thứ ba,06:00,914,27.7,71.0,OK
N05,Nút Tân Hoà – Trường THCS,2026-09-08,Thứ ba,07:00,926,26.4,80.0,OK
N05,Nút Tân Hoà – Trường THCS,2026-09-08,Thứ ba,08:00,729,29.9,36.0,OK
N05,Nút Tân Hoà – Trường THCS,2026-09-08,Thứ ba,09:00,524,31.4,3.0,OK
N05,Nút Tân Hoà – Trường THCS,2026-09-08,Thứ ba,10:00,540,32.9,7.0,OK
N05,Nút Tân Hoà – Trường THCS,2026-09-08,Thứ ba,11:00,540,32.1,8.0,OK
N05,Nút Tân Hoà – Trường THCS,2026-09-08,Thứ ba,12:00,623,30.8,19.0,OK
N05,Nút Tân Hoà – Trường THCS,2026-09-08,Thứ ba,13:00,538,31.8,7.0,OK
N05,Nút Tân Hoà – Trường THCS,2026-09-08,Thứ ba,14:00,523,33.7,3.0,OK
N05,Nút Tân Hoà – Trường THCS,2026-09-08,Thứ ba,15:00,548,31.0,8.0,OK
N05,Nút Tân Hoà – Trường THCS,2026-09-08,Thứ ba,16:00,883,25.6,60.0,OK
N05,Nút Tân Hoà – Trường THCS,2026-09-08,Thứ ba,17:00,983,25.6,83.0,OK
N05,Nút Tân Hoà – Trường THCS,2026-09-08,Thứ ba,18:00,914,26.6,63.0,OK
N05,Nút Tân Hoà – Trường THCS,2026-09-08,Thứ ba,19:00,625,32.4,20.0,OK
N05,Nút Tân Hoà – Trường THCS,2026-09-08,Thứ ba,20:00,421,34.1,0.0,OK
N05,Nút Tân Hoà – Trường THCS,2026-09-08,Thứ ba,21:00,316,37.8,0.0,OK
N05,Nút Tân Hoà – Trường THCS,2026-09-08,Thứ ba,22:00,222,36.3,0.0,OK
N05,Nút Tân Hoà – Trường THCS,2026-09-08,Thứ ba,23:00,137,40.5,0.0,OK
N05,Nút Tân Hoà – Trường THCS,2026-09-09,Thứ tư,00:00,93,42.6,0.0,OK
N05,Nút Tân Hoà – Trường THCS,2026-09-09,Thứ tư,01:00,63,43.1,0.0,OK
N05,Nút Tân Hoà – Trường THCS,2026-09-09,Thứ tư,02:00,50,40.3,0.0,OK
N05,Nút Tân Hoà – Trường THCS,2026-09-09,Thứ tư,03:00,55,42.2,0.0,OK
N05,Nút Tân Hoà – Trường THCS,2026-09-09,Thứ tư,04:00,147,37.4,0.0,OK
N05,Nút Tân Hoà – Trường THCS,2026-09-09,Thứ tư,05:00,381,36.6,0.0,OK
N05,Nút Tân Hoà – Trường THCS,2026-09-09,Thứ tư,06:00,904,25.5,74.0,OK
N05,Nút Tân Hoà – Trường THCS,2026-09-09,Thứ tư,07:00,921,25.6,63.0,OK
N05,Nút Tân Hoà – Trường THCS,2026-09-09,Thứ tư,08:00,743,28.5,47.0,OK
N05,Nút Tân Hoà – Trường THCS,2026-09-09,Thứ tư,09:00,522,33.3,3.0,OK
N05,Nút Tân Hoà – Trường THCS,2026-09-09,Thứ tư,10:00,455,34.4,0.0,OK
N05,Nút Tân Hoà – Trường THCS,2026-09-09,Thứ tư,11:00,638,30.7,26.0,OK
N05,Nút Tân Hoà – Trường THCS,2026-09-09,Thứ tư,12:00,564,30.6,11.0,OK
N05,Nút Tân Hoà – Trường THCS,2026-09-09,Thứ tư,13:00,517,33.4,3.0,OK
N05,Nút Tân Hoà – Trường THCS,2026-09-09,Thứ tư,14:00,508,34.0,1.0,OK
N05,Nút Tân Hoà – Trường THCS,2026-09-09,Thứ tư,15:00,559,34.2,10.0,OK
N05,Nút Tân Hoà – Trường THCS,2026-09-09,Thứ tư,16:00,795,27.3,43.0,OK
N05,Nút Tân Hoà – Trường THCS,2026-09-09,Thứ tư,17:00,1004,23.9,96.0,OK
N05,Nút Tân Hoà – Trường THCS,2026-09-09,Thứ tư,18:00,826,26.6,56.0,OK
N05,Nút Tân Hoà – Trường THCS,2026-09-09,Thứ tư,19:00,562,34.0,11.0,OK
N05,Nút Tân Hoà – Trường THCS,2026-09-09,Thứ tư,20:00,420,34.4,0.0,OK
N05,Nút Tân Hoà – Trường THCS,2026-09-09,Thứ tư,21:00,350,34.3,0.0,OK
N05,Nút Tân Hoà – Trường THCS,2026-09-09,Thứ tư,22:00,201,37.0,0.0,OK
N05,Nút Tân Hoà – Trường THCS,2026-09-09,Thứ tư,23:00,136,38.1,0.0,OK
N05,Nút Tân Hoà – Trường THCS,2026-09-10,Thứ năm,00:00,100,39.7,0.0,OK
N05,Nút Tân Hoà – Trường THCS,2026-09-10,Thứ năm,01:00,67,39.3,0.0,OK
N05,Nút Tân Hoà – Trường THCS,2026-09-10,Thứ năm,02:00,53,40.5,0.0,OK
N05,Nút Tân Hoà – Trường THCS,2026-09-10,Thứ năm,03:00,59,41.5,0.0,OK
N05,Nút Tân Hoà – Trường THCS,2026-09-10,Thứ năm,04:00,146,38.2,0.0,OK
N05,Nút Tân Hoà – Trường THCS,2026-09-10,Thứ năm,05:00,385,36.6,0.0,OK
N05,Nút Tân Hoà – Trường THCS,2026-09-10,Thứ năm,06:00,894,26.2,62.0,OK
N05,Nút Tân Hoà – Trường THCS,2026-09-10,Thứ năm,07:00,1008,23.1,81.0,OK
N05,Nút Tân Hoà – Trường THCS,2026-09-10,Thứ năm,08:00,826,28.2,63.0,OK
N05,Nút Tân Hoà – Trường THCS,2026-09-10,Thứ năm,09:00,544,34.2,8.0,OK
N05,Nút Tân Hoà – Trường THCS,2026-09-10,Thứ năm,10:00,496,32.6,0.0,OK
N05,Nút Tân Hoà – Trường THCS,2026-09-10,Thứ năm,11:00,573,33.7,13.0,OK
N05,Nút Tân Hoà – Trường THCS,2026-09-10,Thứ năm,12:00,575,32.5,14.0,OK
N05,Nút Tân Hoà – Trường THCS,2026-09-10,Thứ năm,13:00,550,31.0,7.0,OK
N05,Nút Tân Hoà – Trường THCS,2026-09-10,Thứ năm,14:00,501,32.1,0.0,OK
N05,Nút Tân Hoà – Trường THCS,2026-09-10,Thứ năm,15:00,602,31.8,19.0,OK
N05,Nút Tân Hoà – Trường THCS,2026-09-10,Thứ năm,16:00,790,29.6,53.0,OK
N05,Nút Tân Hoà – Trường THCS,2026-09-10,Thứ năm,17:00,2482,21.8,99.0,Nghi ngờ
N05,Nút Tân Hoà – Trường THCS,2026-09-10,Thứ năm,18:00,925,25.8,65.0,OK
N05,Nút Tân Hoà – Trường THCS,2026-09-10,Thứ năm,19:00,562,33.1,11.0,OK
N05,Nút Tân Hoà – Trường THCS,2026-09-10,Thứ năm,20:00,458,32.3,0.0,OK
N05,Nút Tân Hoà – Trường THCS,2026-09-10,Thứ năm,21:00,356,37.5,0.0,OK
N05,Nút Tân Hoà – Trường THCS,2026-09-10,Thứ năm,22:00,223,38.0,0.0,OK
N05,Nút Tân Hoà – Trường THCS,2026-09-10,Thứ năm,23:00,151,37.3,0.0,OK
N05,Nút Tân Hoà – Trường THCS,2026-09-11,Thứ sáu,00:00,107,39.2,0.0,OK
N05,Nút Tân Hoà – Trường THCS,2026-09-11,Thứ sáu,01:00,70,40.4,0.0,OK
N05,Nút Tân Hoà – Trường THCS,2026-09-11,Thứ sáu,02:00,50,40.0,0.0,OK
N05,Nút Tân Hoà – Trường THCS,2026-09-11,Thứ sáu,03:00,61,40.2,0.0,OK
N05,Nút Tân Hoà – Trường THCS,2026-09-11,Thứ sáu,04:00,146,38.6,0.0,OK
N05,Nút Tân Hoà – Trường THCS,2026-09-11,Thứ sáu,05:00,377,33.6,0.0,OK
N05,Nút Tân Hoà – Trường THCS,2026-09-11,Thứ sáu,06:00,887,26.8,56.0,OK
N05,Nút Tân Hoà – Trường THCS,2026-09-11,Thứ sáu,07:00,1112,23.6,96.0,OK
N05,Nút Tân Hoà – Trường THCS,2026-09-11,Thứ sáu,08:00,722,27.9,38.0,OK
N05,Nút Tân Hoà – Trường THCS,2026-09-11,Thứ sáu,09:00,586,31.3,15.0,OK
N05,Nút Tân Hoà – Trường THCS,2026-09-11,Thứ sáu,10:00,538,34.5,6.0,OK
N05,Nút Tân Hoà – Trường THCS,2026-09-11,Thứ sáu,11:00,589,32.0,13.0,OK
N05,Nút Tân Hoà – Trường THCS,2026-09-11,Thứ sáu,12:00,709,28.2,38.0,OK
N05,Nút Tân Hoà – Trường THCS,2026-09-11,Thứ sáu,13:00,533,31.7,6.0,OK
N05,Nút Tân Hoà – Trường THCS,2026-09-11,Thứ sáu,14:00,559,31.6,11.0,OK
N05,Nút Tân Hoà – Trường THCS,2026-09-11,Thứ sáu,15:00,609,31.0,16.0,OK
N05,Nút Tân Hoà – Trường THCS,2026-09-11,Thứ sáu,16:00,869,26.4,57.0,OK
N05,Nút Tân Hoà – Trường THCS,2026-09-11,Thứ sáu,17:00,1192,21.4,128.0,OK
N05,Nút Tân Hoà – Trường THCS,2026-09-11,Thứ sáu,18:00,912,25.3,78.0,OK
N05,Nút Tân Hoà – Trường THCS,2026-09-11,Thứ sáu,19:00,649,30.8,22.0,OK
N05,Nút Tân Hoà – Trường THCS,2026-09-11,Thứ sáu,20:00,495,34.9,0.0,OK
N05,Nút Tân Hoà – Trường THCS,2026-09-11,Thứ sáu,21:00,358,35.2,0.0,OK
N05,Nút Tân Hoà – Trường THCS,2026-09-11,Thứ sáu,22:00,249,38.0,0.0,OK
N05,Nút Tân Hoà – Trường THCS,2026-09-11,Thứ sáu,23:00,156,37.5,0.0,OK
N05,Nút Tân Hoà – Trường THCS,2026-09-12,Thứ bảy,00:00,87,38.1,0.0,OK
N05,Nút Tân Hoà – Trường THCS,2026-09-12,Thứ bảy,01:00,46,43.7,0.0,OK
N05,Nút Tân Hoà – Trường THCS,2026-09-12,Thứ bảy,02:00,40,41.6,0.0,OK
N05,Nút Tân Hoà – Trường THCS,2026-09-12,Thứ bảy,03:00,50,41.7,0.0,OK
N05,Nút Tân Hoà – Trường THCS,2026-09-12,Thứ bảy,04:00,120,41.9,0.0,OK
N05,Nút Tân Hoà – Trường THCS,2026-09-12,Thứ bảy,05:00,296,37.4,0.0,OK
N05,Nút Tân Hoà – Trường THCS,2026-09-12,Thứ bảy,06:00,703,28.3,36.0,OK
N05,Nút Tân Hoà – Trường THCS,2026-09-12,Thứ bảy,07:00,805,26.6,46.0,OK
N05,Nút Tân Hoà – Trường THCS,2026-09-12,Thứ bảy,08:00,585,30.6,14.0,OK
N05,Nút Tân Hoà – Trường THCS,2026-09-12,Thứ bảy,09:00,444,32.4,0.0,OK
N05,Nút Tân Hoà – Trường THCS,2026-09-12,Thứ bảy,10:00,384,36.3,0.0,OK
N05,Nút Tân Hoà – Trường THCS,2026-09-12,Thứ bảy,11:00,490,34.1,0.0,OK
N05,Nút Tân Hoà – Trường THCS,2026-09-12,Thứ bảy,12:00,491,32.5,0.0,OK
N05,Nút Tân Hoà – Trường THCS,2026-09-12,Thứ bảy,13:00,417,34.2,0.0,OK
N05,Nút Tân Hoà – Trường THCS,2026-09-12,Thứ bảy,14:00,449,34.1,0.0,OK
N05,Nút Tân Hoà – Trường THCS,2026-09-12,Thứ bảy,15:00,485,34.9,0.0,OK
N05,Nút Tân Hoà – Trường THCS,2026-09-12,Thứ bảy,16:00,718,30.0,33.0,OK
N05,Nút Tân Hoà – Trường THCS,2026-09-12,Thứ bảy,17:00,862,25.6,56.0,OK
N05,Nút Tân Hoà – Trường THCS,2026-09-12,Thứ bảy,18:00,710,27.9,40.0,OK
N05,Nút Tân Hoà – Trường THCS,2026-09-12,Thứ bảy,19:00,507,33.8,1.0,OK
N05,Nút Tân Hoà – Trường THCS,2026-09-12,Thứ bảy,20:00,367,33.7,0.0,OK
N05,Nút Tân Hoà – Trường THCS,2026-09-12,Thứ bảy,21:00,246,38.1,0.0,OK
N05,Nút Tân Hoà – Trường THCS,2026-09-12,Thứ bảy,22:00,186,39.0,0.0,OK
N05,Nút Tân Hoà – Trường THCS,2026-09-12,Thứ bảy,23:00,124,39.9,0.0,OK
N05,Nút Tân Hoà – Trường THCS,2026-09-13,Chủ nhật,00:00,73,40.3,0.0,OK
N05,Nút Tân Hoà – Trường THCS,2026-09-13,Chủ nhật,01:00,40,41.1,0.0,OK
N05,Nút Tân Hoà – Trường THCS,2026-09-13,Chủ nhật,02:00,34,41.4,0.0,OK
N05,Nút Tân Hoà – Trường THCS,2026-09-13,Chủ nhật,03:00,39,42.3,0.0,OK
N05,Nút Tân Hoà – Trường THCS,2026-09-13,Chủ nhật,04:00,233,38.6,0.0,Nghi ngờ
N05,Nút Tân Hoà – Trường THCS,2026-09-13,Chủ nhật,05:00,242,38.8,0.0,OK
N05,Nút Tân Hoà – Trường THCS,2026-09-13,Chủ nhật,06:00,565,31.9,11.0,OK
N05,Nút Tân Hoà – Trường THCS,2026-09-13,Chủ nhật,07:00,700,31.2,29.0,OK
N05,Nút Tân Hoà – Trường THCS,2026-09-13,Chủ nhật,08:00,521,31.8,3.0,OK
N05,Nút Tân Hoà – Trường THCS,2026-09-13,Chủ nhật,09:00,385,34.0,0.0,OK
N05,Nút Tân Hoà – Trường THCS,2026-09-13,Chủ nhật,10:00,318,35.0,0.0,OK
N05,Nút Tân Hoà – Trường THCS,2026-09-13,Chủ nhật,11:00,352,34.4,0.0,OK
N05,Nút Tân Hoà – Trường THCS,2026-09-13,Chủ nhật,12:00,392,35.3,0.0,OK
N05,Nút Tân Hoà – Trường THCS,2026-09-13,Chủ nhật,13:00,324,38.0,0.0,OK
N05,Nút Tân Hoà – Trường THCS,2026-09-13,Chủ nhật,14:00,330,37.1,0.0,OK
N05,Nút Tân Hoà – Trường THCS,2026-09-13,Chủ nhật,15:00,388,36.4,0.0,OK
N05,Nút Tân Hoà – Trường THCS,2026-09-13,Chủ nhật,16:00,512,32.4,2.0,OK
N05,Nút Tân Hoà – Trường THCS,2026-09-13,Chủ nhật,17:00,721,30.1,40.0,OK
N05,Nút Tân Hoà – Trường THCS,2026-09-13,Chủ nhật,18:00,1310,31.9,25.0,Nghi ngờ
N05,Nút Tân Hoà – Trường THCS,2026-09-13,Chủ nhật,19:00,410,33.4,0.0,OK
N05,Nút Tân Hoà – Trường THCS,2026-09-13,Chủ nhật,20:00,271,36.2,0.0,OK
N05,Nút Tân Hoà – Trường THCS,2026-09-13,Chủ nhật,21:00,212,40.1,0.0,OK
N05,Nút Tân Hoà – Trường THCS,2026-09-13,Chủ nhật,22:00,138,41.5,0.0,OK
N05,Nút Tân Hoà – Trường THCS,2026-09-13,Chủ nhật,23:00,97,39.6,0.0,OK
N06,Nút Bình An – Quốc lộ,2026-09-07,Thứ hai,00:00,137,39.5,0.0,OK
N06,Nút Bình An – Quốc lộ,2026-09-07,Thứ hai,01:00,91,43.2,0.0,OK
N06,Nút Bình An – Quốc lộ,2026-09-07,Thứ hai,02:00,70,42.9,0.0,OK
N06,Nút Bình An – Quốc lộ,2026-09-07,Thứ hai,03:00,87,38.7,0.0,OK
N06,Nút Bình An – Quốc lộ,2026-09-07,Thứ hai,04:00,204,41.2,0.0,OK
N06,Nút Bình An – Quốc lộ,2026-09-07,Thứ hai,05:00,517,34.9,0.0,OK
N06,Nút Bình An – Quốc lộ,2026-09-07,Thứ hai,06:00,1290,24.5,74.0,OK
N06,Nút Bình An – Quốc lộ,2026-09-07,Thứ hai,07:00,1260,26.7,65.0,OK
N06,Nút Bình An – Quốc lộ,2026-09-07,Thứ hai,08:00,1124,27.5,65.0,OK
N06,Nút Bình An – Quốc lộ,2026-09-07,Thứ hai,09:00,751,30.9,9.0,OK
N06,Nút Bình An – Quốc lộ,2026-09-07,Thứ hai,10:00,633,32.8,0.0,OK
N06,Nút Bình An – Quốc lộ,2026-09-07,Thứ hai,11:00,839,29.3,20.0,OK
N06,Nút Bình An – Quốc lộ,2026-09-07,Thứ hai,12:00,788,30.5,15.0,OK
N06,Nút Bình An – Quốc lộ,2026-09-07,Thứ hai,13:00,773,33.8,13.0,OK
N06,Nút Bình An – Quốc lộ,2026-09-07,Thứ hai,14:00,721,33.1,8.0,OK
N06,Nút Bình An – Quốc lộ,2026-09-07,Thứ hai,15:00,731,34.0,8.0,OK
N06,Nút Bình An – Quốc lộ,2026-09-07,Thứ hai,16:00,1115,26.1,57.0,OK
N06,Nút Bình An – Quốc lộ,2026-09-07,Thứ hai,17:00,1536,22.5,110.0,OK
N06,Nút Bình An – Quốc lộ,2026-09-07,Thứ hai,18:00,1263,26.1,67.0,OK
N06,Nút Bình An – Quốc lộ,2026-09-07,Thứ hai,19:00,757,32.3,11.0,OK
N06,Nút Bình An – Quốc lộ,2026-09-07,Thứ hai,20:00,628,34.3,0.0,OK
N06,Nút Bình An – Quốc lộ,2026-09-07,Thứ hai,21:00,483,36.1,0.0,OK
N06,Nút Bình An – Quốc lộ,2026-09-07,Thứ hai,22:00,286,39.3,0.0,OK
N06,Nút Bình An – Quốc lộ,2026-09-07,Thứ hai,23:00,187,38.7,0.0,OK
N06,Nút Bình An – Quốc lộ,2026-09-08,Thứ ba,00:00,125,39.6,0.0,OK
N06,Nút Bình An – Quốc lộ,2026-09-08,Thứ ba,01:00,76,42.0,0.0,OK
N06,Nút Bình An – Quốc lộ,2026-09-08,Thứ ba,02:00,65,43.1,0.0,OK
N06,Nút Bình An – Quốc lộ,2026-09-08,Thứ ba,03:00,87,41.7,0.0,OK
N06,Nút Bình An – Quốc lộ,2026-09-08,Thứ ba,04:00,200,40.4,0.0,OK
N06,Nút Bình An – Quốc lộ,2026-09-08,Thứ ba,05:00,499,37.5,0.0,OK
N06,Nút Bình An – Quốc lộ,2026-09-08,Thứ ba,06:00,1185,26.1,57.0,OK
N06,Nút Bình An – Quốc lộ,2026-09-08,Thứ ba,07:00,1326,24.8,90.0,OK
N06,Nút Bình An – Quốc lộ,2026-09-08,Thứ ba,08:00,1053,28.8,51.0,OK
N06,Nút Bình An – Quốc lộ,2026-09-08,Thứ ba,09:00,758,31.2,11.0,OK
N06,Nút Bình An – Quốc lộ,2026-09-08,Thứ ba,10:00,638,32.1,0.0,OK
N06,Nút Bình An – Quốc lộ,2026-09-08,Thứ ba,11:00,742,31.1,10.0,OK
N06,Nút Bình An – Quốc lộ,2026-09-08,Thứ ba,12:00,787,30.9,15.0,OK
N06,Nút Bình An – Quốc lộ,2026-09-08,Thứ ba,13:00,639,32.3,0.0,OK
N06,Nút Bình An – Quốc lộ,2026-09-08,Thứ ba,14:00,639,33.5,0.0,OK
N06,Nút Bình An – Quốc lộ,2026-09-08,Thứ ba,15:00,864,32.0,22.0,OK
N06,Nút Bình An – Quốc lộ,2026-09-08,Thứ ba,16:00,1100,26.6,52.0,OK
N06,Nút Bình An – Quốc lộ,2026-09-08,Thứ ba,17:00,1322,24.8,72.0,OK
N06,Nút Bình An – Quốc lộ,2026-09-08,Thứ ba,18:00,1112,27.7,59.0,OK
N06,Nút Bình An – Quốc lộ,2026-09-08,Thứ ba,19:00,860,31.2,22.0,OK
N06,Nút Bình An – Quốc lộ,2026-09-08,Thứ ba,20:00,548,33.5,0.0,OK
N06,Nút Bình An – Quốc lộ,2026-09-08,Thứ ba,21:00,435,35.5,0.0,OK
N06,Nút Bình An – Quốc lộ,2026-09-08,Thứ ba,22:00,308,37.5,0.0,OK
N06,Nút Bình An – Quốc lộ,2026-09-08,Thứ ba,23:00,200,40.3,0.0,OK
N06,Nút Bình An – Quốc lộ,2026-09-09,Thứ tư,00:00,129,39.1,0.0,OK
N06,Nút Bình An – Quốc lộ,2026-09-09,Thứ tư,01:00,79,42.1,0.0,OK
N06,Nút Bình An – Quốc lộ,2026-09-09,Thứ tư,02:00,70,40.1,0.0,OK
N06,Nút Bình An – Quốc lộ,2026-09-09,Thứ tư,03:00,88,38.7,0.0,OK
N06,Nút Bình An – Quốc lộ,2026-09-09,Thứ tư,04:00,,,,Mất tín hiệu
N06,Nút Bình An – Quốc lộ,2026-09-09,Thứ tư,05:00,,,,Mất tín hiệu
N06,Nút Bình An – Quốc lộ,2026-09-09,Thứ tư,06:00,,,,Mất tín hiệu
N06,Nút Bình An – Quốc lộ,2026-09-09,Thứ tư,07:00,,,,Mất tín hiệu
N06,Nút Bình An – Quốc lộ,2026-09-09,Thứ tư,08:00,,,,Mất tín hiệu
N06,Nút Bình An – Quốc lộ,2026-09-09,Thứ tư,09:00,,,,Mất tín hiệu
N06,Nút Bình An – Quốc lộ,2026-09-09,Thứ tư,10:00,,,,Mất tín hiệu
N06,Nút Bình An – Quốc lộ,2026-09-09,Thứ tư,11:00,,,,Mất tín hiệu
N06,Nút Bình An – Quốc lộ,2026-09-09,Thứ tư,12:00,,,,Mất tín hiệu
N06,Nút Bình An – Quốc lộ,2026-09-09,Thứ tư,13:00,,,,Mất tín hiệu
N06,Nút Bình An – Quốc lộ,2026-09-09,Thứ tư,14:00,,,,Mất tín hiệu
N06,Nút Bình An – Quốc lộ,2026-09-09,Thứ tư,15:00,,,,Mất tín hiệu
N06,Nút Bình An – Quốc lộ,2026-09-09,Thứ tư,16:00,,,,Mất tín hiệu
N06,Nút Bình An – Quốc lộ,2026-09-09,Thứ tư,17:00,,,,Mất tín hiệu
N06,Nút Bình An – Quốc lộ,2026-09-09,Thứ tư,18:00,1224,26.1,80.0,OK
N06,Nút Bình An – Quốc lộ,2026-09-09,Thứ tư,19:00,792,33.4,17.0,OK
N06,Nút Bình An – Quốc lộ,2026-09-09,Thứ tư,20:00,630,33.0,0.0,OK
N06,Nút Bình An – Quốc lộ,2026-09-09,Thứ tư,21:00,463,35.9,0.0,OK
N06,Nút Bình An – Quốc lộ,2026-09-09,Thứ tư,22:00,325,36.5,0.0,OK
N06,Nút Bình An – Quốc lộ,2026-09-09,Thứ tư,23:00,177,38.7,0.0,OK
N06,Nút Bình An – Quốc lộ,2026-09-10,Thứ năm,00:00,131,41.7,0.0,OK
N06,Nút Bình An – Quốc lộ,2026-09-10,Thứ năm,01:00,75,42.3,0.0,OK
N06,Nút Bình An – Quốc lộ,2026-09-10,Thứ năm,02:00,66,43.5,0.0,OK
N06,Nút Bình An – Quốc lộ,2026-09-10,Thứ năm,03:00,75,39.6,0.0,OK
N06,Nút Bình An – Quốc lộ,2026-09-10,Thứ năm,04:00,179,40.5,0.0,OK
N06,Nút Bình An – Quốc lộ,2026-09-10,Thứ năm,05:00,535,33.2,0.0,OK
N06,Nút Bình An – Quốc lộ,2026-09-10,Thứ năm,06:00,1167,28.0,55.0,OK
N06,Nút Bình An – Quốc lộ,2026-09-10,Thứ năm,07:00,1352,25.8,96.0,OK
N06,Nút Bình An – Quốc lộ,2026-09-10,Thứ năm,08:00,948,31.5,40.0,OK
N06,Nút Bình An – Quốc lộ,2026-09-10,Thứ năm,09:00,768,30.8,14.0,OK
N06,Nút Bình An – Quốc lộ,2026-09-10,Thứ năm,10:00,703,31.3,4.0,OK
N06,Nút Bình An – Quốc lộ,2026-09-10,Thứ năm,11:00,797,32.6,15.0,OK
N06,Nút Bình An – Quốc lộ,2026-09-10,Thứ năm,12:00,790,30.2,16.0,OK
N06,Nút Bình An – Quốc lộ,2026-09-10,Thứ năm,13:00,651,31.6,0.0,OK
N06,Nút Bình An – Quốc lộ,2026-09-10,Thứ năm,14:00,644,32.3,0.0,OK
N06,Nút Bình An – Quốc lộ,2026-09-10,Thứ năm,15:00,739,32.2,9.0,OK
N06,Nút Bình An – Quốc lộ,2026-09-10,Thứ năm,16:00,1108,28.6,53.0,OK
N06,Nút Bình An – Quốc lộ,2026-09-10,Thứ năm,17:00,1481,21.8,104.0,OK
N06,Nút Bình An – Quốc lộ,2026-09-10,Thứ năm,18:00,1176,26.0,55.0,OK
N06,Nút Bình An – Quốc lộ,2026-09-10,Thứ năm,19:00,756,31.4,12.0,OK
N06,Nút Bình An – Quốc lộ,2026-09-10,Thứ năm,20:00,605,33.3,0.0,OK
N06,Nút Bình An – Quốc lộ,2026-09-10,Thứ năm,21:00,461,34.5,0.0,OK
N06,Nút Bình An – Quốc lộ,2026-09-10,Thứ năm,22:00,304,38.6,0.0,OK
N06,Nút Bình An – Quốc lộ,2026-09-10,Thứ năm,23:00,179,39.8,0.0,OK
N06,Nút Bình An – Quốc lộ,2026-09-11,Thứ sáu,00:00,142,39.8,0.0,OK
N06,Nút Bình An – Quốc lộ,2026-09-11,Thứ sáu,01:00,90,41.0,0.0,OK
N06,Nút Bình An – Quốc lộ,2026-09-11,Thứ sáu,02:00,68,42.5,0.0,OK
N06,Nút Bình An – Quốc lộ,2026-09-11,Thứ sáu,03:00,96,39.3,0.0,OK
N06,Nút Bình An – Quốc lộ,2026-09-11,Thứ sáu,04:00,183,37.3,0.0,OK
N06,Nút Bình An – Quốc lộ,2026-09-11,Thứ sáu,05:00,550,34.4,0.0,OK
N06,Nút Bình An – Quốc lộ,2026-09-11,Thứ sáu,06:00,1316,24.3,80.0,OK
N06,Nút Bình An – Quốc lộ,2026-09-11,Thứ sáu,07:00,1524,22.1,92.0,OK
N06,Nút Bình An – Quốc lộ,2026-09-11,Thứ sáu,08:00,1134,26.6,53.0,OK
N06,Nút Bình An – Quốc lộ,2026-09-11,Thứ sáu,09:00,795,33.3,17.0,OK
N06,Nút Bình An – Quốc lộ,2026-09-11,Thứ sáu,10:00,720,32.0,8.0,OK
N06,Nút Bình An – Quốc lộ,2026-09-11,Thứ sáu,11:00,908,30.6,26.0,OK
N06,Nút Bình An – Quốc lộ,2026-09-11,Thứ sáu,12:00,831,31.5,18.0,OK
N06,Nút Bình An – Quốc lộ,2026-09-11,Thứ sáu,13:00,754,32.0,11.0,OK
N06,Nút Bình An – Quốc lộ,2026-09-11,Thứ sáu,14:00,684,34.3,2.0,OK
N06,Nút Bình An – Quốc lộ,2026-09-11,Thứ sáu,15:00,854,32.1,21.0,OK
N06,Nút Bình An – Quốc lộ,2026-09-11,Thứ sáu,16:00,1133,25.8,54.0,OK
N06,Nút Bình An – Quốc lộ,2026-09-11,Thứ sáu,17:00,1481,23.1,108.0,OK
N06,Nút Bình An – Quốc lộ,2026-09-11,Thứ sáu,18:00,1280,25.5,77.0,OK
N06,Nút Bình An – Quốc lộ,2026-09-11,Thứ sáu,19:00,832,29.5,21.0,OK
N06,Nút Bình An – Quốc lộ,2026-09-11,Thứ sáu,20:00,688,32.1,3.0,OK
N06,Nút Bình An – Quốc lộ,2026-09-11,Thứ sáu,21:00,445,36.2,0.0,OK
N06,Nút Bình An – Quốc lộ,2026-09-11,Thứ sáu,22:00,309,38.5,0.0,OK
N06,Nút Bình An – Quốc lộ,2026-09-11,Thứ sáu,23:00,198,41.4,0.0,OK
N06,Nút Bình An – Quốc lộ,2026-09-12,Thứ bảy,00:00,106,40.6,0.0,OK
N06,Nút Bình An – Quốc lộ,2026-09-12,Thứ bảy,01:00,67,40.5,0.0,OK
N06,Nút Bình An – Quốc lộ,2026-09-12,Thứ bảy,02:00,54,40.6,0.0,OK
N06,Nút Bình An – Quốc lộ,2026-09-12,Thứ bảy,03:00,68,40.6,0.0,OK
N06,Nút Bình An – Quốc lộ,2026-09-12,Thứ bảy,04:00,163,39.6,0.0,OK
N06,Nút Bình An – Quốc lộ,2026-09-12,Thứ bảy,05:00,452,34.3,0.0,OK
N06,Nút Bình An – Quốc lộ,2026-09-12,Thứ bảy,06:00,1023,27.1,47.0,OK
N06,Nút Bình An – Quốc lộ,2026-09-12,Thứ bảy,07:00,1241,25.2,82.0,OK
N06,Nút Bình An – Quốc lộ,2026-09-12,Thứ bảy,08:00,844,31.1,25.0,OK
N06,Nút Bình An – Quốc lộ,2026-09-12,Thứ bảy,09:00,676,31.3,1.0,OK
N06,Nút Bình An – Quốc lộ,2026-09-12,Thứ bảy,10:00,610,33.5,0.0,OK
N06,Nút Bình An – Quốc lộ,2026-09-12,Thứ bảy,11:00,715,31.7,6.0,OK
N06,Nút Bình An – Quốc lộ,2026-09-12,Thứ bảy,12:00,708,32.9,5.0,OK
N06,Nút Bình An – Quốc lộ,2026-09-12,Thứ bảy,13:00,639,32.8,0.0,OK
N06,Nút Bình An – Quốc lộ,2026-09-12,Thứ bảy,14:00,574,33.8,0.0,OK
N06,Nút Bình An – Quốc lộ,2026-09-12,Thứ bảy,15:00,711,31.8,6.0,OK
N06,Nút Bình An – Quốc lộ,2026-09-12,Thứ bảy,16:00,882,29.1,30.0,OK
N06,Nút Bình An – Quốc lộ,2026-09-12,Thứ bảy,17:00,1070,29.3,56.0,OK
N06,Nút Bình An – Quốc lộ,2026-09-12,Thứ bảy,18:00,1017,27.9,38.0,OK
N06,Nút Bình An – Quốc lộ,2026-09-12,Thứ bảy,19:00,747,33.0,10.0,OK
N06,Nút Bình An – Quốc lộ,2026-09-12,Thứ bảy,20:00,499,37.3,0.0,OK
N06,Nút Bình An – Quốc lộ,2026-09-12,Thứ bảy,21:00,383,35.6,0.0,OK
N06,Nút Bình An – Quốc lộ,2026-09-12,Thứ bảy,22:00,256,39.3,0.0,OK
N06,Nút Bình An – Quốc lộ,2026-09-12,Thứ bảy,23:00,151,40.6,0.0,OK
N06,Nút Bình An – Quốc lộ,2026-09-13,Chủ nhật,00:00,87,39.0,0.0,OK
N06,Nút Bình An – Quốc lộ,2026-09-13,Chủ nhật,01:00,58,39.7,0.0,OK
N06,Nút Bình An – Quốc lộ,2026-09-13,Chủ nhật,02:00,44,43.3,0.0,OK
N06,Nút Bình An – Quốc lộ,2026-09-13,Chủ nhật,03:00,59,39.7,0.0,OK
N06,Nút Bình An – Quốc lộ,2026-09-13,Chủ nhật,04:00,134,38.5,0.0,OK
N06,Nút Bình An – Quốc lộ,2026-09-13,Chủ nhật,05:00,314,35.8,0.0,OK
N06,Nút Bình An – Quốc lộ,2026-09-13,Chủ nhật,06:00,784,31.8,16.0,OK
N06,Nút Bình An – Quốc lộ,2026-09-13,Chủ nhật,07:00,948,29.3,33.0,OK
N06,Nút Bình An – Quốc lộ,2026-09-13,Chủ nhật,08:00,647,34.5,0.0,OK
N06,Nút Bình An – Quốc lộ,2026-09-13,Chủ nhật,09:00,494,33.7,0.0,OK
N06,Nút Bình An – Quốc lộ,2026-09-13,Chủ nhật,10:00,490,33.6,0.0,OK
N06,Nút Bình An – Quốc lộ,2026-09-13,Chủ nhật,11:00,528,35.4,0.0,OK
N06,Nút Bình An – Quốc lộ,2026-09-13,Chủ nhật,12:00,553,35.0,0.0,OK
N06,Nút Bình An – Quốc lộ,2026-09-13,Chủ nhật,13:00,470,37.2,0.0,OK
N06,Nút Bình An – Quốc lộ,2026-09-13,Chủ nhật,14:00,435,36.4,0.0,OK
N06,Nút Bình An – Quốc lộ,2026-09-13,Chủ nhật,15:00,536,34.0,0.0,OK
N06,Nút Bình An – Quốc lộ,2026-09-13,Chủ nhật,16:00,704,31.1,5.0,OK
N06,Nút Bình An – Quốc lộ,2026-09-13,Chủ nhật,17:00,824,32.0,18.0,OK
N06,Nút Bình An – Quốc lộ,2026-09-13,Chủ nhật,18:00,867,29.3,26.0,OK
N06,Nút Bình An – Quốc lộ,2026-09-13,Chủ nhật,19:00,586,36.0,0.0,OK
N06,Nút Bình An – Quốc lộ,2026-09-13,Chủ nhật,20:00,360,37.6,0.0,OK
N06,Nút Bình An – Quốc lộ,2026-09-13,Chủ nhật,21:00,299,36.5,0.0,OK
N06,Nút Bình An – Quốc lộ,2026-09-13,Chủ nhật,22:00,191,41.1,0.0,OK
N06,Nút Bình An – Quốc lộ,2026-09-13,Chủ nhật,23:00,123,39.9,0.0,OK
N07,Nút Mỹ Khánh – Bến xe,2026-09-07,Thứ hai,00:00,83,40.6,0.0,OK
N07,Nút Mỹ Khánh – Bến xe,2026-09-07,Thứ hai,01:00,51,40.2,0.0,OK
N07,Nút Mỹ Khánh – Bến xe,2026-09-07,Thứ hai,02:00,44,43.3,0.0,OK
N07,Nút Mỹ Khánh – Bến xe,2026-09-07,Thứ hai,03:00,55,41.1,0.0,OK
N07,Nút Mỹ Khánh – Bến xe,2026-09-07,Thứ hai,04:00,134,38.0,0.0,OK
N07,Nút Mỹ Khánh – Bến xe,2026-09-07,Thứ hai,05:00,345,34.9,0.0,OK
N07,Nút Mỹ Khánh – Bến xe,2026-09-07,Thứ hai,06:00,699,31.0,35.0,OK
N07,Nút Mỹ Khánh – Bến xe,2026-09-07,Thứ hai,07:00,803,29.4,50.0,OK
N07,Nút Mỹ Khánh – Bến xe,2026-09-07,Thứ hai,08:00,708,30.6,30.0,OK
N07,Nút Mỹ Khánh – Bến xe,2026-09-07,Thứ hai,09:00,454,35.2,0.0,OK
N07,Nút Mỹ Khánh – Bến xe,2026-09-07,Thứ hai,10:00,433,32.4,0.0,OK
N07,Nút Mỹ Khánh – Bến xe,2026-09-07,Thứ hai,11:00,491,32.6,0.0,OK
N07,Nút Mỹ Khánh – Bến xe,2026-09-07,Thứ hai,12:00,509,32.6,2.0,OK
N07,Nút Mỹ Khánh – Bến xe,2026-09-07,Thứ hai,13:00,488,32.5,0.0,OK
N07,Nút Mỹ Khánh – Bến xe,2026-09-07,Thứ hai,14:00,443,36.4,0.0,OK
N07,Nút Mỹ Khánh – Bến xe,2026-09-07,Thứ hai,15:00,468,33.8,0.0,OK
N07,Nút Mỹ Khánh – Bến xe,2026-09-07,Thứ hai,16:00,767,29.2,43.0,OK
N07,Nút Mỹ Khánh – Bến xe,2026-09-07,Thứ hai,17:00,817,28.7,48.0,OK
N07,Nút Mỹ Khánh – Bến xe,2026-09-07,Thứ hai,18:00,707,30.2,32.0,OK
N07,Nút Mỹ Khánh – Bến xe,2026-09-07,Thứ hai,19:00,545,32.5,9.0,OK
N07,Nút Mỹ Khánh – Bến xe,2026-09-07,Thứ hai,20:00,366,35.1,0.0,OK
N07,Nút Mỹ Khánh – Bến xe,2026-09-07,Thứ hai,21:00,276,36.3,0.0,OK
N07,Nút Mỹ Khánh – Bến xe,2026-09-07,Thứ hai,22:00,188,37.6,0.0,OK
N07,Nút Mỹ Khánh – Bến xe,2026-09-07,Thứ hai,23:00,131,38.3,0.0,OK
N07,Nút Mỹ Khánh – Bến xe,2026-09-08,Thứ ba,00:00,91,41.6,0.0,OK
N07,Nút Mỹ Khánh – Bến xe,2026-09-08,Thứ ba,01:00,50,42.6,0.0,OK
N07,Nút Mỹ Khánh – Bến xe,2026-09-08,Thứ ba,02:00,45,43.4,0.0,OK
N07,Nút Mỹ Khánh – Bến xe,2026-09-08,Thứ ba,03:00,47,40.3,0.0,OK
N07,Nút Mỹ Khánh – Bến xe,2026-09-08,Thứ ba,04:00,130,40.9,0.0,OK
N07,Nút Mỹ Khánh – Bến xe,2026-09-08,Thứ ba,05:00,293,35.5,0.0,OK
N07,Nút Mỹ Khánh – Bến xe,2026-09-08,Thứ ba,06:00,701,28.3,36.0,OK
N07,Nút Mỹ Khánh – Bến xe,2026-09-08,Thứ ba,07:00,833,26.8,56.0,OK
N07,Nút Mỹ Khánh – Bến xe,2026-09-08,Thứ ba,08:00,647,29.7,22.0,OK
N07,Nút Mỹ Khánh – Bến xe,2026-09-08,Thứ ba,09:00,429,35.9,0.0,OK
N07,Nút Mỹ Khánh – Bến xe,2026-09-08,Thứ ba,10:00,445,34.2,0.0,OK
N07,Nút Mỹ Khánh – Bến xe,2026-09-08,Thứ ba,11:00,521,33.1,4.0,OK
N07,Nút Mỹ Khánh – Bến xe,2026-09-08,Thứ ba,12:00,483,35.6,0.0,OK
N07,Nút Mỹ Khánh – Bến xe,2026-09-08,Thứ ba,13:00,467,34.8,0.0,OK
N07,Nút Mỹ Khánh – Bến xe,2026-09-08,Thứ ba,14:00,448,34.5,0.0,OK
N07,Nút Mỹ Khánh – Bến xe,2026-09-08,Thứ ba,15:00,497,33.1,0.0,OK
N07,Nút Mỹ Khánh – Bến xe,2026-09-08,Thứ ba,16:00,742,29.0,45.0,OK
N07,Nút Mỹ Khánh – Bến xe,2026-09-08,Thứ ba,17:00,881,25.7,65.0,OK
N07,Nút Mỹ Khánh – Bến xe,2026-09-08,Thứ ba,18:00,817,27.3,48.0,OK
N07,Nút Mỹ Khánh – Bến xe,2026-09-08,Thứ ba,19:00,554,33.0,8.0,OK
N07,Nút Mỹ Khánh – Bến xe,2026-09-08,Thứ ba,20:00,356,37.4,0.0,OK
N07,Nút Mỹ Khánh – Bến xe,2026-09-08,Thứ ba,21:00,258,38.0,0.0,OK
N07,Nút Mỹ Khánh – Bến xe,2026-09-08,Thứ ba,22:00,199,36.4,0.0,OK
N07,Nút Mỹ Khánh – Bến xe,2026-09-08,Thứ ba,23:00,121,39.2,0.0,OK
N07,Nút Mỹ Khánh – Bến xe,2026-09-09,Thứ tư,00:00,77,42.4,0.0,OK
N07,Nút Mỹ Khánh – Bến xe,2026-09-09,Thứ tư,01:00,48,43.4,0.0,OK
N07,Nút Mỹ Khánh – Bến xe,2026-09-09,Thứ tư,02:00,41,39.0,0.0,OK
N07,Nút Mỹ Khánh – Bến xe,2026-09-09,Thứ tư,03:00,55,39.5,0.0,OK
N07,Nút Mỹ Khánh – Bến xe,2026-09-09,Thứ tư,04:00,106,38.4,0.0,OK
N07,Nút Mỹ Khánh – Bến xe,2026-09-09,Thứ tư,05:00,345,37.0,0.0,OK
N07,Nút Mỹ Khánh – Bến xe,2026-09-09,Thứ tư,06:00,746,29.4,40.0,OK
N07,Nút Mỹ Khánh – Bến xe,2026-09-09,Thứ tư,07:00,849,25.9,53.0,OK
N07,Nút Mỹ Khánh – Bến xe,2026-09-09,Thứ tư,08:00,582,32.9,13.0,OK
N07,Nút Mỹ Khánh – Bến xe,2026-09-09,Thứ tư,09:00,437,33.9,0.0,OK
N07,Nút Mỹ Khánh – Bến xe,2026-09-09,Thứ tư,10:00,390,34.1,0.0,OK
N07,Nút Mỹ Khánh – Bến xe,2026-09-09,Thứ tư,11:00,504,32.3,1.0,OK
N07,Nút Mỹ Khánh – Bến xe,2026-09-09,Thứ tư,12:00,552,34.2,9.0,OK
N07,Nút Mỹ Khánh – Bến xe,2026-09-09,Thứ tư,13:00,396,34.2,0.0,OK
N07,Nút Mỹ Khánh – Bến xe,2026-09-09,Thứ tư,14:00,451,32.3,0.0,OK
N07,Nút Mỹ Khánh – Bến xe,2026-09-09,Thứ tư,15:00,537,34.0,6.0,OK
N07,Nút Mỹ Khánh – Bến xe,2026-09-09,Thứ tư,16:00,629,31.7,21.0,OK
N07,Nút Mỹ Khánh – Bến xe,2026-09-09,Thứ tư,17:00,912,25.0,67.0,OK
N07,Nút Mỹ Khánh – Bến xe,2026-09-09,Thứ tư,18:00,764,27.2,40.0,OK
N07,Nút Mỹ Khánh – Bến xe,2026-09-09,Thứ tư,19:00,486,33.2,0.0,OK
N07,Nút Mỹ Khánh – Bến xe,2026-09-09,Thứ tư,20:00,393,36.5,0.0,OK
N07,Nút Mỹ Khánh – Bến xe,2026-09-09,Thứ tư,21:00,293,37.9,0.0,OK
N07,Nút Mỹ Khánh – Bến xe,2026-09-09,Thứ tư,22:00,199,36.4,0.0,OK
N07,Nút Mỹ Khánh – Bến xe,2026-09-09,Thứ tư,23:00,115,38.2,0.0,OK
N07,Nút Mỹ Khánh – Bến xe,2026-09-10,Thứ năm,00:00,88,40.2,0.0,OK
N07,Nút Mỹ Khánh – Bến xe,2026-09-10,Thứ năm,01:00,50,41.7,0.0,OK
N07,Nút Mỹ Khánh – Bến xe,2026-09-10,Thứ năm,02:00,40,42.0,0.0,OK
N07,Nút Mỹ Khánh – Bến xe,2026-09-10,Thứ năm,03:00,50,39.3,0.0,OK
N07,Nút Mỹ Khánh – Bến xe,2026-09-10,Thứ năm,04:00,129,40.0,0.0,OK
N07,Nút Mỹ Khánh – Bến xe,2026-09-10,Thứ năm,05:00,302,34.7,0.0,OK
N07,Nút Mỹ Khánh – Bến xe,2026-09-10,Thứ năm,06:00,704,29.8,37.0,OK
N07,Nút Mỹ Khánh – Bến xe,2026-09-10,Thứ năm,07:00,805,28.8,49.0,OK
N07,Nút Mỹ Khánh – Bến xe,2026-09-10,Thứ năm,08:00,690,31.8,28.0,OK
N07,Nút Mỹ Khánh – Bến xe,2026-09-10,Thứ năm,09:00,485,34.1,0.0,OK
N07,Nút Mỹ Khánh – Bến xe,2026-09-10,Thứ năm,10:00,461,33.4,0.0,OK
N07,Nút Mỹ Khánh – Bến xe,2026-09-10,Thứ năm,11:00,533,33.0,5.0,OK
N07,Nút Mỹ Khánh – Bến xe,2026-09-10,Thứ năm,12:00,529,33.4,5.0,OK
N07,Nút Mỹ Khánh – Bến xe,2026-09-10,Thứ năm,13:00,441,34.0,0.0,OK
N07,Nút Mỹ Khánh – Bến xe,2026-09-10,Thứ năm,14:00,414,36.3,0.0,OK
N07,Nút Mỹ Khánh – Bến xe,2026-09-10,Thứ năm,15:00,527,34.6,4.0,OK
N07,Nút Mỹ Khánh – Bến xe,2026-09-10,Thứ năm,16:00,670,31.6,30.0,OK
N07,Nút Mỹ Khánh – Bến xe,2026-09-10,Thứ năm,17:00,779,27.3,49.0,OK
N07,Nút Mỹ Khánh – Bến xe,2026-09-10,Thứ năm,18:00,826,27.0,62.0,OK
N07,Nút Mỹ Khánh – Bến xe,2026-09-10,Thứ năm,19:00,551,31.5,8.0,OK
N07,Nút Mỹ Khánh – Bến xe,2026-09-10,Thứ năm,20:00,354,34.7,0.0,OK
N07,Nút Mỹ Khánh – Bến xe,2026-09-10,Thứ năm,21:00,270,35.9,0.0,OK
N07,Nút Mỹ Khánh – Bến xe,2026-09-10,Thứ năm,22:00,177,40.7,0.0,OK
N07,Nút Mỹ Khánh – Bến xe,2026-09-10,Thứ năm,23:00,132,40.0,0.0,OK
N07,Nút Mỹ Khánh – Bến xe,2026-09-11,Thứ sáu,00:00,94,41.0,0.0,OK
N07,Nút Mỹ Khánh – Bến xe,2026-09-11,Thứ sáu,01:00,59,38.5,0.0,OK
N07,Nút Mỹ Khánh – Bến xe,2026-09-11,Thứ sáu,02:00,50,42.9,0.0,OK
N07,Nút Mỹ Khánh – Bến xe,2026-09-11,Thứ sáu,03:00,56,39.2,0.0,OK
N07,Nút Mỹ Khánh – Bến xe,2026-09-11,Thứ sáu,04:00,137,39.6,0.0,OK
N07,Nút Mỹ Khánh – Bến xe,2026-09-11,Thứ sáu,05:00,338,37.1,0.0,OK
N07,Nút Mỹ Khánh – Bến xe,2026-09-11,Thứ sáu,06:00,781,28.6,47.0,OK
N07,Nút Mỹ Khánh – Bến xe,2026-09-11,Thứ sáu,07:00,927,25.6,68.0,OK
N07,Nút Mỹ Khánh – Bến xe,2026-09-11,Thứ sáu,08:00,660,29.3,27.0,OK
N07,Nút Mỹ Khánh – Bến xe,2026-09-11,Thứ sáu,09:00,503,32.9,1.0,OK
N07,Nút Mỹ Khánh – Bến xe,2026-09-11,Thứ sáu,10:00,425,32.8,0.0,OK
N07,Nút Mỹ Khánh – Bến xe,2026-09-11,Thứ sáu,11:00,545,31.2,8.0,OK
N07,Nút Mỹ Khánh – Bến xe,2026-09-11,Thứ sáu,12:00,546,33.8,8.0,OK
N07,Nút Mỹ Khánh – Bến xe,2026-09-11,Thứ sáu,13:00,489,32.6,0.0,OK
N07,Nút Mỹ Khánh – Bến xe,2026-09-11,Thứ sáu,14:00,451,34.9,0.0,OK
N07,Nút Mỹ Khánh – Bến xe,2026-09-11,Thứ sáu,15:00,499,32.4,0.0,OK
N07,Nút Mỹ Khánh – Bến xe,2026-09-11,Thứ sáu,16:00,804,27.9,55.0,OK
N07,Nút Mỹ Khánh – Bến xe,2026-09-11,Thứ sáu,17:00,990,26.2,75.0,OK
N07,Nút Mỹ Khánh – Bến xe,2026-09-11,Thứ sáu,18:00,730,29.0,43.0,OK
N07,Nút Mỹ Khánh – Bến xe,2026-09-11,Thứ sáu,19:00,560,32.8,11.0,OK
N07,Nút Mỹ Khánh – Bến xe,2026-09-11,Thứ sáu,20:00,395,34.2,0.0,OK
N07,Nút Mỹ Khánh – Bến xe,2026-09-11,Thứ sáu,21:00,290,37.0,0.0,OK
N07,Nút Mỹ Khánh – Bến xe,2026-09-11,Thứ sáu,22:00,186,38.7,0.0,OK
N07,Nút Mỹ Khánh – Bến xe,2026-09-11,Thứ sáu,23:00,137,40.7,0.0,OK
N07,Nút Mỹ Khánh – Bến xe,2026-09-12,Thứ bảy,00:00,71,39.1,0.0,OK
N07,Nút Mỹ Khánh – Bến xe,2026-09-12,Thứ bảy,01:00,42,39.6,0.0,OK
N07,Nút Mỹ Khánh – Bến xe,2026-09-12,Thứ bảy,02:00,68,39.3,0.0,Nghi ngờ
N07,Nút Mỹ Khánh – Bến xe,2026-09-12,Thứ bảy,03:00,39,39.3,0.0,OK
N07,Nút Mỹ Khánh – Bến xe,2026-09-12,Thứ bảy,04:00,101,39.6,0.0,OK
N07,Nút Mỹ Khánh – Bến xe,2026-09-12,Thứ bảy,05:00,282,35.1,0.0,OK
N07,Nút Mỹ Khánh – Bến xe,2026-09-12,Thứ bảy,06:00,635,31.9,24.0,OK
N07,Nút Mỹ Khánh – Bến xe,2026-09-12,Thứ bảy,07:00,646,32.2,27.0,OK
N07,Nút Mỹ Khánh – Bến xe,2026-09-12,Thứ bảy,08:00,502,34.7,1.0,OK
N07,Nút Mỹ Khánh – Bến xe,2026-09-12,Thứ bảy,09:00,358,35.9,0.0,OK
N07,Nút Mỹ Khánh – Bến xe,2026-09-12,Thứ bảy,10:00,354,35.2,0.0,OK
N07,Nút Mỹ Khánh – Bến xe,2026-09-12,Thứ bảy,11:00,401,37.0,0.0,OK
N07,Nút Mỹ Khánh – Bến xe,2026-09-12,Thứ bảy,12:00,412,34.6,0.0,OK
N07,Nút Mỹ Khánh – Bến xe,2026-09-12,Thứ bảy,13:00,374,34.4,0.0,OK
N07,Nút Mỹ Khánh – Bến xe,2026-09-12,Thứ bảy,14:00,335,38.3,0.0,OK
N07,Nút Mỹ Khánh – Bến xe,2026-09-12,Thứ bảy,15:00,377,33.5,0.0,OK
N07,Nút Mỹ Khánh – Bến xe,2026-09-12,Thứ bảy,16:00,602,30.0,15.0,OK
N07,Nút Mỹ Khánh – Bến xe,2026-09-12,Thứ bảy,17:00,686,30.5,34.0,OK
N07,Nút Mỹ Khánh – Bến xe,2026-09-12,Thứ bảy,18:00,615,33.1,21.0,OK
N07,Nút Mỹ Khánh – Bến xe,2026-09-12,Thứ bảy,19:00,415,36.3,0.0,OK
N07,Nút Mỹ Khánh – Bến xe,2026-09-12,Thứ bảy,20:00,344,37.1,0.0,OK
N07,Nút Mỹ Khánh – Bến xe,2026-09-12,Thứ bảy,21:00,229,37.4,0.0,OK
N07,Nút Mỹ Khánh – Bến xe,2026-09-12,Thứ bảy,22:00,171,40.5,0.0,OK
N07,Nút Mỹ Khánh – Bến xe,2026-09-12,Thứ bảy,23:00,95,40.3,0.0,OK
N07,Nút Mỹ Khánh – Bến xe,2026-09-13,Chủ nhật,00:00,55,43.1,0.0,OK
N07,Nút Mỹ Khánh – Bến xe,2026-09-13,Chủ nhật,01:00,31,40.6,0.0,OK
N07,Nút Mỹ Khánh – Bến xe,2026-09-13,Chủ nhật,02:00,28,41.2,0.0,OK
N07,Nút Mỹ Khánh – Bến xe,2026-09-13,Chủ nhật,03:00,32,40.6,0.0,OK
N07,Nút Mỹ Khánh – Bến xe,2026-09-13,Chủ nhật,04:00,78,42.0,0.0,OK
N07,Nút Mỹ Khánh – Bến xe,2026-09-13,Chủ nhật,05:00,234,39.7,0.0,OK
N07,Nút Mỹ Khánh – Bến xe,2026-09-13,Chủ nhật,06:00,484,32.8,0.0,OK
N07,Nút Mỹ Khánh – Bến xe,2026-09-13,Chủ nhật,07:00,589,30.1,15.0,OK
N07,Nút Mỹ Khánh – Bến xe,2026-09-13,Chủ nhật,08:00,454,36.1,0.0,OK
N07,Nút Mỹ Khánh – Bến xe,2026-09-13,Chủ nhật,09:00,310,38.1,0.0,OK
N07,Nút Mỹ Khánh – Bến xe,2026-09-13,Chủ nhật,10:00,279,36.7,0.0,OK
N07,Nút Mỹ Khánh – Bến xe,2026-09-13,Chủ nhật,11:00,333,36.4,0.0,OK
N07,Nút Mỹ Khánh – Bến xe,2026-09-13,Chủ nhật,12:00,331,36.7,0.0,OK
N07,Nút Mỹ Khánh – Bến xe,2026-09-13,Chủ nhật,13:00,282,38.5,0.0,OK
N07,Nút Mỹ Khánh – Bến xe,2026-09-13,Chủ nhật,14:00,265,38.3,0.0,OK
N07,Nút Mỹ Khánh – Bến xe,2026-09-13,Chủ nhật,15:00,330,35.1,0.0,OK
N07,Nút Mỹ Khánh – Bến xe,2026-09-13,Chủ nhật,16:00,497,32.0,0.0,OK
N07,Nút Mỹ Khánh – Bến xe,2026-09-13,Chủ nhật,17:00,525,32.5,5.0,OK
N07,Nút Mỹ Khánh – Bến xe,2026-09-13,Chủ nhật,18:00,538,32.4,6.0,OK
N07,Nút Mỹ Khánh – Bến xe,2026-09-13,Chủ nhật,19:00,364,34.5,0.0,OK
N07,Nút Mỹ Khánh – Bến xe,2026-09-13,Chủ nhật,20:00,236,35.8,0.0,OK
N07,Nút Mỹ Khánh – Bến xe,2026-09-13,Chủ nhật,21:00,167,41.0,0.0,OK
N07,Nút Mỹ Khánh – Bến xe,2026-09-13,Chủ nhật,22:00,122,38.5,0.0,OK
N07,Nút Mỹ Khánh – Bến xe,2026-09-13,Chủ nhật,23:00,79,38.9,0.0,OK
N08,Nút Long Thành – Cầu vượt,2026-09-07,Thứ hai,00:00,109,39.4,0.0,OK
N08,Nút Long Thành – Cầu vượt,2026-09-07,Thứ hai,01:00,66,40.6,0.0,OK
N08,Nút Long Thành – Cầu vượt,2026-09-07,Thứ hai,02:00,52,43.2,0.0,OK
N08,Nút Long Thành – Cầu vượt,2026-09-07,Thứ hai,03:00,72,39.8,0.0,OK
N08,Nút Long Thành – Cầu vượt,2026-09-07,Thứ hai,04:00,149,39.8,0.0,OK
N08,Nút Long Thành – Cầu vượt,2026-09-07,Thứ hai,05:00,475,37.0,0.0,OK
N08,Nút Long Thành – Cầu vượt,2026-09-07,Thứ hai,06:00,1002,30.3,41.0,OK
N08,Nút Long Thành – Cầu vượt,2026-09-07,Thứ hai,07:00,1235,24.5,79.0,OK
N08,Nút Long Thành – Cầu vượt,2026-09-07,Thứ hai,08:00,796,33.4,15.0,OK
N08,Nút Long Thành – Cầu vượt,2026-09-07,Thứ hai,09:00,662,32.5,0.0,OK
N08,Nút Long Thành – Cầu vượt,2026-09-07,Thứ hai,10:00,512,35.9,0.0,OK
N08,Nút Long Thành – Cầu vượt,2026-09-07,Thứ hai,11:00,597,35.3,0.0,OK
N08,Nút Long Thành – Cầu vượt,2026-09-07,Thứ hai,12:00,754,32.4,11.0,OK
N08,Nút Long Thành – Cầu vượt,2026-09-07,Thứ hai,13:00,543,33.0,0.0,OK
N08,Nút Long Thành – Cầu vượt,2026-09-07,Thứ hai,14:00,529,37.0,0.0,OK
N08,Nút Long Thành – Cầu vượt,2026-09-07,Thứ hai,15:00,635,31.8,0.0,OK
N08,Nút Long Thành – Cầu vượt,2026-09-07,Thứ hai,16:00,952,30.8,35.0,OK
N08,Nút Long Thành – Cầu vượt,2026-09-07,Thứ hai,17:00,1186,27.5,59.0,OK
N08,Nút Long Thành – Cầu vượt,2026-09-07,Thứ hai,18:00,1075,29.7,50.0,OK
N08,Nút Long Thành – Cầu vượt,2026-09-07,Thứ hai,19:00,696,32.0,4.0,OK
N08,Nút Long Thành – Cầu vượt,2026-09-07,Thứ hai,20:00,532,33.9,0.0,OK
N08,Nút Long Thành – Cầu vượt,2026-09-07,Thứ hai,21:00,703,37.2,0.0,Nghi ngờ
N08,Nút Long Thành – Cầu vượt,2026-09-07,Thứ hai,22:00,265,40.6,0.0,OK
N08,Nút Long Thành – Cầu vượt,2026-09-07,Thứ hai,23:00,154,42.4,0.0,OK
N08,Nút Long Thành – Cầu vượt,2026-09-08,Thứ ba,00:00,112,38.5,0.0,OK
N08,Nút Long Thành – Cầu vượt,2026-09-08,Thứ ba,01:00,61,39.0,0.0,OK
N08,Nút Long Thành – Cầu vượt,2026-09-08,Thứ ba,02:00,58,39.5,0.0,OK
N08,Nút Long Thành – Cầu vượt,2026-09-08,Thứ ba,03:00,62,42.0,0.0,OK
N08,Nút Long Thành – Cầu vượt,2026-09-08,Thứ ba,04:00,141,40.2,0.0,OK
N08,Nút Long Thành – Cầu vượt,2026-09-08,Thứ ba,05:00,427,37.5,0.0,OK
N08,Nút Long Thành – Cầu vượt,2026-09-08,Thứ ba,06:00,916,28.4,27.0,OK
N08,Nút Long Thành – Cầu vượt,2026-09-08,Thứ ba,07:00,1068,29.8,54.0,OK
N08,Nút Long Thành – Cầu vượt,2026-09-08,Thứ ba,08:00,741,31.6,10.0,OK
N08,Nút Long Thành – Cầu vượt,2026-09-08,Thứ ba,09:00,561,32.7,0.0,OK
N08,Nút Long Thành – Cầu vượt,2026-09-08,Thứ ba,10:00,532,35.7,0.0,OK
N08,Nút Long Thành – Cầu vượt,2026-09-08,Thứ ba,11:00,628,32.2,0.0,OK
N08,Nút Long Thành – Cầu vượt,2026-09-08,Thứ ba,12:00,726,31.2,8.0,OK
N08,Nút Long Thành – Cầu vượt,2026-09-08,Thứ ba,13:00,517,33.7,0.0,OK
N08,Nút Long Thành – Cầu vượt,2026-09-08,Thứ ba,14:00,535,34.6,0.0,OK
N08,Nút Long Thành – Cầu vượt,2026-09-08,Thứ ba,15:00,621,33.3,0.0,OK
N08,Nút Long Thành – Cầu vượt,2026-09-08,Thứ ba,16:00,877,31.6,28.0,OK
N08,Nút Long Thành – Cầu vượt,2026-09-08,Thứ ba,17:00,1181,27.8,55.0,OK
N08,Nút Long Thành – Cầu vượt,2026-09-08,Thứ ba,18:00,1034,29.5,53.0,OK
N08,Nút Long Thành – Cầu vượt,2026-09-08,Thứ ba,19:00,630,33.2,0.0,OK
N08,Nút Long Thành – Cầu vượt,2026-09-08,Thứ ba,20:00,513,34.9,0.0,OK
N08,Nút Long Thành – Cầu vượt,2026-09-08,Thứ ba,21:00,348,39.2,0.0,OK
N08,Nút Long Thành – Cầu vượt,2026-09-08,Thứ ba,22:00,267,38.5,0.0,OK
N08,Nút Long Thành – Cầu vượt,2026-09-08,Thứ ba,23:00,164,41.1,0.0,OK
N08,Nút Long Thành – Cầu vượt,2026-09-09,Thứ tư,00:00,103,41.5,0.0,OK
N08,Nút Long Thành – Cầu vượt,2026-09-09,Thứ tư,01:00,62,40.0,0.0,OK
N08,Nút Long Thành – Cầu vượt,2026-09-09,Thứ tư,02:00,59,42.0,0.0,OK
N08,Nút Long Thành – Cầu vượt,2026-09-09,Thứ tư,03:00,72,40.1,0.0,OK
N08,Nút Long Thành – Cầu vượt,2026-09-09,Thứ tư,04:00,168,40.6,0.0,OK
N08,Nút Long Thành – Cầu vượt,2026-09-09,Thứ tư,05:00,444,36.4,0.0,OK
N08,Nút Long Thành – Cầu vượt,2026-09-09,Thứ tư,06:00,917,30.5,33.0,OK
N08,Nút Long Thành – Cầu vượt,2026-09-09,Thứ tư,07:00,1037,27.3,48.0,OK
N08,Nút Long Thành – Cầu vượt,2026-09-09,Thứ tư,08:00,835,33.0,20.0,OK
N08,Nút Long Thành – Cầu vượt,2026-09-09,Thứ tư,09:00,650,34.6,0.0,OK
N08,Nút Long Thành – Cầu vượt,2026-09-09,Thứ tư,10:00,569,34.9,0.0,OK
N08,Nút Long Thành – Cầu vượt,2026-09-09,Thứ tư,11:00,697,31.0,4.0,OK
N08,Nút Long Thành – Cầu vượt,2026-09-09,Thứ tư,12:00,611,33.2,0.0,OK
N08,Nút Long Thành – Cầu vượt,2026-09-09,Thứ tư,13:00,624,34.7,0.0,OK
N08,Nút Long Thành – Cầu vượt,2026-09-09,Thứ tư,14:00,500,36.0,0.0,OK
N08,Nút Long Thành – Cầu vượt,2026-09-09,Thứ tư,15:00,572,36.5,0.0,OK
N08,Nút Long Thành – Cầu vượt,2026-09-09,Thứ tư,16:00,974,27.6,37.0,OK
N08,Nút Long Thành – Cầu vượt,2026-09-09,Thứ tư,17:00,1064,29.4,57.0,OK
N08,Nút Long Thành – Cầu vượt,2026-09-09,Thứ tư,18:00,1001,29.4,42.0,OK
N08,Nút Long Thành – Cầu vượt,2026-09-09,Thứ tư,19:00,616,33.8,0.0,OK
N08,Nút Long Thành – Cầu vượt,2026-09-09,Thứ tư,20:00,495,36.3,0.0,OK
N08,Nút Long Thành – Cầu vượt,2026-09-09,Thứ tư,21:00,337,39.5,0.0,OK
N08,Nút Long Thành – Cầu vượt,2026-09-09,Thứ tư,22:00,246,39.5,0.0,OK
N08,Nút Long Thành – Cầu vượt,2026-09-09,Thứ tư,23:00,165,42.1,0.0,OK
N08,Nút Long Thành – Cầu vượt,2026-09-10,Thứ năm,00:00,102,39.7,0.0,OK
N08,Nút Long Thành – Cầu vượt,2026-09-10,Thứ năm,01:00,62,40.4,0.0,OK
N08,Nút Long Thành – Cầu vượt,2026-09-10,Thứ năm,02:00,59,40.5,0.0,OK
N08,Nút Long Thành – Cầu vượt,2026-09-10,Thứ năm,03:00,64,40.7,0.0,OK
N08,Nút Long Thành – Cầu vượt,2026-09-10,Thứ năm,04:00,162,41.3,0.0,OK
N08,Nút Long Thành – Cầu vượt,2026-09-10,Thứ năm,05:00,424,36.7,0.0,OK
N08,Nút Long Thành – Cầu vượt,2026-09-10,Thứ năm,06:00,985,29.8,38.0,OK
N08,Nút Long Thành – Cầu vượt,2026-09-10,Thứ năm,07:00,1196,26.3,59.0,OK
N08,Nút Long Thành – Cầu vượt,2026-09-10,Thứ năm,08:00,889,30.4,30.0,OK
N08,Nút Long Thành – Cầu vượt,2026-09-10,Thứ năm,09:00,628,35.5,0.0,OK
N08,Nút Long Thành – Cầu vượt,2026-09-10,Thứ năm,10:00,593,35.3,0.0,OK
N08,Nút Long Thành – Cầu vượt,2026-09-10,Thứ năm,11:00,654,31.9,0.0,OK
N08,Nút Long Thành – Cầu vượt,2026-09-10,Thứ năm,12:00,675,33.6,1.0,OK
N08,Nút Long Thành – Cầu vượt,2026-09-10,Thứ năm,13:00,631,32.1,0.0,OK
N08,Nút Long Thành – Cầu vượt,2026-09-10,Thứ năm,14:00,591,35.0,0.0,OK
N08,Nút Long Thành – Cầu vượt,2026-09-10,Thứ năm,15:00,705,32.2,5.0,OK
N08,Nút Long Thành – Cầu vượt,2026-09-10,Thứ năm,16:00,827,30.0,19.0,OK
N08,Nút Long Thành – Cầu vượt,2026-09-10,Thứ năm,17:00,1145,26.8,61.0,OK
N08,Nút Long Thành – Cầu vượt,2026-09-10,Thứ năm,18:00,1038,27.3,44.0,OK
N08,Nút Long Thành – Cầu vượt,2026-09-10,Thứ năm,19:00,656,32.8,0.0,OK
N08,Nút Long Thành – Cầu vượt,2026-09-10,Thứ năm,20:00,447,34.8,0.0,OK
N08,Nút Long Thành – Cầu vượt,2026-09-10,Thứ năm,21:00,358,37.1,0.0,OK
N08,Nút Long Thành – Cầu vượt,2026-09-10,Thứ năm,22:00,259,38.9,0.0,OK
N08,Nút Long Thành – Cầu vượt,2026-09-10,Thứ năm,23:00,154,40.0,0.0,OK
N08,Nút Long Thành – Cầu vượt,2026-09-11,Thứ sáu,00:00,109,39.8,0.0,OK
N08,Nút Long Thành – Cầu vượt,2026-09-11,Thứ sáu,01:00,77,40.2,0.0,OK
N08,Nút Long Thành – Cầu vượt,2026-09-11,Thứ sáu,02:00,63,39.4,0.0,OK
N08,Nút Long Thành – Cầu vượt,2026-09-11,Thứ sáu,03:00,72,39.9,0.0,OK
N08,Nút Long Thành – Cầu vượt,2026-09-11,Thứ sáu,04:00,158,38.4,0.0,OK
N08,Nút Long Thành – Cầu vượt,2026-09-11,Thứ sáu,05:00,449,34.9,0.0,OK
N08,Nút Long Thành – Cầu vượt,2026-09-11,Thứ sáu,06:00,1002,30.6,36.0,OK
N08,Nút Long Thành – Cầu vượt,2026-09-11,Thứ sáu,07:00,1174,27.2,63.0,OK
N08,Nút Long Thành – Cầu vượt,2026-09-11,Thứ sáu,08:00,911,30.6,29.0,OK
N08,Nút Long Thành – Cầu vượt,2026-09-11,Thứ sáu,09:00,639,35.2,0.0,OK
N08,Nút Long Thành – Cầu vượt,2026-09-11,Thứ sáu,10:00,608,32.2,0.0,OK
N08,Nút Long Thành – Cầu vượt,2026-09-11,Thứ sáu,11:00,633,35.0,0.0,OK
N08,Nút Long Thành – Cầu vượt,2026-09-11,Thứ sáu,12:00,780,32.1,16.0,OK
N08,Nút Long Thành – Cầu vượt,2026-09-11,Thứ sáu,13:00,668,34.0,0.0,OK
N08,Nút Long Thành – Cầu vượt,2026-09-11,Thứ sáu,14:00,586,33.8,0.0,OK
N08,Nút Long Thành – Cầu vượt,2026-09-11,Thứ sáu,15:00,737,32.2,8.0,OK
N08,Nút Long Thành – Cầu vượt,2026-09-11,Thứ sáu,16:00,980,30.0,43.0,OK
N08,Nút Long Thành – Cầu vượt,2026-09-11,Thứ sáu,17:00,1276,25.3,83.0,OK
N08,Nút Long Thành – Cầu vượt,2026-09-11,Thứ sáu,18:00,1105,27.8,59.0,OK
N08,Nút Long Thành – Cầu vượt,2026-09-11,Thứ sáu,19:00,764,30.6,12.0,OK
N08,Nút Long Thành – Cầu vượt,2026-09-11,Thứ sáu,20:00,544,34.3,0.0,OK
N08,Nút Long Thành – Cầu vượt,2026-09-11,Thứ sáu,21:00,349,37.0,0.0,OK
N08,Nút Long Thành – Cầu vượt,2026-09-11,Thứ sáu,22:00,279,36.9,0.0,OK
N08,Nút Long Thành – Cầu vượt,2026-09-11,Thứ sáu,23:00,174,42.1,0.0,OK
N08,Nút Long Thành – Cầu vượt,2026-09-12,Thứ bảy,00:00,92,40.9,0.0,OK
N08,Nút Long Thành – Cầu vượt,2026-09-12,Thứ bảy,01:00,52,41.3,0.0,OK
N08,Nút Long Thành – Cầu vượt,2026-09-12,Thứ bảy,02:00,49,42.6,0.0,OK
N08,Nút Long Thành – Cầu vượt,2026-09-12,Thứ bảy,03:00,52,41.2,0.0,OK
N08,Nút Long Thành – Cầu vượt,2026-09-12,Thứ bảy,04:00,139,38.0,0.0,OK
N08,Nút Long Thành – Cầu vượt,2026-09-12,Thứ bảy,05:00,373,35.4,0.0,OK
N08,Nút Long Thành – Cầu vượt,2026-09-12,Thứ bảy,06:00,851,30.6,24.0,OK
N08,Nút Long Thành – Cầu vượt,2026-09-12,Thứ bảy,07:00,2085,31.1,36.0,Nghi ngờ
N08,Nút Long Thành – Cầu vượt,2026-09-12,Thứ bảy,08:00,742,30.9,10.0,OK
N08,Nút Long Thành – Cầu vượt,2026-09-12,Thứ bảy,09:00,495,37.2,0.0,OK
N08,Nút Long Thành – Cầu vượt,2026-09-12,Thứ bảy,10:00,469,34.3,0.0,OK
N08,Nút Long Thành – Cầu vượt,2026-09-12,Thứ bảy,11:00,564,35.7,0.0,OK
N08,Nút Long Thành – Cầu vượt,2026-09-12,Thứ bảy,12:00,596,34.8,0.0,OK
N08,Nút Long Thành – Cầu vượt,2026-09-12,Thứ bảy,13:00,440,35.8,0.0,OK
N08,Nút Long Thành – Cầu vượt,2026-09-12,Thứ bảy,14:00,495,37.3,0.0,OK
N08,Nút Long Thành – Cầu vượt,2026-09-12,Thứ bảy,15:00,554,33.0,0.0,OK
N08,Nút Long Thành – Cầu vượt,2026-09-12,Thứ bảy,16:00,711,32.1,5.0,OK
N08,Nút Long Thành – Cầu vượt,2026-09-12,Thứ bảy,17:00,905,30.7,29.0,OK
N08,Nút Long Thành – Cầu vượt,2026-09-12,Thứ bảy,18:00,740,31.4,8.0,OK
N08,Nút Long Thành – Cầu vượt,2026-09-12,Thứ bảy,19:00,500,34.6,0.0,OK
N08,Nút Long Thành – Cầu vượt,2026-09-12,Thứ bảy,20:00,444,34.9,0.0,OK
N08,Nút Long Thành – Cầu vượt,2026-09-12,Thứ bảy,21:00,321,38.1,0.0,OK
N08,Nút Long Thành – Cầu vượt,2026-09-12,Thứ bảy,22:00,212,39.7,0.0,OK
N08,Nút Long Thành – Cầu vượt,2026-09-12,Thứ bảy,23:00,122,38.4,0.0,OK
N08,Nút Long Thành – Cầu vượt,2026-09-13,Chủ nhật,00:00,75,41.3,0.0,OK
N08,Nút Long Thành – Cầu vượt,2026-09-13,Chủ nhật,01:00,43,39.2,0.0,OK
N08,Nút Long Thành – Cầu vượt,2026-09-13,Chủ nhật,02:00,36,40.3,0.0,OK
N08,Nút Long Thành – Cầu vượt,2026-09-13,Chủ nhật,03:00,43,43.8,0.0,OK
N08,Nút Long Thành – Cầu vượt,2026-09-13,Chủ nhật,04:00,100,38.8,0.0,OK
N08,Nút Long Thành – Cầu vượt,2026-09-13,Chủ nhật,05:00,251,36.7,0.0,OK
N08,Nút Long Thành – Cầu vượt,2026-09-13,Chủ nhật,06:00,594,36.3,0.0,OK
N08,Nút Long Thành – Cầu vượt,2026-09-13,Chủ nhật,07:00,678,35.1,1.0,OK
N08,Nút Long Thành – Cầu vượt,2026-09-13,Chủ nhật,08:00,551,34.1,0.0,OK
N08,Nút Long Thành – Cầu vượt,2026-09-13,Chủ nhật,09:00,901,37.5,0.0,Nghi ngờ
N08,Nút Long Thành – Cầu vượt,2026-09-13,Chủ nhật,10:00,373,37.6,0.0,OK
N08,Nút Long Thành – Cầu vượt,2026-09-13,Chủ nhật,11:00,412,37.7,0.0,OK
N08,Nút Long Thành – Cầu vượt,2026-09-13,Chủ nhật,12:00,482,35.0,0.0,OK
N08,Nút Long Thành – Cầu vượt,2026-09-13,Chủ nhật,13:00,361,39.3,0.0,OK
N08,Nút Long Thành – Cầu vượt,2026-09-13,Chủ nhật,14:00,362,38.1,0.0,OK
N08,Nút Long Thành – Cầu vượt,2026-09-13,Chủ nhật,15:00,429,37.6,0.0,OK
N08,Nút Long Thành – Cầu vượt,2026-09-13,Chủ nhật,16:00,606,35.2,0.0,OK
N08,Nút Long Thành – Cầu vượt,2026-09-13,Chủ nhật,17:00,802,30.3,18.0,OK
N08,Nút Long Thành – Cầu vượt,2026-09-13,Chủ nhật,18:00,590,36.4,0.0,OK
N08,Nút Long Thành – Cầu vượt,2026-09-13,Chủ nhật,19:00,398,37.2,0.0,OK
N08,Nút Long Thành – Cầu vượt,2026-09-13,Chủ nhật,20:00,301,37.1,0.0,OK
N08,Nút Long Thành – Cầu vượt,2026-09-13,Chủ nhật,21:00,224,39.5,0.0,OK
N08,Nút Long Thành – Cầu vượt,2026-09-13,Chủ nhật,22:00,162,37.9,0.0,OK
N08,Nút Long Thành – Cầu vượt,2026-09-13,Chủ nhật,23:00,92,41.8,0.0,OK
