ma_tu,ma_don_vi,ten_diem,nam_dua_vao_su_dung,ngay,nhiet_do_min_c,nhiet_do_max_c,so_lan_ra_nguong,so_phut_ngoai_nguong,pin_cam_bien_phan_tram,trang_thai
TL01,DV01,Trạm Y tế Hoà Thuận,2021,2026-09-01,4.0,8.4,0,0,39.0,Bình thường
TL01,DV01,Trạm Y tế Hoà Thuận,2021,2026-09-02,4.2,9.9,0,0,38.0,Bình thường
TL01,DV01,Trạm Y tế Hoà Thuận,2021,2026-09-03,2.0,7.2,0,0,38.0,Bình thường
TL01,DV01,Trạm Y tế Hoà Thuận,2021,2026-09-04,3.9,10.1,0,0,37.0,Bình thường
TL01,DV01,Trạm Y tế Hoà Thuận,2021,2026-09-05,4.0,5.9,0,0,36.0,Bình thường
TL01,DV01,Trạm Y tế Hoà Thuận,2021,2026-09-06,2.8,8.0,0,0,35.0,Bình thường
TL01,DV01,Trạm Y tế Hoà Thuận,2021,2026-09-07,2.9,8.0,0,0,34.0,Bình thường
TL01,DV01,Trạm Y tế Hoà Thuận,2021,2026-09-08,2.8,9.4,1,27,34.0,Có ra ngưỡng
TL01,DV01,Trạm Y tế Hoà Thuận,2021,2026-09-09,4.0,7.9,0,0,33.0,Bình thường
TL01,DV01,Trạm Y tế Hoà Thuận,2021,2026-09-10,2.7,7.5,0,0,32.0,Bình thường
TL01,DV01,Trạm Y tế Hoà Thuận,2021,2026-09-11,3.4,8.5,0,0,32.0,Bình thường
TL01,DV01,Trạm Y tế Hoà Thuận,2021,2026-09-12,3.9,7.8,0,0,31.0,Bình thường
TL01,DV01,Trạm Y tế Hoà Thuận,2021,2026-09-13,3.9,7.2,0,0,31.0,Bình thường
TL01,DV01,Trạm Y tế Hoà Thuận,2021,2026-09-14,3.6,8.8,0,0,30.0,Bình thường
TL01,DV01,Trạm Y tế Hoà Thuận,2021,2026-09-15,2.7,8.8,0,0,30.0,Bình thường
TL01,DV01,Trạm Y tế Hoà Thuận,2021,2026-09-16,4.1,8.6,0,0,29.0,Bình thường
TL01,DV01,Trạm Y tế Hoà Thuận,2021,2026-09-17,3.4,11.4,2,34,28.0,Có ra ngưỡng
TL01,DV01,Trạm Y tế Hoà Thuận,2021,2026-09-18,3.5,7.9,0,0,27.0,Bình thường
TL01,DV01,Trạm Y tế Hoà Thuận,2021,2026-09-19,3.2,7.3,0,0,27.0,Bình thường
TL01,DV01,Trạm Y tế Hoà Thuận,2021,2026-09-20,3.2,10.9,1,17,26.0,Có ra ngưỡng
TL01,DV01,Trạm Y tế Hoà Thuận,2021,2026-09-21,3.5,7.9,0,0,26.0,Bình thường
TL01,DV01,Trạm Y tế Hoà Thuận,2021,2026-09-22,3.1,9.7,0,0,25.0,Bình thường
TL01,DV01,Trạm Y tế Hoà Thuận,2021,2026-09-23,2.6,8.5,0,0,24.0,Bình thường
TL01,DV01,Trạm Y tế Hoà Thuận,2021,2026-09-24,3.0,6.6,0,0,24.0,Bình thường
TL01,DV01,Trạm Y tế Hoà Thuận,2021,2026-09-25,3.9,9.3,0,0,23.0,Bình thường
TL01,DV01,Trạm Y tế Hoà Thuận,2021,2026-09-26,2.8,7.4,0,0,23.0,Bình thường
TL01,DV01,Trạm Y tế Hoà Thuận,2021,2026-09-27,3.7,7.9,0,0,22.0,Bình thường
TL01,DV01,Trạm Y tế Hoà Thuận,2021,2026-09-28,3.4,8.7,0,0,22.0,Bình thường
TL01,DV01,Trạm Y tế Hoà Thuận,2021,2026-09-29,2.9,7.5,0,0,21.0,Bình thường
TL01,DV01,Trạm Y tế Hoà Thuận,2021,2026-09-30,2.1,8.0,0,0,21.0,Bình thường
TL02,DV02,Trạm Y tế Tân Hoà,2022,2026-09-01,3.3,7.3,0,0,80.0,Bình thường
TL02,DV02,Trạm Y tế Tân Hoà,2022,2026-09-02,3.1,8.7,0,0,79.0,Bình thường
TL02,DV02,Trạm Y tế Tân Hoà,2022,2026-09-03,3.6,7.9,0,0,78.0,Bình thường
TL02,DV02,Trạm Y tế Tân Hoà,2022,2026-09-04,3.3,13.1,2,20,77.0,Có ra ngưỡng
TL02,DV02,Trạm Y tế Tân Hoà,2022,2026-09-05,3.2,7.8,0,0,76.0,Bình thường
TL02,DV02,Trạm Y tế Tân Hoà,2022,2026-09-06,2.9,7.2,0,0,75.0,Bình thường
TL02,DV02,Trạm Y tế Tân Hoà,2022,2026-09-07,3.2,8.8,0,0,74.0,Bình thường
TL02,DV02,Trạm Y tế Tân Hoà,2022,2026-09-08,3.5,7.6,0,0,74.0,Bình thường
TL02,DV02,Trạm Y tế Tân Hoà,2022,2026-09-09,4.1,7.4,0,0,73.0,Bình thường
TL02,DV02,Trạm Y tế Tân Hoà,2022,2026-09-10,3.6,8.2,0,0,72.0,Bình thường
TL02,DV02,Trạm Y tế Tân Hoà,2022,2026-09-11,2.8,7.6,0,0,71.0,Bình thường
TL02,DV02,Trạm Y tế Tân Hoà,2022,2026-09-12,3.5,8.3,0,0,70.0,Bình thường
TL02,DV02,Trạm Y tế Tân Hoà,2022,2026-09-13,4.2,8.6,0,0,70.0,Bình thường
TL02,DV02,Trạm Y tế Tân Hoà,2022,2026-09-14,2.6,8.4,0,0,69.0,Bình thường
TL02,DV02,Trạm Y tế Tân Hoà,2022,2026-09-15,3.1,7.9,0,0,68.0,Bình thường
TL02,DV02,Trạm Y tế Tân Hoà,2022,2026-09-16,4.0,7.7,0,0,68.0,Bình thường
TL02,DV02,Trạm Y tế Tân Hoà,2022,2026-09-17,3.7,6.3,0,0,67.0,Bình thường
TL02,DV02,Trạm Y tế Tân Hoà,2022,2026-09-18,3.7,8.3,0,0,66.0,Bình thường
TL02,DV02,Trạm Y tế Tân Hoà,2022,2026-09-19,3.9,7.5,0,0,65.0,Bình thường
TL02,DV02,Trạm Y tế Tân Hoà,2022,2026-09-20,3.6,8.3,0,0,65.0,Bình thường
TL02,DV02,Trạm Y tế Tân Hoà,2022,2026-09-21,3.5,8.6,0,0,64.0,Bình thường
TL02,DV02,Trạm Y tế Tân Hoà,2022,2026-09-22,2.4,7.6,0,0,64.0,Bình thường
TL02,DV02,Trạm Y tế Tân Hoà,2022,2026-09-23,3.6,7.4,0,0,63.0,Bình thường
TL02,DV02,Trạm Y tế Tân Hoà,2022,2026-09-24,3.8,6.8,0,0,62.0,Bình thường
TL02,DV02,Trạm Y tế Tân Hoà,2022,2026-09-25,3.2,6.6,0,0,61.0,Bình thường
TL02,DV02,Trạm Y tế Tân Hoà,2022,2026-09-26,4.5,11.6,1,13,60.0,Có ra ngưỡng
TL02,DV02,Trạm Y tế Tân Hoà,2022,2026-09-27,2.8,8.1,0,0,60.0,Bình thường
TL02,DV02,Trạm Y tế Tân Hoà,2022,2026-09-28,4.1,8.1,0,0,59.0,Bình thường
TL02,DV02,Trạm Y tế Tân Hoà,2022,2026-09-29,3.6,9.1,0,0,58.0,Bình thường
TL02,DV02,Trạm Y tế Tân Hoà,2022,2026-09-30,3.1,8.6,0,0,57.0,Bình thường
TL03,DV03,Trạm Y tế Đông Giang,2019,2026-09-01,3.7,12.0,2,44,68.0,Có ra ngưỡng
TL03,DV03,Trạm Y tế Đông Giang,2019,2026-09-02,2.5,8.1,0,0,68.0,Bình thường
TL03,DV03,Trạm Y tế Đông Giang,2019,2026-09-03,3.7,11.6,1,11,67.0,Có ra ngưỡng
TL03,DV03,Trạm Y tế Đông Giang,2019,2026-09-04,3.2,8.2,0,0,66.0,Bình thường
TL03,DV03,Trạm Y tế Đông Giang,2019,2026-09-05,4.3,8.1,0,0,65.0,Bình thường
TL03,DV03,Trạm Y tế Đông Giang,2019,2026-09-06,3.7,9.3,0,0,64.0,Bình thường
TL03,DV03,Trạm Y tế Đông Giang,2019,2026-09-07,4.8,8.1,0,0,64.0,Bình thường
TL03,DV03,Trạm Y tế Đông Giang,2019,2026-09-08,3.9,8.7,0,0,63.0,Bình thường
TL03,DV03,Trạm Y tế Đông Giang,2019,2026-09-09,3.7,7.8,0,0,62.0,Bình thường
TL03,DV03,Trạm Y tế Đông Giang,2019,2026-09-10,2.8,9.3,0,0,62.0,Bình thường
TL03,DV03,Trạm Y tế Đông Giang,2019,2026-09-11,3.1,7.8,0,0,61.0,Bình thường
TL03,DV03,Trạm Y tế Đông Giang,2019,2026-09-12,2.7,8.3,0,0,60.0,Bình thường
TL03,DV03,Trạm Y tế Đông Giang,2019,2026-09-13,3.4,8.2,0,0,59.0,Bình thường
TL03,DV03,Trạm Y tế Đông Giang,2019,2026-09-14,3.0,8.0,0,0,59.0,Bình thường
TL03,DV03,Trạm Y tế Đông Giang,2019,2026-09-15,3.2,7.8,0,0,58.0,Bình thường
TL03,DV03,Trạm Y tế Đông Giang,2019,2026-09-16,3.4,8.4,0,0,57.0,Bình thường
TL03,DV03,Trạm Y tế Đông Giang,2019,2026-09-17,2.7,6.9,0,0,56.0,Bình thường
TL03,DV03,Trạm Y tế Đông Giang,2019,2026-09-18,3.5,8.3,0,0,56.0,Bình thường
TL03,DV03,Trạm Y tế Đông Giang,2019,2026-09-19,2.4,9.3,2,78,55.0,Cảnh báo — phải rà lô vắc-xin
TL03,DV03,Trạm Y tế Đông Giang,2019,2026-09-20,3.3,8.9,0,0,54.0,Bình thường
TL03,DV03,Trạm Y tế Đông Giang,2019,2026-09-21,4.8,7.8,0,0,53.0,Bình thường
TL03,DV03,Trạm Y tế Đông Giang,2019,2026-09-22,2.7,7.7,0,0,52.0,Bình thường
TL03,DV03,Trạm Y tế Đông Giang,2019,2026-09-23,2.8,8.3,0,0,52.0,Bình thường
TL03,DV03,Trạm Y tế Đông Giang,2019,2026-09-24,4.0,7.5,0,0,51.0,Bình thường
TL03,DV03,Trạm Y tế Đông Giang,2019,2026-09-25,3.0,8.2,0,0,50.0,Bình thường
TL03,DV03,Trạm Y tế Đông Giang,2019,2026-09-26,2.8,8.3,0,0,49.0,Bình thường
TL03,DV03,Trạm Y tế Đông Giang,2019,2026-09-27,2.6,7.2,0,0,49.0,Bình thường
TL03,DV03,Trạm Y tế Đông Giang,2019,2026-09-28,3.9,8.4,0,0,48.0,Bình thường
TL03,DV03,Trạm Y tế Đông Giang,2019,2026-09-29,3.5,9.2,0,0,47.0,Bình thường
TL03,DV03,Trạm Y tế Đông Giang,2019,2026-09-30,3.4,8.6,0,0,47.0,Bình thường
TL04,DV04,Trạm Y tế Nam Phong,2023,2026-09-01,3.1,8.4,0,0,98.0,Bình thường
TL04,DV04,Trạm Y tế Nam Phong,2023,2026-09-02,3.2,7.8,0,0,97.0,Bình thường
TL04,DV04,Trạm Y tế Nam Phong,2023,2026-09-03,2.8,7.6,0,0,96.0,Bình thường
TL04,DV04,Trạm Y tế Nam Phong,2023,2026-09-04,2.3,8.3,0,0,96.0,Bình thường
TL04,DV04,Trạm Y tế Nam Phong,2023,2026-09-05,2.8,8.4,0,0,95.0,Bình thường
TL04,DV04,Trạm Y tế Nam Phong,2023,2026-09-06,3.8,7.6,0,0,94.0,Bình thường
TL04,DV04,Trạm Y tế Nam Phong,2023,2026-09-07,3.3,7.0,0,0,94.0,Bình thường
TL04,DV04,Trạm Y tế Nam Phong,2023,2026-09-08,3.7,8.5,0,0,93.0,Bình thường
TL04,DV04,Trạm Y tế Nam Phong,2023,2026-09-09,3.1,8.5,0,0,93.0,Bình thường
TL04,DV04,Trạm Y tế Nam Phong,2023,2026-09-10,3.3,9.0,0,0,92.0,Bình thường
TL04,DV04,Trạm Y tế Nam Phong,2023,2026-09-11,3.1,7.7,0,0,91.0,Bình thường
TL04,DV04,Trạm Y tế Nam Phong,2023,2026-09-12,3.5,7.3,0,0,90.0,Bình thường
TL04,DV04,Trạm Y tế Nam Phong,2023,2026-09-13,3.1,8.5,0,0,90.0,Bình thường
TL04,DV04,Trạm Y tế Nam Phong,2023,2026-09-14,2.3,8.7,0,0,89.0,Bình thường
TL04,DV04,Trạm Y tế Nam Phong,2023,2026-09-15,3.8,8.1,0,0,88.0,Bình thường
TL04,DV04,Trạm Y tế Nam Phong,2023,2026-09-16,4.3,8.2,0,0,88.0,Bình thường
TL04,DV04,Trạm Y tế Nam Phong,2023,2026-09-17,3.2,8.5,0,0,87.0,Bình thường
TL04,DV04,Trạm Y tế Nam Phong,2023,2026-09-18,3.3,8.9,0,0,86.0,Bình thường
TL04,DV04,Trạm Y tế Nam Phong,2023,2026-09-19,3.7,7.0,0,0,85.0,Bình thường
TL04,DV04,Trạm Y tế Nam Phong,2023,2026-09-20,2.7,8.5,0,0,84.0,Bình thường
TL04,DV04,Trạm Y tế Nam Phong,2023,2026-09-21,3.6,7.6,0,0,84.0,Bình thường
TL04,DV04,Trạm Y tế Nam Phong,2023,2026-09-22,3.3,7.1,0,0,83.0,Bình thường
TL04,DV04,Trạm Y tế Nam Phong,2023,2026-09-23,3.5,8.5,0,0,82.0,Bình thường
TL04,DV04,Trạm Y tế Nam Phong,2023,2026-09-24,4.2,7.7,0,0,81.0,Bình thường
TL04,DV04,Trạm Y tế Nam Phong,2023,2026-09-25,3.6,7.5,0,0,81.0,Bình thường
TL04,DV04,Trạm Y tế Nam Phong,2023,2026-09-26,3.4,8.8,1,17,80.0,Có ra ngưỡng
TL04,DV04,Trạm Y tế Nam Phong,2023,2026-09-27,3.2,9.0,0,0,80.0,Bình thường
TL04,DV04,Trạm Y tế Nam Phong,2023,2026-09-28,4.4,8.0,0,0,79.0,Bình thường
TL04,DV04,Trạm Y tế Nam Phong,2023,2026-09-29,3.3,8.1,0,0,78.0,Bình thường
TL04,DV04,Trạm Y tế Nam Phong,2023,2026-09-30,3.8,11.0,1,34,77.0,Có ra ngưỡng
TL05,DV05,Trạm Y tế Bình An,2018,2026-09-01,2.9,8.5,0,0,70.0,Bình thường
TL05,DV05,Trạm Y tế Bình An,2018,2026-09-02,3.3,8.7,0,0,70.0,Bình thường
TL05,DV05,Trạm Y tế Bình An,2018,2026-09-03,3.7,8.2,0,0,69.0,Bình thường
TL05,DV05,Trạm Y tế Bình An,2018,2026-09-04,3.0,7.8,0,0,68.0,Bình thường
TL05,DV05,Trạm Y tế Bình An,2018,2026-09-05,4.2,7.5,0,0,68.0,Bình thường
TL05,DV05,Trạm Y tế Bình An,2018,2026-09-06,3.0,12.1,2,62,67.0,Cảnh báo — phải rà lô vắc-xin
TL05,DV05,Trạm Y tế Bình An,2018,2026-09-07,3.3,7.1,0,0,67.0,Bình thường
TL05,DV05,Trạm Y tế Bình An,2018,2026-09-08,4.1,7.0,0,0,66.0,Bình thường
TL05,DV05,Trạm Y tế Bình An,2018,2026-09-09,3.2,8.7,0,0,65.0,Bình thường
TL05,DV05,Trạm Y tế Bình An,2018,2026-09-10,3.8,8.8,0,0,64.0,Bình thường
TL05,DV05,Trạm Y tế Bình An,2018,2026-09-11,3.8,9.0,0,0,63.0,Bình thường
TL05,DV05,Trạm Y tế Bình An,2018,2026-09-12,4.0,8.5,0,0,62.0,Bình thường
TL05,DV05,Trạm Y tế Bình An,2018,2026-09-13,3.7,8.5,0,0,61.0,Bình thường
TL05,DV05,Trạm Y tế Bình An,2018,2026-09-14,3.6,6.7,0,0,60.0,Bình thường
TL05,DV05,Trạm Y tế Bình An,2018,2026-09-15,3.4,8.4,0,0,59.0,Bình thường
TL05,DV05,Trạm Y tế Bình An,2018,2026-09-16,2.3,9.5,0,0,59.0,Bình thường
TL05,DV05,Trạm Y tế Bình An,2018,2026-09-17,3.5,11.4,3,95,58.0,Cảnh báo — phải rà lô vắc-xin
TL05,DV05,Trạm Y tế Bình An,2018,2026-09-18,2.9,8.3,0,0,57.0,Bình thường
TL05,DV05,Trạm Y tế Bình An,2018,2026-09-19,3.0,6.8,0,0,57.0,Bình thường
TL05,DV05,Trạm Y tế Bình An,2018,2026-09-20,4.0,9.2,0,0,56.0,Bình thường
TL05,DV05,Trạm Y tế Bình An,2018,2026-09-21,3.2,7.7,0,0,55.0,Bình thường
TL05,DV05,Trạm Y tế Bình An,2018,2026-09-22,3.7,7.7,0,0,55.0,Bình thường
TL05,DV05,Trạm Y tế Bình An,2018,2026-09-23,3.8,12.7,2,42,54.0,Có ra ngưỡng
TL05,DV05,Trạm Y tế Bình An,2018,2026-09-24,3.1,7.5,0,0,54.0,Bình thường
TL05,DV05,Trạm Y tế Bình An,2018,2026-09-25,3.9,8.8,0,0,53.0,Bình thường
TL05,DV05,Trạm Y tế Bình An,2018,2026-09-26,4.0,7.7,0,0,53.0,Bình thường
TL05,DV05,Trạm Y tế Bình An,2018,2026-09-27,3.7,7.9,0,0,52.0,Bình thường
TL05,DV05,Trạm Y tế Bình An,2018,2026-09-28,3.3,7.6,0,0,51.0,Bình thường
TL05,DV05,Trạm Y tế Bình An,2018,2026-09-29,3.5,11.3,2,69,50.0,Cảnh báo — phải rà lô vắc-xin
TL05,DV05,Trạm Y tế Bình An,2018,2026-09-30,3.9,8.2,0,0,49.0,Bình thường
TL06,DV06,Trạm Y tế Long Thành,2020,2026-09-01,2.2,7.0,0,0,47.0,Bình thường
TL06,DV06,Trạm Y tế Long Thành,2020,2026-09-02,3.8,7.8,0,0,47.0,Bình thường
TL06,DV06,Trạm Y tế Long Thành,2020,2026-09-03,3.2,8.6,0,0,46.0,Bình thường
TL06,DV06,Trạm Y tế Long Thành,2020,2026-09-04,3.1,8.0,0,0,45.0,Bình thường
TL06,DV06,Trạm Y tế Long Thành,2020,2026-09-05,2.1,7.2,0,0,44.0,Bình thường
TL06,DV06,Trạm Y tế Long Thành,2020,2026-09-06,4.0,7.2,0,0,44.0,Bình thường
TL06,DV06,Trạm Y tế Long Thành,2020,2026-09-07,2.2,7.9,0,0,43.0,Bình thường
TL06,DV06,Trạm Y tế Long Thành,2020,2026-09-08,3.8,8.0,0,0,42.0,Bình thường
TL06,DV06,Trạm Y tế Long Thành,2020,2026-09-09,3.5,9.4,0,0,41.0,Bình thường
TL06,DV06,Trạm Y tế Long Thành,2020,2026-09-10,3.6,7.7,0,0,40.0,Bình thường
TL06,DV06,Trạm Y tế Long Thành,2020,2026-09-11,3.3,7.3,0,0,40.0,Bình thường
TL06,DV06,Trạm Y tế Long Thành,2020,2026-09-12,3.2,8.6,0,0,39.0,Bình thường
TL06,DV06,Trạm Y tế Long Thành,2020,2026-09-13,3.3,7.6,0,0,38.0,Bình thường
TL06,DV06,Trạm Y tế Long Thành,2020,2026-09-14,3.3,7.7,0,0,38.0,Bình thường
TL06,DV06,Trạm Y tế Long Thành,2020,2026-09-15,3.6,7.3,0,0,37.0,Bình thường
TL06,DV06,Trạm Y tế Long Thành,2020,2026-09-16,3.4,7.8,0,0,36.0,Bình thường
TL06,DV06,Trạm Y tế Long Thành,2020,2026-09-17,2.8,8.0,0,0,36.0,Bình thường
TL06,DV06,Trạm Y tế Long Thành,2020,2026-09-18,3.5,8.7,0,0,35.0,Bình thường
TL06,DV06,Trạm Y tế Long Thành,2020,2026-09-19,4.5,7.0,0,0,34.0,Bình thường
TL06,DV06,Trạm Y tế Long Thành,2020,2026-09-20,3.8,9.4,0,0,33.0,Bình thường
TL06,DV06,Trạm Y tế Long Thành,2020,2026-09-21,4.7,9.0,0,0,32.0,Bình thường
TL06,DV06,Trạm Y tế Long Thành,2020,2026-09-22,2.6,7.8,0,0,31.0,Bình thường
TL06,DV06,Trạm Y tế Long Thành,2020,2026-09-23,2.6,8.4,0,0,30.0,Bình thường
TL06,DV06,Trạm Y tế Long Thành,2020,2026-09-24,3.0,8.4,0,0,29.0,Bình thường
TL06,DV06,Trạm Y tế Long Thành,2020,2026-09-25,3.5,8.4,0,0,29.0,Bình thường
TL06,DV06,Trạm Y tế Long Thành,2020,2026-09-26,3.6,7.9,0,0,28.0,Bình thường
TL06,DV06,Trạm Y tế Long Thành,2020,2026-09-27,2.4,8.8,0,0,27.0,Bình thường
TL06,DV06,Trạm Y tế Long Thành,2020,2026-09-28,4.7,7.6,0,0,26.0,Bình thường
TL06,DV06,Trạm Y tế Long Thành,2020,2026-09-29,3.8,8.1,0,0,25.0,Bình thường
TL06,DV06,Trạm Y tế Long Thành,2020,2026-09-30,3.5,8.1,0,0,24.0,Bình thường
TL07,DV07,Trạm Y tế Phú Điền,2017,2026-09-01,3.7,7.6,0,0,43.0,Bình thường
TL07,DV07,Trạm Y tế Phú Điền,2017,2026-09-02,3.8,7.5,0,0,43.0,Bình thường
TL07,DV07,Trạm Y tế Phú Điền,2017,2026-09-03,4.3,8.1,0,0,42.0,Bình thường
TL07,DV07,Trạm Y tế Phú Điền,2017,2026-09-04,3.6,7.8,0,0,41.0,Bình thường
TL07,DV07,Trạm Y tế Phú Điền,2017,2026-09-05,3.3,12.3,2,68,40.0,Cảnh báo — phải rà lô vắc-xin
TL07,DV07,Trạm Y tế Phú Điền,2017,2026-09-06,3.7,7.8,0,0,40.0,Bình thường
TL07,DV07,Trạm Y tế Phú Điền,2017,2026-09-07,2.0,8.8,0,0,40.0,Bình thường
TL07,DV07,Trạm Y tế Phú Điền,2017,2026-09-08,3.0,8.0,0,0,39.0,Bình thường
TL07,DV07,Trạm Y tế Phú Điền,2017,2026-09-09,2.8,9.4,0,0,38.0,Bình thường
TL07,DV07,Trạm Y tế Phú Điền,2017,2026-09-10,3.4,7.8,0,0,37.0,Bình thường
TL07,DV07,Trạm Y tế Phú Điền,2017,2026-09-11,3.1,11.7,3,60,37.0,Có ra ngưỡng
TL07,DV07,Trạm Y tế Phú Điền,2017,2026-09-12,4.0,11.0,2,21,36.0,Có ra ngưỡng
TL07,DV07,Trạm Y tế Phú Điền,2017,2026-09-13,3.4,8.1,0,0,35.0,Bình thường
TL07,DV07,Trạm Y tế Phú Điền,2017,2026-09-14,3.6,8.0,0,0,35.0,Bình thường
TL07,DV07,Trạm Y tế Phú Điền,2017,2026-09-15,3.9,8.8,0,0,34.0,Bình thường
TL07,DV07,Trạm Y tế Phú Điền,2017,2026-09-16,2.5,7.4,0,0,33.0,Bình thường
TL07,DV07,Trạm Y tế Phú Điền,2017,2026-09-17,3.1,9.0,0,0,32.0,Bình thường
TL07,DV07,Trạm Y tế Phú Điền,2017,2026-09-18,3.4,8.5,3,89,31.0,Cảnh báo — phải rà lô vắc-xin
TL07,DV07,Trạm Y tế Phú Điền,2017,2026-09-19,3.5,7.1,0,0,30.0,Bình thường
TL07,DV07,Trạm Y tế Phú Điền,2017,2026-09-20,2.8,7.2,0,0,29.0,Bình thường
TL07,DV07,Trạm Y tế Phú Điền,2017,2026-09-21,3.2,9.6,0,0,28.0,Bình thường
TL07,DV07,Trạm Y tế Phú Điền,2017,2026-09-22,2.9,7.8,0,0,28.0,Bình thường
TL07,DV07,Trạm Y tế Phú Điền,2017,2026-09-23,4.3,7.2,0,0,28.0,Bình thường
TL07,DV07,Trạm Y tế Phú Điền,2017,2026-09-24,3.8,9.0,0,0,27.0,Bình thường
TL07,DV07,Trạm Y tế Phú Điền,2017,2026-09-25,3.5,7.9,0,0,27.0,Bình thường
TL07,DV07,Trạm Y tế Phú Điền,2017,2026-09-26,3.7,8.8,0,0,26.0,Bình thường
TL07,DV07,Trạm Y tế Phú Điền,2017,2026-09-27,3.3,7.1,0,0,25.0,Bình thường
TL07,DV07,Trạm Y tế Phú Điền,2017,2026-09-28,2.8,8.6,0,0,24.0,Bình thường
TL07,DV07,Trạm Y tế Phú Điền,2017,2026-09-29,2.9,8.1,0,0,24.0,Bình thường
TL07,DV07,Trạm Y tế Phú Điền,2017,2026-09-30,2.8,8.1,0,0,23.0,Bình thường
TL08,DV08,Trạm Y tế Vĩnh Lộc,2022,2026-09-01,2.8,7.9,0,0,42.0,Bình thường
TL08,DV08,Trạm Y tế Vĩnh Lộc,2022,2026-09-02,2.4,7.1,0,0,41.0,Bình thường
TL08,DV08,Trạm Y tế Vĩnh Lộc,2022,2026-09-03,2.7,8.2,0,0,40.0,Bình thường
TL08,DV08,Trạm Y tế Vĩnh Lộc,2022,2026-09-04,3.9,6.9,0,0,39.0,Bình thường
TL08,DV08,Trạm Y tế Vĩnh Lộc,2022,2026-09-05,3.7,7.5,0,0,38.0,Bình thường
TL08,DV08,Trạm Y tế Vĩnh Lộc,2022,2026-09-06,3.3,6.6,0,0,37.0,Bình thường
TL08,DV08,Trạm Y tế Vĩnh Lộc,2022,2026-09-07,3.7,8.0,0,0,36.0,Bình thường
TL08,DV08,Trạm Y tế Vĩnh Lộc,2022,2026-09-08,4.1,6.9,0,0,36.0,Bình thường
TL08,DV08,Trạm Y tế Vĩnh Lộc,2022,2026-09-09,3.1,8.1,0,0,36.0,Bình thường
TL08,DV08,Trạm Y tế Vĩnh Lộc,2022,2026-09-10,3.7,8.7,0,0,35.0,Bình thường
TL08,DV08,Trạm Y tế Vĩnh Lộc,2022,2026-09-11,3.1,8.3,0,0,34.0,Bình thường
TL08,DV08,Trạm Y tế Vĩnh Lộc,2022,2026-09-12,3.5,7.4,0,0,33.0,Bình thường
TL08,DV08,Trạm Y tế Vĩnh Lộc,2022,2026-09-13,4.4,9.7,1,12,32.0,Có ra ngưỡng
TL08,DV08,Trạm Y tế Vĩnh Lộc,2022,2026-09-14,4.4,8.4,0,0,31.0,Bình thường
TL08,DV08,Trạm Y tế Vĩnh Lộc,2022,2026-09-15,3.7,7.9,0,0,30.0,Bình thường
TL08,DV08,Trạm Y tế Vĩnh Lộc,2022,2026-09-16,4.2,8.4,0,0,30.0,Bình thường
TL08,DV08,Trạm Y tế Vĩnh Lộc,2022,2026-09-17,3.0,11.1,1,12,29.0,Có ra ngưỡng
TL08,DV08,Trạm Y tế Vĩnh Lộc,2022,2026-09-18,2.4,7.9,0,0,28.0,Bình thường
TL08,DV08,Trạm Y tế Vĩnh Lộc,2022,2026-09-19,3.3,7.5,0,0,27.0,Bình thường
TL08,DV08,Trạm Y tế Vĩnh Lộc,2022,2026-09-20,3.8,7.9,0,0,26.0,Bình thường
TL08,DV08,Trạm Y tế Vĩnh Lộc,2022,2026-09-21,3.8,8.5,0,0,26.0,Bình thường
TL08,DV08,Trạm Y tế Vĩnh Lộc,2022,2026-09-22,3.7,7.3,0,0,25.0,Bình thường
TL08,DV08,Trạm Y tế Vĩnh Lộc,2022,2026-09-23,3.7,8.7,0,0,24.0,Bình thường
TL08,DV08,Trạm Y tế Vĩnh Lộc,2022,2026-09-24,3.0,8.8,0,0,23.0,Bình thường
TL08,DV08,Trạm Y tế Vĩnh Lộc,2022,2026-09-25,4.1,8.2,0,0,23.0,Bình thường
TL08,DV08,Trạm Y tế Vĩnh Lộc,2022,2026-09-26,4.0,8.3,0,0,22.0,Bình thường
TL08,DV08,Trạm Y tế Vĩnh Lộc,2022,2026-09-27,3.8,7.6,0,0,21.0,Bình thường
TL08,DV08,Trạm Y tế Vĩnh Lộc,2022,2026-09-28,3.6,8.4,0,0,20.0,Bình thường
TL08,DV08,Trạm Y tế Vĩnh Lộc,2022,2026-09-29,3.8,8.6,0,0,19.0,Pin cảm biến yếu
TL08,DV08,Trạm Y tế Vĩnh Lộc,2022,2026-09-30,4.0,13.1,2,43,19.0,Pin cảm biến yếu
TL09,DV09,Trạm Y tế An Cư,2016,2026-09-01,3.8,7.0,0,0,55.0,Bình thường
TL09,DV09,Trạm Y tế An Cư,2016,2026-09-02,3.0,7.1,0,0,54.0,Bình thường
TL09,DV09,Trạm Y tế An Cư,2016,2026-09-03,2.5,8.6,0,0,53.0,Bình thường
TL09,DV09,Trạm Y tế An Cư,2016,2026-09-04,2.9,7.8,0,0,53.0,Bình thường
TL09,DV09,Trạm Y tế An Cư,2016,2026-09-05,3.1,9.3,0,0,52.0,Bình thường
TL09,DV09,Trạm Y tế An Cư,2016,2026-09-06,3.4,7.4,0,0,51.0,Bình thường
TL09,DV09,Trạm Y tế An Cư,2016,2026-09-07,2.8,8.1,0,0,51.0,Bình thường
TL09,DV09,Trạm Y tế An Cư,2016,2026-09-08,3.3,7.1,0,0,50.0,Bình thường
TL09,DV09,Trạm Y tế An Cư,2016,2026-09-09,2.9,7.7,0,0,49.0,Bình thường
TL09,DV09,Trạm Y tế An Cư,2016,2026-09-10,3.2,8.5,0,0,49.0,Bình thường
TL09,DV09,Trạm Y tế An Cư,2016,2026-09-11,4.0,7.5,0,0,48.0,Bình thường
TL09,DV09,Trạm Y tế An Cư,2016,2026-09-12,3.8,11.1,3,91,47.0,Cảnh báo — phải rà lô vắc-xin
TL09,DV09,Trạm Y tế An Cư,2016,2026-09-13,3.0,7.7,0,0,47.0,Bình thường
TL09,DV09,Trạm Y tế An Cư,2016,2026-09-14,4.5,8.8,0,0,46.0,Bình thường
TL09,DV09,Trạm Y tế An Cư,2016,2026-09-15,3.0,7.7,0,0,45.0,Bình thường
TL09,DV09,Trạm Y tế An Cư,2016,2026-09-16,3.0,8.9,0,0,44.0,Bình thường
TL09,DV09,Trạm Y tế An Cư,2016,2026-09-17,3.3,8.5,0,0,44.0,Bình thường
TL09,DV09,Trạm Y tế An Cư,2016,2026-09-18,3.4,8.0,0,0,43.0,Bình thường
TL09,DV09,Trạm Y tế An Cư,2016,2026-09-19,1.4,8.2,0,0,42.0,Bình thường
TL09,DV09,Trạm Y tế An Cư,2016,2026-09-20,2.6,10.7,3,94,42.0,Cảnh báo — phải rà lô vắc-xin
TL09,DV09,Trạm Y tế An Cư,2016,2026-09-21,3.8,8.6,0,0,41.0,Bình thường
TL09,DV09,Trạm Y tế An Cư,2016,2026-09-22,2.7,8.1,0,0,40.0,Bình thường
TL09,DV09,Trạm Y tế An Cư,2016,2026-09-23,2.6,6.4,0,0,40.0,Bình thường
TL09,DV09,Trạm Y tế An Cư,2016,2026-09-24,3.3,7.4,0,0,39.0,Bình thường
TL09,DV09,Trạm Y tế An Cư,2016,2026-09-25,2.4,8.6,0,0,38.0,Bình thường
TL09,DV09,Trạm Y tế An Cư,2016,2026-09-26,2.5,7.0,0,0,37.0,Bình thường
TL09,DV09,Trạm Y tế An Cư,2016,2026-09-27,2.5,7.8,0,0,37.0,Bình thường
TL09,DV09,Trạm Y tế An Cư,2016,2026-09-28,3.7,9.9,2,27,36.0,Có ra ngưỡng
TL09,DV09,Trạm Y tế An Cư,2016,2026-09-29,3.9,7.0,0,0,36.0,Bình thường
TL09,DV09,Trạm Y tế An Cư,2016,2026-09-30,3.1,8.0,0,0,35.0,Bình thường
TL10,DV10,Trạm Y tế Thanh Sơn,2016,2026-09-01,3.6,7.8,0,0,85.0,Bình thường
TL10,DV10,Trạm Y tế Thanh Sơn,2016,2026-09-02,3.3,12.3,1,31,84.0,Có ra ngưỡng
TL10,DV10,Trạm Y tế Thanh Sơn,2016,2026-09-03,4.0,8.2,0,0,83.0,Bình thường
TL10,DV10,Trạm Y tế Thanh Sơn,2016,2026-09-04,3.7,7.9,0,0,83.0,Bình thường
TL10,DV10,Trạm Y tế Thanh Sơn,2016,2026-09-05,3.7,8.0,0,0,82.0,Bình thường
TL10,DV10,Trạm Y tế Thanh Sơn,2016,2026-09-06,3.2,12.9,3,92,82.0,Cảnh báo — phải rà lô vắc-xin
TL10,DV10,Trạm Y tế Thanh Sơn,2016,2026-09-07,4.1,8.9,0,0,81.0,Bình thường
TL10,DV10,Trạm Y tế Thanh Sơn,2016,2026-09-08,1.7,7.9,0,0,80.0,Bình thường
TL10,DV10,Trạm Y tế Thanh Sơn,2016,2026-09-09,4.4,8.0,0,0,79.0,Bình thường
TL10,DV10,Trạm Y tế Thanh Sơn,2016,2026-09-10,3.5,7.5,0,0,78.0,Bình thường
TL10,DV10,Trạm Y tế Thanh Sơn,2016,2026-09-11,4.3,8.5,0,0,77.0,Bình thường
TL10,DV10,Trạm Y tế Thanh Sơn,2016,2026-09-12,2.7,7.3,0,0,77.0,Bình thường
TL10,DV10,Trạm Y tế Thanh Sơn,2016,2026-09-13,4.2,7.3,0,0,77.0,Bình thường
TL10,DV10,Trạm Y tế Thanh Sơn,2016,2026-09-14,2.5,8.7,0,0,76.0,Bình thường
TL10,DV10,Trạm Y tế Thanh Sơn,2016,2026-09-15,2.2,8.2,0,0,75.0,Bình thường
TL10,DV10,Trạm Y tế Thanh Sơn,2016,2026-09-16,3.6,8.7,0,0,75.0,Bình thường
TL10,DV10,Trạm Y tế Thanh Sơn,2016,2026-09-17,3.4,7.0,0,0,74.0,Bình thường
TL10,DV10,Trạm Y tế Thanh Sơn,2016,2026-09-18,3.0,7.4,0,0,73.0,Bình thường
TL10,DV10,Trạm Y tế Thanh Sơn,2016,2026-09-19,3.3,10.0,2,45,72.0,Có ra ngưỡng
TL10,DV10,Trạm Y tế Thanh Sơn,2016,2026-09-20,2.8,8.5,0,0,71.0,Bình thường
TL10,DV10,Trạm Y tế Thanh Sơn,2016,2026-09-21,3.3,9.0,0,0,70.0,Bình thường
TL10,DV10,Trạm Y tế Thanh Sơn,2016,2026-09-22,2.1,7.5,0,0,70.0,Bình thường
TL10,DV10,Trạm Y tế Thanh Sơn,2016,2026-09-23,3.4,8.9,0,0,69.0,Bình thường
TL10,DV10,Trạm Y tế Thanh Sơn,2016,2026-09-24,4.0,8.4,0,0,68.0,Bình thường
TL10,DV10,Trạm Y tế Thanh Sơn,2016,2026-09-25,2.9,12.8,1,46,68.0,Có ra ngưỡng
TL10,DV10,Trạm Y tế Thanh Sơn,2016,2026-09-26,4.9,8.4,0,0,67.0,Bình thường
TL10,DV10,Trạm Y tế Thanh Sơn,2016,2026-09-27,3.2,7.8,0,0,67.0,Bình thường
TL10,DV10,Trạm Y tế Thanh Sơn,2016,2026-09-28,3.0,7.6,0,0,66.0,Bình thường
TL10,DV10,Trạm Y tế Thanh Sơn,2016,2026-09-29,3.7,8.2,0,0,65.0,Bình thường
TL10,DV10,Trạm Y tế Thanh Sơn,2016,2026-09-30,2.9,10.2,1,29,64.0,Có ra ngưỡng
TL11,DV11,Trạm Y tế Mỹ Khánh,2021,2026-09-01,4.0,8.0,0,0,77.0,Bình thường
TL11,DV11,Trạm Y tế Mỹ Khánh,2021,2026-09-02,4.0,7.5,0,0,76.0,Bình thường
TL11,DV11,Trạm Y tế Mỹ Khánh,2021,2026-09-03,2.8,11.2,1,21,75.0,Có ra ngưỡng
TL11,DV11,Trạm Y tế Mỹ Khánh,2021,2026-09-04,2.8,9.3,0,0,74.0,Bình thường
TL11,DV11,Trạm Y tế Mỹ Khánh,2021,2026-09-05,3.8,8.5,0,0,74.0,Bình thường
TL11,DV11,Trạm Y tế Mỹ Khánh,2021,2026-09-06,3.4,8.2,0,0,73.0,Bình thường
TL11,DV11,Trạm Y tế Mỹ Khánh,2021,2026-09-07,2.6,7.6,0,0,72.0,Bình thường
TL11,DV11,Trạm Y tế Mỹ Khánh,2021,2026-09-08,2.9,8.1,0,0,71.0,Bình thường
TL11,DV11,Trạm Y tế Mỹ Khánh,2021,2026-09-09,3.1,11.3,2,69,71.0,Cảnh báo — phải rà lô vắc-xin
TL11,DV11,Trạm Y tế Mỹ Khánh,2021,2026-09-10,2.5,9.0,0,0,70.0,Bình thường
TL11,DV11,Trạm Y tế Mỹ Khánh,2021,2026-09-11,4.1,7.5,0,0,70.0,Bình thường
TL11,DV11,Trạm Y tế Mỹ Khánh,2021,2026-09-12,3.5,8.6,0,0,69.0,Bình thường
TL11,DV11,Trạm Y tế Mỹ Khánh,2021,2026-09-13,3.4,13.0,1,19,69.0,Có ra ngưỡng
TL11,DV11,Trạm Y tế Mỹ Khánh,2021,2026-09-14,3.8,6.8,0,0,68.0,Bình thường
TL11,DV11,Trạm Y tế Mỹ Khánh,2021,2026-09-15,3.5,8.7,0,0,68.0,Bình thường
TL11,DV11,Trạm Y tế Mỹ Khánh,2021,2026-09-16,2.6,7.8,0,0,67.0,Bình thường
TL11,DV11,Trạm Y tế Mỹ Khánh,2021,2026-09-17,3.2,9.0,0,0,66.0,Bình thường
TL11,DV11,Trạm Y tế Mỹ Khánh,2021,2026-09-18,3.6,8.4,0,0,66.0,Bình thường
TL11,DV11,Trạm Y tế Mỹ Khánh,2021,2026-09-19,3.5,8.1,0,0,64.0,Bình thường
TL11,DV11,Trạm Y tế Mỹ Khánh,2021,2026-09-20,2.8,7.4,0,0,64.0,Bình thường
TL11,DV11,Trạm Y tế Mỹ Khánh,2021,2026-09-21,4.0,10.4,2,50,64.0,Có ra ngưỡng
TL11,DV11,Trạm Y tế Mỹ Khánh,2021,2026-09-22,3.9,7.8,0,0,63.0,Bình thường
TL11,DV11,Trạm Y tế Mỹ Khánh,2021,2026-09-23,4.3,11.6,1,40,62.0,Có ra ngưỡng
TL11,DV11,Trạm Y tế Mỹ Khánh,2021,2026-09-24,2.7,8.2,0,0,62.0,Bình thường
TL11,DV11,Trạm Y tế Mỹ Khánh,2021,2026-09-25,3.8,7.9,0,0,61.0,Bình thường
TL11,DV11,Trạm Y tế Mỹ Khánh,2021,2026-09-26,2.0,7.5,0,0,61.0,Bình thường
TL11,DV11,Trạm Y tế Mỹ Khánh,2021,2026-09-27,3.5,8.6,0,0,60.0,Bình thường
TL11,DV11,Trạm Y tế Mỹ Khánh,2021,2026-09-28,3.0,7.6,0,0,60.0,Bình thường
TL11,DV11,Trạm Y tế Mỹ Khánh,2021,2026-09-29,2.8,7.9,0,0,59.0,Bình thường
TL11,DV11,Trạm Y tế Mỹ Khánh,2021,2026-09-30,3.0,7.4,0,0,58.0,Bình thường
TL12,DV12,Trạm Y tế Hương Trà,2019,2026-09-01,4.6,11.4,2,56,41.0,Có ra ngưỡng
TL12,DV12,Trạm Y tế Hương Trà,2019,2026-09-02,3.7,7.7,0,0,40.0,Bình thường
TL12,DV12,Trạm Y tế Hương Trà,2019,2026-09-03,3.3,7.7,0,0,39.0,Bình thường
TL12,DV12,Trạm Y tế Hương Trà,2019,2026-09-04,3.2,8.6,0,0,39.0,Bình thường
TL12,DV12,Trạm Y tế Hương Trà,2019,2026-09-05,3.1,8.1,0,0,38.0,Bình thường
TL12,DV12,Trạm Y tế Hương Trà,2019,2026-09-06,4.1,11.4,1,17,37.0,Có ra ngưỡng
TL12,DV12,Trạm Y tế Hương Trà,2019,2026-09-07,3.8,9.9,1,22,36.0,Có ra ngưỡng
TL12,DV12,Trạm Y tế Hương Trà,2019,2026-09-08,3.5,7.5,0,0,36.0,Bình thường
TL12,DV12,Trạm Y tế Hương Trà,2019,2026-09-09,3.0,7.4,0,0,35.0,Bình thường
TL12,DV12,Trạm Y tế Hương Trà,2019,2026-09-10,4.0,8.3,0,0,34.0,Bình thường
TL12,DV12,Trạm Y tế Hương Trà,2019,2026-09-11,3.5,7.6,0,0,33.0,Bình thường
TL12,DV12,Trạm Y tế Hương Trà,2019,2026-09-12,2.9,8.2,0,0,33.0,Bình thường
TL12,DV12,Trạm Y tế Hương Trà,2019,2026-09-13,3.3,7.5,0,0,32.0,Bình thường
TL12,DV12,Trạm Y tế Hương Trà,2019,2026-09-14,3.0,7.7,0,0,32.0,Bình thường
TL12,DV12,Trạm Y tế Hương Trà,2019,2026-09-15,3.5,8.2,0,0,31.0,Bình thường
TL12,DV12,Trạm Y tế Hương Trà,2019,2026-09-16,3.7,7.6,0,0,30.0,Bình thường
TL12,DV12,Trạm Y tế Hương Trà,2019,2026-09-17,3.8,8.1,0,0,30.0,Bình thường
TL12,DV12,Trạm Y tế Hương Trà,2019,2026-09-18,2.8,7.7,0,0,29.0,Bình thường
TL12,DV12,Trạm Y tế Hương Trà,2019,2026-09-19,3.4,8.0,0,0,28.0,Bình thường
TL12,DV12,Trạm Y tế Hương Trà,2019,2026-09-20,2.9,7.1,0,0,28.0,Bình thường
TL12,DV12,Trạm Y tế Hương Trà,2019,2026-09-21,3.2,7.8,0,0,27.0,Bình thường
TL12,DV12,Trạm Y tế Hương Trà,2019,2026-09-22,5.0,9.4,0,0,27.0,Bình thường
TL12,DV12,Trạm Y tế Hương Trà,2019,2026-09-23,3.2,8.7,0,0,26.0,Bình thường
TL12,DV12,Trạm Y tế Hương Trà,2019,2026-09-24,4.1,12.2,1,9,25.0,Có ra ngưỡng
TL12,DV12,Trạm Y tế Hương Trà,2019,2026-09-25,3.4,7.3,0,0,25.0,Bình thường
TL12,DV12,Trạm Y tế Hương Trà,2019,2026-09-26,4.3,8.2,0,0,24.0,Bình thường
TL12,DV12,Trạm Y tế Hương Trà,2019,2026-09-27,4.0,11.9,1,13,23.0,Có ra ngưỡng
TL12,DV12,Trạm Y tế Hương Trà,2019,2026-09-28,3.8,8.2,0,0,22.0,Bình thường
TL12,DV12,Trạm Y tế Hương Trà,2019,2026-09-29,4.3,7.7,0,0,21.0,Bình thường
TL12,DV12,Trạm Y tế Hương Trà,2019,2026-09-30,3.9,8.4,0,0,20.0,Bình thường
TL13,DV01,Kho vắc-xin Trung tâm Y tế,2024,2026-09-01,3.0,8.0,0,0,68.0,Bình thường
TL13,DV01,Kho vắc-xin Trung tâm Y tế,2024,2026-09-02,3.3,8.1,0,0,67.0,Bình thường
TL13,DV01,Kho vắc-xin Trung tâm Y tế,2024,2026-09-03,3.1,9.3,0,0,67.0,Bình thường
TL13,DV01,Kho vắc-xin Trung tâm Y tế,2024,2026-09-04,4.4,8.1,0,0,66.0,Bình thường
TL13,DV01,Kho vắc-xin Trung tâm Y tế,2024,2026-09-05,2.5,11.2,1,35,65.0,Có ra ngưỡng
TL13,DV01,Kho vắc-xin Trung tâm Y tế,2024,2026-09-06,3.0,7.4,0,0,64.0,Bình thường
TL13,DV01,Kho vắc-xin Trung tâm Y tế,2024,2026-09-07,3.5,9.0,1,35,64.0,Có ra ngưỡng
TL13,DV01,Kho vắc-xin Trung tâm Y tế,2024,2026-09-08,4.1,7.4,0,0,63.0,Bình thường
TL13,DV01,Kho vắc-xin Trung tâm Y tế,2024,2026-09-09,3.5,8.0,0,0,62.0,Bình thường
TL13,DV01,Kho vắc-xin Trung tâm Y tế,2024,2026-09-10,4.5,7.5,0,0,62.0,Bình thường
TL13,DV01,Kho vắc-xin Trung tâm Y tế,2024,2026-09-11,3.7,7.6,0,0,61.0,Bình thường
TL13,DV01,Kho vắc-xin Trung tâm Y tế,2024,2026-09-12,3.4,10.7,1,17,60.0,Có ra ngưỡng
TL13,DV01,Kho vắc-xin Trung tâm Y tế,2024,2026-09-13,4.0,8.0,0,0,60.0,Bình thường
TL13,DV01,Kho vắc-xin Trung tâm Y tế,2024,2026-09-14,4.8,7.8,0,0,59.0,Bình thường
TL13,DV01,Kho vắc-xin Trung tâm Y tế,2024,2026-09-15,4.2,8.3,0,0,58.0,Bình thường
TL13,DV01,Kho vắc-xin Trung tâm Y tế,2024,2026-09-16,2.6,8.4,0,0,57.0,Bình thường
TL13,DV01,Kho vắc-xin Trung tâm Y tế,2024,2026-09-17,3.4,9.0,0,0,56.0,Bình thường
TL13,DV01,Kho vắc-xin Trung tâm Y tế,2024,2026-09-18,2.9,9.2,0,0,55.0,Bình thường
TL13,DV01,Kho vắc-xin Trung tâm Y tế,2024,2026-09-19,2.6,8.5,0,0,54.0,Bình thường
TL13,DV01,Kho vắc-xin Trung tâm Y tế,2024,2026-09-20,4.9,8.5,0,0,54.0,Bình thường
TL13,DV01,Kho vắc-xin Trung tâm Y tế,2024,2026-09-21,3.7,7.9,0,0,53.0,Bình thường
TL13,DV01,Kho vắc-xin Trung tâm Y tế,2024,2026-09-22,3.9,8.9,0,0,53.0,Bình thường
TL13,DV01,Kho vắc-xin Trung tâm Y tế,2024,2026-09-23,2.9,7.5,0,0,52.0,Bình thường
TL13,DV01,Kho vắc-xin Trung tâm Y tế,2024,2026-09-24,2.9,7.5,0,0,51.0,Bình thường
TL13,DV01,Kho vắc-xin Trung tâm Y tế,2024,2026-09-25,3.3,8.1,0,0,51.0,Bình thường
TL13,DV01,Kho vắc-xin Trung tâm Y tế,2024,2026-09-26,2.9,8.8,0,0,50.0,Bình thường
TL13,DV01,Kho vắc-xin Trung tâm Y tế,2024,2026-09-27,3.8,7.0,0,0,49.0,Bình thường
TL13,DV01,Kho vắc-xin Trung tâm Y tế,2024,2026-09-28,3.6,7.6,0,0,48.0,Bình thường
TL13,DV01,Kho vắc-xin Trung tâm Y tế,2024,2026-09-29,3.6,9.1,0,0,47.0,Bình thường
TL13,DV01,Kho vắc-xin Trung tâm Y tế,2024,2026-09-30,2.0,8.7,0,0,47.0,Bình thường
TL14,DV02,Kho vắc-xin dự phòng,2024,2026-09-01,4.0,8.0,0,0,73.0,Bình thường
TL14,DV02,Kho vắc-xin dự phòng,2024,2026-09-02,4.3,7.1,0,0,72.0,Bình thường
TL14,DV02,Kho vắc-xin dự phòng,2024,2026-09-03,2.7,8.2,0,0,72.0,Bình thường
TL14,DV02,Kho vắc-xin dự phòng,2024,2026-09-04,3.4,9.0,0,0,71.0,Bình thường
TL14,DV02,Kho vắc-xin dự phòng,2024,2026-09-05,3.5,7.2,0,0,70.0,Bình thường
TL14,DV02,Kho vắc-xin dự phòng,2024,2026-09-06,3.8,9.6,1,22,70.0,Có ra ngưỡng
TL14,DV02,Kho vắc-xin dự phòng,2024,2026-09-07,2.9,7.4,0,0,69.0,Bình thường
TL14,DV02,Kho vắc-xin dự phòng,2024,2026-09-08,3.2,7.6,0,0,69.0,Bình thường
TL14,DV02,Kho vắc-xin dự phòng,2024,2026-09-09,2.5,9.1,0,0,68.0,Bình thường
TL14,DV02,Kho vắc-xin dự phòng,2024,2026-09-10,3.5,6.7,0,0,67.0,Bình thường
TL14,DV02,Kho vắc-xin dự phòng,2024,2026-09-11,3.9,8.0,0,0,66.0,Bình thường
TL14,DV02,Kho vắc-xin dự phòng,2024,2026-09-12,4.0,8.4,0,0,66.0,Bình thường
TL14,DV02,Kho vắc-xin dự phòng,2024,2026-09-13,2.1,8.5,0,0,65.0,Bình thường
TL14,DV02,Kho vắc-xin dự phòng,2024,2026-09-14,3.3,8.0,0,0,65.0,Bình thường
TL14,DV02,Kho vắc-xin dự phòng,2024,2026-09-15,3.6,7.7,0,0,64.0,Bình thường
TL14,DV02,Kho vắc-xin dự phòng,2024,2026-09-16,2.5,7.8,0,0,63.0,Bình thường
TL14,DV02,Kho vắc-xin dự phòng,2024,2026-09-17,3.9,8.4,0,0,62.0,Bình thường
TL14,DV02,Kho vắc-xin dự phòng,2024,2026-09-18,3.5,11.0,1,40,61.0,Có ra ngưỡng
TL14,DV02,Kho vắc-xin dự phòng,2024,2026-09-19,4.2,8.0,0,0,60.0,Bình thường
TL14,DV02,Kho vắc-xin dự phòng,2024,2026-09-20,2.7,6.5,0,0,60.0,Bình thường
TL14,DV02,Kho vắc-xin dự phòng,2024,2026-09-21,4.3,7.6,0,0,59.0,Bình thường
TL14,DV02,Kho vắc-xin dự phòng,2024,2026-09-22,2.8,7.7,0,0,59.0,Bình thường
TL14,DV02,Kho vắc-xin dự phòng,2024,2026-09-23,2.5,7.5,0,0,58.0,Bình thường
TL14,DV02,Kho vắc-xin dự phòng,2024,2026-09-24,3.8,7.6,0,0,58.0,Bình thường
TL14,DV02,Kho vắc-xin dự phòng,2024,2026-09-25,3.0,7.7,0,0,57.0,Bình thường
TL14,DV02,Kho vắc-xin dự phòng,2024,2026-09-26,3.5,8.1,0,0,56.0,Bình thường
TL14,DV02,Kho vắc-xin dự phòng,2024,2026-09-27,4.4,8.5,0,0,55.0,Bình thường
TL14,DV02,Kho vắc-xin dự phòng,2024,2026-09-28,4.1,8.2,0,0,55.0,Bình thường
TL14,DV02,Kho vắc-xin dự phòng,2024,2026-09-29,4.0,8.2,0,0,54.0,Bình thường
TL14,DV02,Kho vắc-xin dự phòng,2024,2026-09-30,3.4,8.0,0,0,53.0,Bình thường
