ma_ho_so,ma_don_vi,ten_don_vi,nhom_doi_tuong,ngay_nop,so_ngay_xu_ly,so_lan_bo_sung,so_tien_thang_nghin_dong,ai_danh_dau_nghi_van,diem_nghi_van_ai,ket_luan_tham_dinh,ghi_chu
HS00001,DV04,Phường Nam Phong,Người cao tuổi,2026-01-01,11,0,765,0,0.09,Chưa thẩm định lại,
HS00002,DV06,Xã Long Thành,Người khuyết tật,2026-01-01,26,3,932,0,0.04,Chưa thẩm định lại,
HS00003,DV04,Phường Nam Phong,Người cao tuổi,2026-01-02,25,2,769,0,0.22,Chưa thẩm định lại,
HS00004,DV07,Xã Phú Điền,Người cao tuổi,2026-01-02,11,0,759,0,0.27,Chưa thẩm định lại,
HS00005,DV02,Phường Tân Hoà,Hộ nghèo,2026-01-03,16,0,684,0,0.11,Chưa thẩm định lại,
HS00006,DV02,Phường Tân Hoà,Hộ nghèo,2026-01-03,18,0,610,0,0.12,Chưa thẩm định lại,
HS00007,DV03,Phường Đông Giang,Hộ cận nghèo,2026-01-03,10,0,486,0,0.2,Chưa thẩm định lại,
HS00008,DV08,Xã Vĩnh Lộc,Hộ cận nghèo,2026-01-03,17,1,496,0,0.05,Chưa thẩm định lại,
HS00009,DV09,Xã An Cư,Trẻ em có hoàn cảnh đặc biệt,2026-01-03,16,0,838,0,0.02,Chưa thẩm định lại,
HS00010,DV10,Xã Thanh Sơn,Người khuyết tật,2026-01-03,32,3,912,0,0.14,Chưa thẩm định lại,
HS00011,DV03,Phường Đông Giang,Người cao tuổi,2026-01-04,27,1,734,0,0.07,Chưa thẩm định lại,
HS00012,DV02,Phường Tân Hoà,Người cao tuổi,2026-01-05,16,0,728,0,0.06,Chưa thẩm định lại,
HS00013,DV05,Xã Bình An,Trẻ em có hoàn cảnh đặc biệt,2026-01-05,10,0,769,0,0.12,Chưa thẩm định lại,
HS00014,DV08,Xã Vĩnh Lộc,Người khuyết tật,2026-01-06,15,0,899,0,0.4,Chưa thẩm định lại,
HS00015,DV09,Xã An Cư,Người khuyết tật,2026-01-06,20,1,830,0,0.01,Chưa thẩm định lại,
HS00016,DV01,Phường Hoà Thuận,Người cao tuổi,2026-01-07,14,0,768,0,0.05,Chưa thẩm định lại,
HS00017,DV08,Xã Vĩnh Lộc,Người có công,2026-01-07,7,0,1561,0,0.31,Chưa thẩm định lại,
HS00018,DV01,Phường Hoà Thuận,Người cao tuổi,2026-01-08,11,0,718,0,0.16,Chưa thẩm định lại,
HS00019,DV03,Phường Đông Giang,Người cao tuổi,2026-01-08,11,0,722,0,0.08,Chưa thẩm định lại,
HS00020,DV08,Xã Vĩnh Lộc,Hộ cận nghèo,2026-01-09,17,1,509,0,0.36,Chưa thẩm định lại,
HS00021,DV11,Xã Mỹ Khánh,Người có công,2026-01-09,26,1,1758,0,0.04,Chưa thẩm định lại,
HS00022,DV03,Phường Đông Giang,Hộ cận nghèo,2026-01-10,18,1,489,0,0.25,Chưa thẩm định lại,
HS00023,DV02,Phường Tân Hoà,Người cao tuổi,2026-01-11,21,1,763,0,0.33,Chưa thẩm định lại,
HS00024,DV03,Phường Đông Giang,Hộ cận nghèo,2026-01-11,15,0,482,0,0.19,Chưa thẩm định lại,
HS00025,DV12,Xã Hương Trà,Người cao tuổi,2026-01-11,10,0,673,0,0.29,Chưa thẩm định lại,
HS00026,DV04,Phường Nam Phong,Hộ cận nghèo,2026-01-12,6,0,488,0,0.05,Chưa thẩm định lại,
HS00027,DV05,Xã Bình An,Hộ nghèo,2026-01-12,11,0,661,0,0.24,Chưa thẩm định lại,
HS00028,DV06,Xã Long Thành,Người khuyết tật,2026-01-12,20,1,924,0,0.42,Chưa thẩm định lại,
HS00029,DV07,Xã Phú Điền,Người cao tuổi,2026-01-12,8,0,748,0,0.28,Chưa thẩm định lại,
HS00030,DV07,Xã Phú Điền,Người khuyết tật,2026-01-12,29,2,922,0,0.07,Chưa thẩm định lại,
HS00031,DV12,Xã Hương Trà,Người khuyết tật,2026-01-12,8,0,836,0,0.4,Chưa thẩm định lại,
HS00032,DV02,Phường Tân Hoà,Người cao tuổi,2026-01-13,16,0,695,0,0.16,Chưa thẩm định lại,
HS00033,DV03,Phường Đông Giang,Người khuyết tật,2026-01-13,15,1,831,0,0.32,Chưa thẩm định lại,
HS00034,DV03,Phường Đông Giang,Người cao tuổi,2026-01-13,18,0,713,0,0.24,Chưa thẩm định lại,
HS00035,DV04,Phường Nam Phong,Người khuyết tật,2026-01-13,18,1,840,0,0.03,Chưa thẩm định lại,
HS00036,DV06,Xã Long Thành,Người cao tuổi,2026-01-13,12,0,744,0,0.14,Chưa thẩm định lại,
HS00037,DV01,Phường Hoà Thuận,Người có công,2026-01-14,26,1,1635,0,0.19,Chưa thẩm định lại,
HS00038,DV01,Phường Hoà Thuận,Hộ cận nghèo,2026-01-14,14,0,486,1,0.97,Có sai sót,Hết thời hạn hưởng
HS00039,DV04,Phường Nam Phong,Người cao tuổi,2026-01-14,18,0,702,0,0.04,Chưa thẩm định lại,
HS00040,DV05,Xã Bình An,Người cao tuổi,2026-01-14,14,0,691,0,0.15,Chưa thẩm định lại,
HS00041,DV10,Xã Thanh Sơn,Hộ nghèo,2026-01-14,13,0,640,0,0.39,Chưa thẩm định lại,
HS00042,DV01,Phường Hoà Thuận,Hộ cận nghèo,2026-01-16,14,0,505,0,0.16,Chưa thẩm định lại,
HS00043,DV01,Phường Hoà Thuận,Hộ cận nghèo,2026-01-16,11,0,482,0,0.17,Chưa thẩm định lại,
HS00044,DV03,Phường Đông Giang,Người cao tuổi,2026-01-16,23,2,722,0,0.25,Chưa thẩm định lại,
HS00045,DV04,Phường Nam Phong,Người khuyết tật,2026-01-16,20,0,856,0,0.15,Chưa thẩm định lại,
HS00046,DV04,Phường Nam Phong,Hộ nghèo,2026-01-16,19,1,619,0,0.03,Chưa thẩm định lại,
HS00047,DV05,Xã Bình An,Người khuyết tật,2026-01-16,21,2,896,0,0.28,Chưa thẩm định lại,
HS00048,DV01,Phường Hoà Thuận,Người khuyết tật,2026-01-18,13,0,941,0,0.1,Chưa thẩm định lại,
HS00049,DV01,Phường Hoà Thuận,Hộ cận nghèo,2026-01-18,13,0,464,0,0.26,Chưa thẩm định lại,
HS00050,DV09,Xã An Cư,Người khuyết tật,2026-01-18,22,1,852,0,0.27,Chưa thẩm định lại,
HS00051,DV02,Phường Tân Hoà,Hộ cận nghèo,2026-01-20,18,1,464,0,0.23,Chưa thẩm định lại,
HS00052,DV03,Phường Đông Giang,Hộ nghèo,2026-01-20,11,0,705,0,0.27,Chưa thẩm định lại,
HS00053,DV06,Xã Long Thành,Người cao tuổi,2026-01-20,23,1,688,0,0.12,Chưa thẩm định lại,
HS00054,DV06,Xã Long Thành,Người khuyết tật,2026-01-20,23,2,832,0,0.26,Chưa thẩm định lại,
HS00055,DV06,Xã Long Thành,Hộ cận nghèo,2026-01-20,6,0,466,0,0.05,Chưa thẩm định lại,
HS00056,DV11,Xã Mỹ Khánh,Người cao tuổi,2026-01-20,10,0,695,0,0.27,Chưa thẩm định lại,
HS00057,DV03,Phường Đông Giang,Người cao tuổi,2026-01-21,27,2,704,0,0.13,Chưa thẩm định lại,
HS00058,DV07,Xã Phú Điền,Trẻ em có hoàn cảnh đặc biệt,2026-01-21,12,0,826,0,0.05,Chưa thẩm định lại,
HS00059,DV12,Xã Hương Trà,Người khuyết tật,2026-01-21,22,1,957,0,0.11,Chưa thẩm định lại,
HS00060,DV02,Phường Tân Hoà,Hộ nghèo,2026-01-22,27,2,613,1,0.6,Không có sai sót,
HS00061,DV02,Phường Tân Hoà,Người có công,2026-01-22,13,0,1544,0,0.3,Chưa thẩm định lại,
HS00062,DV04,Phường Nam Phong,Hộ cận nghèo,2026-01-23,16,0,498,0,0.05,Chưa thẩm định lại,
HS00063,DV11,Xã Mỹ Khánh,Người cao tuổi,2026-01-23,31,3,699,0,0.07,Chưa thẩm định lại,
HS00064,DV11,Xã Mỹ Khánh,Hộ cận nghèo,2026-01-23,21,1,479,0,0.2,Chưa thẩm định lại,
HS00065,DV04,Phường Nam Phong,Hộ nghèo,2026-01-24,10,1,614,0,0.08,Chưa thẩm định lại,
HS00066,DV08,Xã Vĩnh Lộc,Trẻ em có hoàn cảnh đặc biệt,2026-01-25,18,0,789,0,0.12,Chưa thẩm định lại,
HS00067,DV09,Xã An Cư,Trẻ em có hoàn cảnh đặc biệt,2026-01-27,17,0,830,0,0.21,Chưa thẩm định lại,
HS00068,DV02,Phường Tân Hoà,Hộ cận nghèo,2026-01-28,11,0,480,0,0.18,Chưa thẩm định lại,
HS00069,DV04,Phường Nam Phong,Người cao tuổi,2026-01-28,15,0,695,0,0.41,Chưa thẩm định lại,
HS00070,DV02,Phường Tân Hoà,Người khuyết tật,2026-01-29,8,0,948,0,0.47,Chưa thẩm định lại,
HS00071,DV02,Phường Tân Hoà,Trẻ em có hoàn cảnh đặc biệt,2026-01-29,11,0,758,0,0.07,Chưa thẩm định lại,
HS00072,DV07,Xã Phú Điền,Người cao tuổi,2026-01-29,12,0,775,0,0.37,Chưa thẩm định lại,
HS00073,DV11,Xã Mỹ Khánh,Người khuyết tật,2026-01-30,14,1,912,0,0.31,Chưa thẩm định lại,
HS00074,DV12,Xã Hương Trà,Người cao tuổi,2026-01-31,10,0,773,0,0.28,Chưa thẩm định lại,
HS00075,DV01,Phường Hoà Thuận,Người có công,2026-02-01,22,2,1621,0,0.07,Chưa thẩm định lại,
HS00076,DV02,Phường Tân Hoà,Người cao tuổi,2026-02-01,15,0,751,0,0.28,Chưa thẩm định lại,
HS00077,DV04,Phường Nam Phong,Người khuyết tật,2026-02-01,9,1,854,0,0.21,Chưa thẩm định lại,
HS00078,DV06,Xã Long Thành,Người có công,2026-02-01,12,0,1519,0,0.03,Chưa thẩm định lại,
HS00079,DV01,Phường Hoà Thuận,Người khuyết tật,2026-02-02,17,0,836,0,0.06,Chưa thẩm định lại,
HS00080,DV05,Xã Bình An,Người cao tuổi,2026-02-02,12,0,695,0,0.06,Chưa thẩm định lại,
HS00081,DV10,Xã Thanh Sơn,Hộ nghèo,2026-02-03,27,2,608,0,0.01,Chưa thẩm định lại,
HS00082,DV02,Phường Tân Hoà,Người khuyết tật,2026-02-04,9,0,906,0,0.19,Chưa thẩm định lại,
HS00083,DV04,Phường Nam Phong,Người cao tuổi,2026-02-04,10,0,668,0,0.12,Chưa thẩm định lại,
HS00084,DV01,Phường Hoà Thuận,Hộ cận nghèo,2026-02-05,15,0,492,0,0.23,Chưa thẩm định lại,
HS00085,DV01,Phường Hoà Thuận,Người cao tuổi,2026-02-05,17,0,771,0,0.22,Chưa thẩm định lại,
HS00086,DV06,Xã Long Thành,Người cao tuổi,2026-02-05,6,0,750,0,0.35,Chưa thẩm định lại,
HS00087,DV09,Xã An Cư,Người cao tuổi,2026-02-05,10,0,755,0,0.11,Chưa thẩm định lại,
HS00088,DV12,Xã Hương Trà,Người khuyết tật,2026-02-05,23,1,915,0,0.16,Chưa thẩm định lại,
HS00089,DV01,Phường Hoà Thuận,Người có công,2026-02-06,28,2,1546,0,0.09,Chưa thẩm định lại,
HS00090,DV02,Phường Tân Hoà,Người có công,2026-02-06,17,1,1540,0,0.37,Chưa thẩm định lại,
HS00091,DV05,Xã Bình An,Người cao tuổi,2026-02-06,6,0,744,0,0.34,Chưa thẩm định lại,
HS00092,DV02,Phường Tân Hoà,Hộ cận nghèo,2026-02-07,20,1,479,0,0.36,Chưa thẩm định lại,
HS00093,DV05,Xã Bình An,Hộ cận nghèo,2026-02-07,10,0,476,0,0.15,Chưa thẩm định lại,
HS00094,DV02,Phường Tân Hoà,Người cao tuổi,2026-02-08,14,1,675,0,0.49,Chưa thẩm định lại,
HS00095,DV05,Xã Bình An,Người cao tuổi,2026-02-08,7,0,721,0,0.44,Chưa thẩm định lại,
HS00096,DV12,Xã Hương Trà,Người cao tuổi,2026-02-08,18,0,720,0,0.24,Chưa thẩm định lại,
HS00097,DV01,Phường Hoà Thuận,Người cao tuổi,2026-02-09,23,2,757,0,0.1,Chưa thẩm định lại,
HS00098,DV06,Xã Long Thành,Người cao tuổi,2026-02-10,23,2,771,0,0.22,Chưa thẩm định lại,
HS00099,DV09,Xã An Cư,Người cao tuổi,2026-02-10,12,0,734,0,0.07,Chưa thẩm định lại,
HS00100,DV12,Xã Hương Trà,Người có công,2026-02-10,12,0,1586,0,0.4,Chưa thẩm định lại,
HS00101,DV12,Xã Hương Trà,Người khuyết tật,2026-02-10,3,0,875,1,0.84,Có sai sót,Sai nhóm đối tượng
HS00102,DV01,Phường Hoà Thuận,Trẻ em có hoàn cảnh đặc biệt,2026-02-11,17,0,830,0,0.27,Chưa thẩm định lại,
HS00103,DV02,Phường Tân Hoà,Trẻ em có hoàn cảnh đặc biệt,2026-02-11,14,1,771,1,0.56,Không có sai sót,
HS00104,DV03,Phường Đông Giang,Người khuyết tật,2026-02-11,10,0,905,0,0.12,Chưa thẩm định lại,
HS00105,DV12,Xã Hương Trà,Hộ nghèo,2026-02-11,19,0,615,0,0.25,Chưa thẩm định lại,
HS00106,DV10,Xã Thanh Sơn,Người cao tuổi,2026-02-12,30,3,691,0,0.54,Chưa thẩm định lại,
HS00107,DV12,Xã Hương Trà,Người cao tuổi,2026-02-12,11,0,773,0,0.31,Chưa thẩm định lại,
HS00108,DV12,Xã Hương Trà,Người cao tuổi,2026-02-12,18,0,764,0,0.28,Chưa thẩm định lại,
HS00109,DV11,Xã Mỹ Khánh,Người cao tuổi,2026-02-13,14,0,740,0,0.06,Chưa thẩm định lại,
HS00110,DV02,Phường Tân Hoà,Hộ cận nghèo,2026-02-14,15,0,449,0,0.29,Chưa thẩm định lại,
HS00111,DV12,Xã Hương Trà,Người cao tuổi,2026-02-14,10,0,732,0,0.1,Chưa thẩm định lại,
HS00112,DV11,Xã Mỹ Khánh,Người cao tuổi,2026-02-16,13,0,774,0,0.07,Chưa thẩm định lại,
HS00113,DV01,Phường Hoà Thuận,Hộ nghèo,2026-02-18,22,2,650,0,0.43,Chưa thẩm định lại,
HS00114,DV02,Phường Tân Hoà,Hộ nghèo,2026-02-18,11,0,690,0,0.24,Chưa thẩm định lại,
HS00115,DV03,Phường Đông Giang,Người cao tuổi,2026-02-18,17,1,755,0,0.06,Chưa thẩm định lại,
HS00116,DV04,Phường Nam Phong,Người cao tuổi,2026-02-19,10,0,733,0,0.07,Chưa thẩm định lại,
HS00117,DV12,Xã Hương Trà,Người khuyết tật,2026-02-19,15,1,953,1,0.57,Không có sai sót,
HS00118,DV07,Xã Phú Điền,Hộ cận nghèo,2026-02-21,11,0,497,0,0.2,Chưa thẩm định lại,
HS00119,DV02,Phường Tân Hoà,Người cao tuổi,2026-02-22,14,0,741,0,0.4,Chưa thẩm định lại,
HS00120,DV04,Phường Nam Phong,Hộ cận nghèo,2026-02-22,10,0,497,0,0.22,Chưa thẩm định lại,
HS00121,DV06,Xã Long Thành,Người cao tuổi,2026-02-22,16,0,674,0,0.05,Chưa thẩm định lại,
HS00122,DV09,Xã An Cư,Người khuyết tật,2026-02-22,24,2,910,0,0.11,Chưa thẩm định lại,
HS00123,DV10,Xã Thanh Sơn,Hộ cận nghèo,2026-02-22,30,3,450,0,0.31,Chưa thẩm định lại,
HS00124,DV02,Phường Tân Hoà,Người có công,2026-02-23,10,0,1711,0,0.46,Chưa thẩm định lại,
HS00125,DV04,Phường Nam Phong,Hộ cận nghèo,2026-02-23,25,2,492,0,0.21,Chưa thẩm định lại,
HS00126,DV06,Xã Long Thành,Hộ nghèo,2026-02-23,16,1,680,1,0.67,Có sai sót,Thiếu giấy xác nhận
HS00127,DV11,Xã Mỹ Khánh,Người khuyết tật,2026-02-23,26,2,838,0,0.22,Chưa thẩm định lại,
HS00128,DV11,Xã Mỹ Khánh,Hộ cận nghèo,2026-02-23,13,1,501,0,0.18,Chưa thẩm định lại,
HS00129,DV01,Phường Hoà Thuận,Trẻ em có hoàn cảnh đặc biệt,2026-02-24,17,1,807,0,0.25,Chưa thẩm định lại,
HS00130,DV10,Xã Thanh Sơn,Hộ nghèo,2026-02-24,15,1,694,0,0.04,Chưa thẩm định lại,
HS00131,DV01,Phường Hoà Thuận,Người cao tuổi,2026-02-25,9,0,742,0,0.06,Chưa thẩm định lại,
HS00132,DV01,Phường Hoà Thuận,Người có công,2026-02-25,9,0,1720,0,0.53,Chưa thẩm định lại,
HS00133,DV02,Phường Tân Hoà,Người cao tuổi,2026-02-25,7,0,759,0,0.09,Chưa thẩm định lại,
HS00134,DV03,Phường Đông Giang,Người cao tuổi,2026-02-25,21,1,731,0,0.08,Chưa thẩm định lại,
HS00135,DV09,Xã An Cư,Người khuyết tật,2026-02-25,8,0,937,0,0.34,Chưa thẩm định lại,
HS00136,DV12,Xã Hương Trà,Hộ nghèo,2026-02-25,28,3,695,0,0.15,Chưa thẩm định lại,
HS00137,DV01,Phường Hoà Thuận,Trẻ em có hoàn cảnh đặc biệt,2026-02-26,11,0,835,0,0.11,Chưa thẩm định lại,
HS00138,DV02,Phường Tân Hoà,Người cao tuổi,2026-02-26,28,3,749,0,0.12,Chưa thẩm định lại,
HS00139,DV04,Phường Nam Phong,Người khuyết tật,2026-02-26,34,3,848,0,0.1,Chưa thẩm định lại,
HS00140,DV11,Xã Mỹ Khánh,Người khuyết tật,2026-02-26,12,0,892,0,0.2,Chưa thẩm định lại,
HS00141,DV03,Phường Đông Giang,Trẻ em có hoàn cảnh đặc biệt,2026-02-28,18,1,849,0,0.25,Chưa thẩm định lại,
HS00142,DV12,Xã Hương Trà,Hộ nghèo,2026-02-28,16,1,647,0,0.54,Chưa thẩm định lại,
HS00143,DV03,Phường Đông Giang,Người khuyết tật,2026-03-01,16,0,861,0,0.08,Chưa thẩm định lại,
HS00144,DV01,Phường Hoà Thuận,Hộ cận nghèo,2026-03-02,16,1,513,0,0.06,Chưa thẩm định lại,
HS00145,DV03,Phường Đông Giang,Trẻ em có hoàn cảnh đặc biệt,2026-03-02,5,0,872,1,0.61,Có sai sót,Trùng đối tượng đã hưởng
HS00146,DV07,Xã Phú Điền,Hộ cận nghèo,2026-03-02,14,0,444,0,0.03,Chưa thẩm định lại,
HS00147,DV01,Phường Hoà Thuận,Người cao tuổi,2026-03-04,23,3,729,0,0.19,Chưa thẩm định lại,
HS00148,DV02,Phường Tân Hoà,Trẻ em có hoàn cảnh đặc biệt,2026-03-04,22,1,745,0,0.07,Chưa thẩm định lại,
HS00149,DV02,Phường Tân Hoà,Người khuyết tật,2026-03-05,9,0,864,0,0.33,Chưa thẩm định lại,
HS00150,DV04,Phường Nam Phong,Người khuyết tật,2026-03-06,21,1,891,0,0.42,Chưa thẩm định lại,
HS00151,DV05,Xã Bình An,Hộ nghèo,2026-03-06,22,1,632,0,0.15,Chưa thẩm định lại,
HS00152,DV06,Xã Long Thành,Hộ cận nghèo,2026-03-06,12,0,493,0,0.17,Chưa thẩm định lại,
HS00153,DV08,Xã Vĩnh Lộc,Hộ cận nghèo,2026-03-06,10,0,473,0,0.1,Chưa thẩm định lại,
HS00154,DV01,Phường Hoà Thuận,Hộ cận nghèo,2026-03-07,12,0,479,0,0.29,Chưa thẩm định lại,
HS00155,DV05,Xã Bình An,Người có công,2026-03-07,30,3,1720,0,0.35,Chưa thẩm định lại,
HS00156,DV05,Xã Bình An,Người cao tuổi,2026-03-08,3,0,715,0,0.11,Chưa thẩm định lại,
HS00157,DV10,Xã Thanh Sơn,Người có công,2026-03-09,28,2,1543,0,0.16,Chưa thẩm định lại,
HS00158,DV02,Phường Tân Hoà,Người cao tuổi,2026-03-10,16,0,703,1,0.77,Không có sai sót,
HS00159,DV06,Xã Long Thành,Người cao tuổi,2026-03-11,15,0,776,0,0.21,Chưa thẩm định lại,
HS00160,DV03,Phường Đông Giang,Hộ nghèo,2026-03-12,15,0,710,0,0.06,Chưa thẩm định lại,
HS00161,DV03,Phường Đông Giang,Người cao tuổi,2026-03-12,21,1,773,0,0.02,Chưa thẩm định lại,
HS00162,DV04,Phường Nam Phong,Người khuyết tật,2026-03-12,39,3,863,0,0.05,Chưa thẩm định lại,
HS00163,DV10,Xã Thanh Sơn,Hộ nghèo,2026-03-12,8,0,708,0,0.04,Chưa thẩm định lại,
HS00164,DV03,Phường Đông Giang,Người khuyết tật,2026-03-13,13,0,852,0,0.19,Chưa thẩm định lại,
HS00165,DV05,Xã Bình An,Người cao tuổi,2026-03-14,23,1,705,0,0.1,Chưa thẩm định lại,
HS00166,DV02,Phường Tân Hoà,Người cao tuổi,2026-03-16,24,2,704,1,0.68,Không có sai sót,
HS00167,DV12,Xã Hương Trà,Người cao tuổi,2026-03-17,15,0,702,0,0.12,Chưa thẩm định lại,
HS00168,DV02,Phường Tân Hoà,Người có công,2026-03-18,15,0,1731,0,0.4,Chưa thẩm định lại,
HS00169,DV03,Phường Đông Giang,Hộ cận nghèo,2026-03-20,8,0,453,0,0.09,Chưa thẩm định lại,
HS00170,DV08,Xã Vĩnh Lộc,Hộ cận nghèo,2026-03-20,18,1,505,0,0.26,Chưa thẩm định lại,
HS00171,DV01,Phường Hoà Thuận,Người khuyết tật,2026-03-21,11,0,972,0,0.25,Chưa thẩm định lại,
HS00172,DV02,Phường Tân Hoà,Hộ cận nghèo,2026-03-21,20,0,491,0,0.25,Chưa thẩm định lại,
HS00173,DV03,Phường Đông Giang,Người cao tuổi,2026-03-22,25,2,775,0,0.32,Chưa thẩm định lại,
HS00174,DV04,Phường Nam Phong,Hộ nghèo,2026-03-22,16,1,676,0,0.11,Chưa thẩm định lại,
HS00175,DV05,Xã Bình An,Người cao tuổi,2026-03-22,13,0,679,0,0.23,Chưa thẩm định lại,
HS00176,DV12,Xã Hương Trà,Hộ cận nghèo,2026-03-22,18,1,452,0,0.05,Chưa thẩm định lại,
HS00177,DV01,Phường Hoà Thuận,Người cao tuổi,2026-03-24,19,1,709,0,0.31,Chưa thẩm định lại,
HS00178,DV03,Phường Đông Giang,Người cao tuổi,2026-03-24,3,0,682,1,0.55,Không có sai sót,
HS00179,DV06,Xã Long Thành,Người khuyết tật,2026-03-24,17,1,872,0,0.28,Chưa thẩm định lại,
HS00180,DV11,Xã Mỹ Khánh,Người khuyết tật,2026-03-24,13,0,869,0,0.4,Chưa thẩm định lại,
HS00181,DV01,Phường Hoà Thuận,Hộ nghèo,2026-03-25,6,0,633,0,0.24,Chưa thẩm định lại,
HS00182,DV02,Phường Tân Hoà,Người có công,2026-03-25,16,0,1764,0,0.45,Chưa thẩm định lại,
HS00183,DV07,Xã Phú Điền,Hộ nghèo,2026-03-25,19,2,700,0,0.18,Chưa thẩm định lại,
HS00184,DV11,Xã Mỹ Khánh,Người có công,2026-03-25,28,3,1634,0,0.4,Chưa thẩm định lại,
HS00185,DV04,Phường Nam Phong,Trẻ em có hoàn cảnh đặc biệt,2026-03-26,20,1,758,0,0.14,Chưa thẩm định lại,
HS00186,DV01,Phường Hoà Thuận,Người có công,2026-03-27,15,1,1557,0,0.02,Chưa thẩm định lại,
HS00187,DV03,Phường Đông Giang,Hộ nghèo,2026-03-27,12,0,701,0,0.35,Chưa thẩm định lại,
HS00188,DV05,Xã Bình An,Người cao tuổi,2026-03-27,24,2,690,0,0.29,Chưa thẩm định lại,
HS00189,DV11,Xã Mỹ Khánh,Trẻ em có hoàn cảnh đặc biệt,2026-03-27,13,0,810,0,0.12,Chưa thẩm định lại,
HS00190,DV02,Phường Tân Hoà,Người khuyết tật,2026-03-28,15,2,897,0,0.37,Chưa thẩm định lại,
HS00191,DV06,Xã Long Thành,Người có công,2026-03-28,7,0,1688,0,0.16,Chưa thẩm định lại,
HS00192,DV07,Xã Phú Điền,Người khuyết tật,2026-03-28,12,0,865,0,0.41,Chưa thẩm định lại,
HS00193,DV08,Xã Vĩnh Lộc,Người cao tuổi,2026-03-28,12,0,756,0,0.09,Chưa thẩm định lại,
HS00194,DV01,Phường Hoà Thuận,Người khuyết tật,2026-03-29,17,0,870,1,0.66,Không có sai sót,
HS00195,DV06,Xã Long Thành,Trẻ em có hoàn cảnh đặc biệt,2026-03-29,9,0,856,0,0.48,Chưa thẩm định lại,
HS00196,DV06,Xã Long Thành,Người khuyết tật,2026-03-29,8,0,888,0,0.27,Chưa thẩm định lại,
HS00197,DV07,Xã Phú Điền,Người cao tuổi,2026-03-29,15,0,706,0,0.2,Chưa thẩm định lại,
HS00198,DV08,Xã Vĩnh Lộc,Người cao tuổi,2026-03-30,11,0,763,0,0.2,Chưa thẩm định lại,
HS00199,DV02,Phường Tân Hoà,Trẻ em có hoàn cảnh đặc biệt,2026-03-31,18,1,872,0,0.1,Chưa thẩm định lại,
HS00200,DV02,Phường Tân Hoà,Người khuyết tật,2026-03-31,7,0,867,0,0.37,Chưa thẩm định lại,
HS00201,DV02,Phường Tân Hoà,Hộ cận nghèo,2026-04-02,17,1,493,0,0.26,Chưa thẩm định lại,
HS00202,DV06,Xã Long Thành,Người khuyết tật,2026-04-03,15,0,918,0,0.22,Chưa thẩm định lại,
HS00203,DV03,Phường Đông Giang,Hộ nghèo,2026-04-04,17,1,623,0,0.16,Chưa thẩm định lại,
HS00204,DV09,Xã An Cư,Người khuyết tật,2026-04-04,14,1,968,0,0.19,Chưa thẩm định lại,
HS00205,DV09,Xã An Cư,Người cao tuổi,2026-04-04,11,0,762,0,0.09,Chưa thẩm định lại,
HS00206,DV04,Phường Nam Phong,Hộ nghèo,2026-04-05,14,0,674,0,0.04,Chưa thẩm định lại,
HS00207,DV09,Xã An Cư,Hộ cận nghèo,2026-04-05,12,1,475,0,0.2,Chưa thẩm định lại,
HS00208,DV10,Xã Thanh Sơn,Người cao tuổi,2026-04-06,31,3,663,0,0.19,Chưa thẩm định lại,
HS00209,DV10,Xã Thanh Sơn,Người khuyết tật,2026-04-06,28,3,959,0,0.25,Chưa thẩm định lại,
HS00210,DV03,Phường Đông Giang,Người có công,2026-04-08,24,2,1691,0,0.03,Chưa thẩm định lại,
HS00211,DV04,Phường Nam Phong,Hộ cận nghèo,2026-04-08,17,0,443,0,0.1,Chưa thẩm định lại,
HS00212,DV05,Xã Bình An,Người cao tuổi,2026-04-08,12,1,686,0,0.43,Chưa thẩm định lại,
HS00213,DV05,Xã Bình An,Người khuyết tật,2026-04-08,19,1,852,0,0.19,Chưa thẩm định lại,
HS00214,DV09,Xã An Cư,Hộ nghèo,2026-04-08,20,0,635,0,0.46,Chưa thẩm định lại,
HS00215,DV01,Phường Hoà Thuận,Hộ cận nghèo,2026-04-09,11,0,510,0,0.16,Chưa thẩm định lại,
HS00216,DV01,Phường Hoà Thuận,Người cao tuổi,2026-04-09,20,0,745,0,0.51,Chưa thẩm định lại,
HS00217,DV02,Phường Tân Hoà,Người cao tuổi,2026-04-09,10,0,694,0,0.09,Chưa thẩm định lại,
HS00218,DV03,Phường Đông Giang,Người khuyết tật,2026-04-09,20,2,924,0,0.31,Chưa thẩm định lại,
HS00219,DV03,Phường Đông Giang,Người cao tuổi,2026-04-09,33,3,775,0,0.31,Chưa thẩm định lại,
HS00220,DV07,Xã Phú Điền,Người cao tuổi,2026-04-09,16,1,724,0,0.17,Chưa thẩm định lại,
HS00221,DV02,Phường Tân Hoà,Trẻ em có hoàn cảnh đặc biệt,2026-04-10,19,0,821,0,0.11,Chưa thẩm định lại,
HS00222,DV10,Xã Thanh Sơn,Hộ cận nghèo,2026-04-10,7,1,516,0,0.2,Chưa thẩm định lại,
HS00223,DV04,Phường Nam Phong,Người cao tuổi,2026-04-11,25,1,699,0,0.26,Chưa thẩm định lại,
HS00224,DV06,Xã Long Thành,Người cao tuổi,2026-04-11,19,0,758,0,0.31,Chưa thẩm định lại,
HS00225,DV01,Phường Hoà Thuận,Trẻ em có hoàn cảnh đặc biệt,2026-04-12,13,0,807,0,0.48,Chưa thẩm định lại,
HS00226,DV06,Xã Long Thành,Người cao tuổi,2026-04-12,12,1,728,0,0.09,Chưa thẩm định lại,
HS00227,DV02,Phường Tân Hoà,Người cao tuổi,2026-04-13,20,1,737,0,0.47,Chưa thẩm định lại,
HS00228,DV05,Xã Bình An,Người khuyết tật,2026-04-14,16,0,875,0,0.35,Chưa thẩm định lại,
HS00229,DV01,Phường Hoà Thuận,Trẻ em có hoàn cảnh đặc biệt,2026-04-15,16,0,819,0,0.09,Chưa thẩm định lại,
HS00230,DV04,Phường Nam Phong,Người khuyết tật,2026-04-15,29,2,922,0,0.39,Chưa thẩm định lại,
HS00231,DV05,Xã Bình An,Người cao tuổi,2026-04-15,19,1,676,0,0.11,Chưa thẩm định lại,
HS00232,DV11,Xã Mỹ Khánh,Hộ cận nghèo,2026-04-15,22,1,464,0,0.17,Chưa thẩm định lại,
HS00233,DV09,Xã An Cư,Hộ nghèo,2026-04-16,21,1,647,0,0.49,Chưa thẩm định lại,
HS00234,DV01,Phường Hoà Thuận,Trẻ em có hoàn cảnh đặc biệt,2026-04-17,10,0,824,0,0.12,Chưa thẩm định lại,
HS00235,DV01,Phường Hoà Thuận,Người khuyết tật,2026-04-17,12,0,903,0,0.36,Chưa thẩm định lại,
HS00236,DV02,Phường Tân Hoà,Người có công,2026-04-17,15,0,1628,0,0.08,Chưa thẩm định lại,
HS00237,DV02,Phường Tân Hoà,Trẻ em có hoàn cảnh đặc biệt,2026-04-17,14,0,749,0,0.23,Chưa thẩm định lại,
HS00238,DV08,Xã Vĩnh Lộc,Hộ nghèo,2026-04-17,11,0,611,0,0.12,Chưa thẩm định lại,
HS00239,DV10,Xã Thanh Sơn,Hộ nghèo,2026-04-18,12,0,685,0,0.24,Chưa thẩm định lại,
HS00240,DV11,Xã Mỹ Khánh,Hộ nghèo,2026-04-18,24,1,684,0,0.08,Chưa thẩm định lại,
HS00241,DV01,Phường Hoà Thuận,Người có công,2026-04-19,16,0,1693,1,0.79,Có sai sót,Sai nhóm đối tượng
HS00242,DV02,Phường Tân Hoà,Người khuyết tật,2026-04-20,14,0,862,0,0.24,Chưa thẩm định lại,
HS00243,DV11,Xã Mỹ Khánh,Người cao tuổi,2026-04-20,8,0,697,0,0.08,Chưa thẩm định lại,
HS00244,DV01,Phường Hoà Thuận,Người khuyết tật,2026-04-21,15,0,944,0,0.28,Chưa thẩm định lại,
HS00245,DV03,Phường Đông Giang,Người cao tuổi,2026-04-21,13,0,675,0,0.19,Chưa thẩm định lại,
HS00246,DV01,Phường Hoà Thuận,Hộ nghèo,2026-04-22,11,0,619,0,0.22,Chưa thẩm định lại,
HS00247,DV01,Phường Hoà Thuận,Người cao tuổi,2026-04-22,8,0,695,0,0.27,Chưa thẩm định lại,
HS00248,DV02,Phường Tân Hoà,Người có công,2026-04-22,10,0,1576,1,0.87,Có sai sót,Thiếu giấy xác nhận
HS00249,DV10,Xã Thanh Sơn,Người khuyết tật,2026-04-22,14,0,835,0,0.08,Chưa thẩm định lại,
HS00250,DV02,Phường Tân Hoà,Người có công,2026-04-23,15,0,1654,0,0.23,Chưa thẩm định lại,
HS00251,DV04,Phường Nam Phong,Người khuyết tật,2026-04-23,31,3,933,0,0.24,Chưa thẩm định lại,
HS00252,DV01,Phường Hoà Thuận,Người có công,2026-04-24,12,0,1633,0,0.07,Chưa thẩm định lại,
HS00253,DV05,Xã Bình An,Hộ nghèo,2026-04-24,8,0,639,0,0.29,Chưa thẩm định lại,
HS00254,DV05,Xã Bình An,Người khuyết tật,2026-04-25,16,0,857,0,0.2,Chưa thẩm định lại,
HS00255,DV06,Xã Long Thành,Hộ cận nghèo,2026-04-25,8,0,477,0,0.4,Chưa thẩm định lại,
HS00256,DV04,Phường Nam Phong,Người cao tuổi,2026-04-27,9,0,735,0,0.3,Chưa thẩm định lại,
HS00257,DV10,Xã Thanh Sơn,Hộ nghèo,2026-04-27,19,1,642,0,0.19,Chưa thẩm định lại,
HS00258,DV03,Phường Đông Giang,Người cao tuổi,2026-04-28,21,1,770,0,0.11,Chưa thẩm định lại,
HS00259,DV04,Phường Nam Phong,Người cao tuổi,2026-04-28,16,1,726,0,0.02,Chưa thẩm định lại,
HS00260,DV09,Xã An Cư,Người có công,2026-04-28,8,0,1700,0,0.01,Chưa thẩm định lại,
HS00261,DV01,Phường Hoà Thuận,Người cao tuổi,2026-04-30,24,2,713,0,0.19,Chưa thẩm định lại,
HS00262,DV02,Phường Tân Hoà,Người cao tuổi,2026-04-30,11,0,710,0,0.51,Chưa thẩm định lại,
HS00263,DV01,Phường Hoà Thuận,Người khuyết tật,2026-05-01,15,1,916,0,0.36,Chưa thẩm định lại,
HS00264,DV01,Phường Hoà Thuận,Hộ cận nghèo,2026-05-01,19,1,469,0,0.22,Chưa thẩm định lại,
HS00265,DV02,Phường Tân Hoà,Hộ nghèo,2026-05-01,7,0,655,0,0.15,Chưa thẩm định lại,
HS00266,DV09,Xã An Cư,Người cao tuổi,2026-05-01,5,0,763,0,0.39,Chưa thẩm định lại,
HS00267,DV03,Phường Đông Giang,Hộ nghèo,2026-05-02,20,1,686,0,0.48,Chưa thẩm định lại,
HS00268,DV01,Phường Hoà Thuận,Người khuyết tật,2026-05-03,10,0,957,0,0.37,Chưa thẩm định lại,
HS00269,DV02,Phường Tân Hoà,Trẻ em có hoàn cảnh đặc biệt,2026-05-03,13,0,792,0,0.1,Chưa thẩm định lại,
HS00270,DV04,Phường Nam Phong,Hộ nghèo,2026-05-03,12,0,618,0,0.26,Chưa thẩm định lại,
HS00271,DV04,Phường Nam Phong,Người khuyết tật,2026-05-04,20,0,878,0,0.26,Chưa thẩm định lại,
HS00272,DV02,Phường Tân Hoà,Hộ nghèo,2026-05-05,16,1,690,0,0.25,Chưa thẩm định lại,
HS00273,DV02,Phường Tân Hoà,Người cao tuổi,2026-05-05,14,0,692,0,0.06,Chưa thẩm định lại,
HS00274,DV04,Phường Nam Phong,Người có công,2026-05-05,38,3,1772,1,0.74,Có sai sót,Thiếu giấy xác nhận
HS00275,DV04,Phường Nam Phong,Hộ cận nghèo,2026-05-05,15,0,496,0,0.12,Chưa thẩm định lại,
HS00276,DV07,Xã Phú Điền,Hộ cận nghèo,2026-05-05,10,0,479,1,0.66,Có sai sót,Thiếu giấy xác nhận
HS00277,DV10,Xã Thanh Sơn,Người cao tuổi,2026-05-06,8,0,694,0,0.04,Chưa thẩm định lại,
HS00278,DV05,Xã Bình An,Trẻ em có hoàn cảnh đặc biệt,2026-05-07,26,2,753,0,0.22,Chưa thẩm định lại,
HS00279,DV04,Phường Nam Phong,Người khuyết tật,2026-05-08,31,3,956,0,0.19,Chưa thẩm định lại,
HS00280,DV09,Xã An Cư,Trẻ em có hoàn cảnh đặc biệt,2026-05-08,15,0,836,0,0.22,Chưa thẩm định lại,
HS00281,DV01,Phường Hoà Thuận,Người có công,2026-05-09,18,0,1632,0,0.34,Chưa thẩm định lại,
HS00282,DV02,Phường Tân Hoà,Người khuyết tật,2026-05-09,18,1,972,0,0.03,Chưa thẩm định lại,
HS00283,DV06,Xã Long Thành,Hộ nghèo,2026-05-11,12,1,683,0,0.04,Chưa thẩm định lại,
HS00284,DV09,Xã An Cư,Hộ nghèo,2026-05-11,17,1,684,0,0.08,Chưa thẩm định lại,
HS00285,DV09,Xã An Cư,Người có công,2026-05-11,21,1,1602,0,0.25,Chưa thẩm định lại,
HS00286,DV12,Xã Hương Trà,Hộ nghèo,2026-05-11,17,0,644,0,0.02,Chưa thẩm định lại,
HS00287,DV05,Xã Bình An,Người cao tuổi,2026-05-12,15,0,719,0,0.19,Chưa thẩm định lại,
HS00288,DV12,Xã Hương Trà,Hộ cận nghèo,2026-05-12,12,0,463,0,0.45,Chưa thẩm định lại,
HS00289,DV01,Phường Hoà Thuận,Hộ cận nghèo,2026-05-13,15,0,488,0,0.14,Chưa thẩm định lại,
HS00290,DV02,Phường Tân Hoà,Người khuyết tật,2026-05-13,6,0,948,0,0.37,Chưa thẩm định lại,
HS00291,DV04,Phường Nam Phong,Người khuyết tật,2026-05-13,31,2,969,0,0.42,Chưa thẩm định lại,
HS00292,DV06,Xã Long Thành,Hộ cận nghèo,2026-05-13,31,3,466,0,0.38,Chưa thẩm định lại,
HS00293,DV01,Phường Hoà Thuận,Hộ cận nghèo,2026-05-14,6,0,463,0,0.08,Chưa thẩm định lại,
HS00294,DV08,Xã Vĩnh Lộc,Người khuyết tật,2026-05-14,12,0,940,0,0.1,Chưa thẩm định lại,
HS00295,DV01,Phường Hoà Thuận,Hộ nghèo,2026-05-15,4,0,706,0,0.47,Chưa thẩm định lại,
HS00296,DV01,Phường Hoà Thuận,Người khuyết tật,2026-05-15,7,0,913,0,0.21,Chưa thẩm định lại,
HS00297,DV02,Phường Tân Hoà,Trẻ em có hoàn cảnh đặc biệt,2026-05-15,14,0,748,0,0.22,Chưa thẩm định lại,
HS00298,DV10,Xã Thanh Sơn,Hộ nghèo,2026-05-15,6,0,681,0,0.22,Chưa thẩm định lại,
HS00299,DV05,Xã Bình An,Người khuyết tật,2026-05-16,21,1,916,0,0.13,Chưa thẩm định lại,
HS00300,DV08,Xã Vĩnh Lộc,Người cao tuổi,2026-05-16,20,1,728,0,0.47,Chưa thẩm định lại,
HS00301,DV03,Phường Đông Giang,Người cao tuổi,2026-05-17,15,0,767,0,0.29,Chưa thẩm định lại,
HS00302,DV05,Xã Bình An,Người cao tuổi,2026-05-17,20,1,756,0,0.18,Chưa thẩm định lại,
HS00303,DV06,Xã Long Thành,Người khuyết tật,2026-05-17,34,2,883,1,0.92,Có sai sót,Thiếu giấy xác nhận
HS00304,DV01,Phường Hoà Thuận,Người cao tuổi,2026-05-18,19,2,760,0,0.45,Chưa thẩm định lại,
HS00305,DV01,Phường Hoà Thuận,Hộ nghèo,2026-05-19,7,0,610,0,0.18,Chưa thẩm định lại,
HS00306,DV02,Phường Tân Hoà,Trẻ em có hoàn cảnh đặc biệt,2026-05-21,3,0,865,0,0.07,Chưa thẩm định lại,
HS00307,DV06,Xã Long Thành,Người khuyết tật,2026-05-21,25,2,967,0,0.31,Chưa thẩm định lại,
HS00308,DV11,Xã Mỹ Khánh,Người cao tuổi,2026-05-21,16,1,668,0,0.21,Chưa thẩm định lại,
HS00309,DV02,Phường Tân Hoà,Hộ nghèo,2026-05-22,29,3,696,0,0.18,Chưa thẩm định lại,
HS00310,DV11,Xã Mỹ Khánh,Trẻ em có hoàn cảnh đặc biệt,2026-05-22,17,0,841,0,0.26,Chưa thẩm định lại,
HS00311,DV11,Xã Mỹ Khánh,Người cao tuổi,2026-05-22,12,0,727,0,0.2,Chưa thẩm định lại,
HS00312,DV02,Phường Tân Hoà,Người cao tuổi,2026-05-23,12,0,680,0,0.26,Chưa thẩm định lại,
HS00313,DV03,Phường Đông Giang,Người có công,2026-05-23,10,0,1558,0,0.05,Chưa thẩm định lại,
HS00314,DV04,Phường Nam Phong,Người cao tuổi,2026-05-23,5,0,739,0,0.17,Chưa thẩm định lại,
HS00315,DV07,Xã Phú Điền,Hộ cận nghèo,2026-05-23,7,0,508,0,0.24,Chưa thẩm định lại,
HS00316,DV09,Xã An Cư,Trẻ em có hoàn cảnh đặc biệt,2026-05-23,10,0,851,0,0.05,Chưa thẩm định lại,
HS00317,DV03,Phường Đông Giang,Người cao tuổi,2026-05-24,10,0,735,0,0.06,Chưa thẩm định lại,
HS00318,DV04,Phường Nam Phong,Trẻ em có hoàn cảnh đặc biệt,2026-05-24,21,1,848,0,0.15,Chưa thẩm định lại,
HS00319,DV11,Xã Mỹ Khánh,Hộ cận nghèo,2026-05-24,22,2,495,0,0.44,Chưa thẩm định lại,
HS00320,DV01,Phường Hoà Thuận,Người cao tuổi,2026-05-25,10,0,692,0,0.21,Chưa thẩm định lại,
HS00321,DV04,Phường Nam Phong,Hộ cận nghèo,2026-05-25,17,0,472,0,0.15,Chưa thẩm định lại,
HS00322,DV06,Xã Long Thành,Hộ nghèo,2026-05-25,9,0,610,0,0.22,Chưa thẩm định lại,
HS00323,DV06,Xã Long Thành,Người cao tuổi,2026-05-25,35,3,740,0,0.09,Chưa thẩm định lại,
HS00324,DV11,Xã Mỹ Khánh,Người có công,2026-05-25,21,1,1714,1,0.61,Không có sai sót,
HS00325,DV03,Phường Đông Giang,Người khuyết tật,2026-05-26,9,0,903,0,0.17,Chưa thẩm định lại,
HS00326,DV04,Phường Nam Phong,Hộ cận nghèo,2026-05-26,15,1,488,0,0.18,Chưa thẩm định lại,
HS00327,DV08,Xã Vĩnh Lộc,Trẻ em có hoàn cảnh đặc biệt,2026-05-26,11,0,786,0,0.1,Chưa thẩm định lại,
HS00328,DV03,Phường Đông Giang,Người khuyết tật,2026-05-28,26,2,936,0,0.11,Chưa thẩm định lại,
HS00329,DV03,Phường Đông Giang,Hộ cận nghèo,2026-05-28,8,0,503,0,0.26,Chưa thẩm định lại,
HS00330,DV10,Xã Thanh Sơn,Người cao tuổi,2026-05-28,8,0,676,0,0.11,Chưa thẩm định lại,
HS00331,DV04,Phường Nam Phong,Trẻ em có hoàn cảnh đặc biệt,2026-05-29,26,2,762,0,0.19,Chưa thẩm định lại,
HS00332,DV01,Phường Hoà Thuận,Hộ cận nghèo,2026-05-30,14,0,486,0,0.34,Chưa thẩm định lại,
HS00333,DV09,Xã An Cư,Trẻ em có hoàn cảnh đặc biệt,2026-05-30,30,2,809,0,0.06,Chưa thẩm định lại,
HS00334,DV01,Phường Hoà Thuận,Hộ nghèo,2026-05-31,3,0,675,0,0.1,Chưa thẩm định lại,
HS00335,DV03,Phường Đông Giang,Trẻ em có hoàn cảnh đặc biệt,2026-05-31,19,0,824,0,0.12,Chưa thẩm định lại,
HS00336,DV06,Xã Long Thành,Người khuyết tật,2026-05-31,30,2,916,0,0.08,Chưa thẩm định lại,
HS00337,DV04,Phường Nam Phong,Người cao tuổi,2026-06-01,24,2,766,0,0.24,Chưa thẩm định lại,
HS00338,DV05,Xã Bình An,Người cao tuổi,2026-06-01,11,0,740,0,0.24,Chưa thẩm định lại,
HS00339,DV06,Xã Long Thành,Người cao tuổi,2026-06-01,10,0,748,0,0.11,Chưa thẩm định lại,
HS00340,DV07,Xã Phú Điền,Hộ cận nghèo,2026-06-01,9,0,492,0,0.54,Chưa thẩm định lại,
HS00341,DV02,Phường Tân Hoà,Người cao tuổi,2026-06-02,7,0,773,0,0.07,Chưa thẩm định lại,
HS00342,DV06,Xã Long Thành,Hộ cận nghèo,2026-06-02,21,1,443,0,0.21,Chưa thẩm định lại,
HS00343,DV10,Xã Thanh Sơn,Hộ nghèo,2026-06-03,24,2,612,0,0.16,Chưa thẩm định lại,
HS00344,DV10,Xã Thanh Sơn,Hộ nghèo,2026-06-03,6,0,615,0,0.3,Chưa thẩm định lại,
HS00345,DV12,Xã Hương Trà,Người cao tuổi,2026-06-03,15,1,692,0,0.21,Chưa thẩm định lại,
HS00346,DV07,Xã Phú Điền,Người khuyết tật,2026-06-04,7,0,872,0,0.46,Chưa thẩm định lại,
HS00347,DV01,Phường Hoà Thuận,Người cao tuổi,2026-06-05,14,0,674,0,0.08,Chưa thẩm định lại,
HS00348,DV02,Phường Tân Hoà,Người cao tuổi,2026-06-05,11,1,720,0,0.08,Chưa thẩm định lại,
HS00349,DV02,Phường Tân Hoà,Người khuyết tật,2026-06-05,6,0,874,0,0.28,Chưa thẩm định lại,
HS00350,DV02,Phường Tân Hoà,Hộ nghèo,2026-06-05,19,1,674,1,0.6,Có sai sót,Thiếu giấy xác nhận
HS00351,DV04,Phường Nam Phong,Người cao tuổi,2026-06-05,8,0,752,0,0.24,Chưa thẩm định lại,
HS00352,DV06,Xã Long Thành,Người khuyết tật,2026-06-05,14,0,911,0,0.19,Chưa thẩm định lại,
HS00353,DV06,Xã Long Thành,Người cao tuổi,2026-06-05,21,2,686,0,0.38,Chưa thẩm định lại,
HS00354,DV02,Phường Tân Hoà,Người có công,2026-06-06,33,3,1680,0,0.16,Chưa thẩm định lại,
HS00355,DV11,Xã Mỹ Khánh,Người khuyết tật,2026-06-06,13,0,923,0,0.21,Chưa thẩm định lại,
HS00356,DV01,Phường Hoà Thuận,Hộ nghèo,2026-06-07,14,1,673,0,0.34,Chưa thẩm định lại,
HS00357,DV03,Phường Đông Giang,Hộ nghèo,2026-06-08,12,0,628,0,0.19,Chưa thẩm định lại,
HS00358,DV04,Phường Nam Phong,Người khuyết tật,2026-06-08,9,0,840,0,0.22,Chưa thẩm định lại,
HS00359,DV02,Phường Tân Hoà,Người cao tuổi,2026-06-09,23,1,669,0,0.39,Chưa thẩm định lại,
HS00360,DV11,Xã Mỹ Khánh,Hộ nghèo,2026-06-09,17,0,612,0,0.15,Chưa thẩm định lại,
HS00361,DV03,Phường Đông Giang,Người khuyết tật,2026-06-10,25,2,864,0,0.1,Chưa thẩm định lại,
HS00362,DV06,Xã Long Thành,Người cao tuổi,2026-06-10,12,0,667,1,0.62,Không có sai sót,
HS00363,DV06,Xã Long Thành,Trẻ em có hoàn cảnh đặc biệt,2026-06-10,3,0,757,0,0.2,Chưa thẩm định lại,
HS00364,DV01,Phường Hoà Thuận,Hộ cận nghèo,2026-06-11,12,0,456,0,0.09,Chưa thẩm định lại,
HS00365,DV06,Xã Long Thành,Trẻ em có hoàn cảnh đặc biệt,2026-06-11,24,1,842,0,0.23,Chưa thẩm định lại,
HS00366,DV12,Xã Hương Trà,Hộ cận nghèo,2026-06-12,10,0,457,0,0.17,Chưa thẩm định lại,
HS00367,DV01,Phường Hoà Thuận,Người khuyết tật,2026-06-13,19,1,911,0,0.47,Chưa thẩm định lại,
HS00368,DV02,Phường Tân Hoà,Trẻ em có hoàn cảnh đặc biệt,2026-06-13,11,0,831,0,0.05,Chưa thẩm định lại,
HS00369,DV03,Phường Đông Giang,Hộ nghèo,2026-06-13,6,0,610,0,0.24,Chưa thẩm định lại,
HS00370,DV11,Xã Mỹ Khánh,Người có công,2026-06-13,16,1,1771,0,0.14,Chưa thẩm định lại,
HS00371,DV01,Phường Hoà Thuận,Hộ nghèo,2026-06-15,15,0,665,0,0.07,Chưa thẩm định lại,
HS00372,DV02,Phường Tân Hoà,Hộ nghèo,2026-06-15,9,1,707,0,0.21,Chưa thẩm định lại,
HS00373,DV11,Xã Mỹ Khánh,Hộ cận nghèo,2026-06-15,15,0,458,0,0.13,Chưa thẩm định lại,
HS00374,DV02,Phường Tân Hoà,Hộ cận nghèo,2026-06-16,10,0,512,0,0.46,Chưa thẩm định lại,
HS00375,DV04,Phường Nam Phong,Người khuyết tật,2026-06-16,11,0,882,0,0.32,Chưa thẩm định lại,
HS00376,DV05,Xã Bình An,Người khuyết tật,2026-06-16,15,1,961,0,0.2,Chưa thẩm định lại,
HS00377,DV09,Xã An Cư,Người có công,2026-06-16,10,0,1535,0,0.23,Chưa thẩm định lại,
HS00378,DV06,Xã Long Thành,Hộ nghèo,2026-06-17,12,0,653,0,0.15,Chưa thẩm định lại,
HS00379,DV08,Xã Vĩnh Lộc,Hộ nghèo,2026-06-17,17,0,669,0,0.09,Chưa thẩm định lại,
HS00380,DV02,Phường Tân Hoà,Người cao tuổi,2026-06-18,17,0,674,0,0.13,Chưa thẩm định lại,
HS00381,DV02,Phường Tân Hoà,Hộ cận nghèo,2026-06-18,37,3,514,0,0.28,Chưa thẩm định lại,
HS00382,DV08,Xã Vĩnh Lộc,Người cao tuổi,2026-06-18,19,1,705,0,0.29,Chưa thẩm định lại,
HS00383,DV02,Phường Tân Hoà,Hộ cận nghèo,2026-06-19,19,1,448,0,0.43,Chưa thẩm định lại,
HS00384,DV02,Phường Tân Hoà,Người cao tuổi,2026-06-19,11,0,664,0,0.43,Chưa thẩm định lại,
HS00385,DV05,Xã Bình An,Người cao tuổi,2026-06-19,16,0,759,0,0.01,Chưa thẩm định lại,
HS00386,DV05,Xã Bình An,Hộ cận nghèo,2026-06-19,11,0,501,0,0.11,Chưa thẩm định lại,
HS00387,DV07,Xã Phú Điền,Hộ nghèo,2026-06-19,24,2,674,0,0.17,Chưa thẩm định lại,
HS00388,DV02,Phường Tân Hoà,Người khuyết tật,2026-06-20,29,2,892,0,0.08,Chưa thẩm định lại,
HS00389,DV11,Xã Mỹ Khánh,Người khuyết tật,2026-06-20,15,0,848,0,0.1,Chưa thẩm định lại,
HS00390,DV11,Xã Mỹ Khánh,Người khuyết tật,2026-06-20,9,0,900,0,0.36,Chưa thẩm định lại,
HS00391,DV04,Phường Nam Phong,Người có công,2026-06-21,14,0,1680,0,0.35,Chưa thẩm định lại,
HS00392,DV02,Phường Tân Hoà,Hộ cận nghèo,2026-06-22,26,2,454,0,0.31,Chưa thẩm định lại,
HS00393,DV05,Xã Bình An,Người cao tuổi,2026-06-22,23,2,667,0,0.18,Chưa thẩm định lại,
HS00394,DV08,Xã Vĩnh Lộc,Hộ cận nghèo,2026-06-22,14,1,450,0,0.24,Chưa thẩm định lại,
HS00395,DV01,Phường Hoà Thuận,Hộ cận nghèo,2026-06-23,18,0,483,0,0.23,Chưa thẩm định lại,
HS00396,DV04,Phường Nam Phong,Người cao tuổi,2026-06-23,20,1,775,0,0.07,Chưa thẩm định lại,
HS00397,DV08,Xã Vĩnh Lộc,Hộ cận nghèo,2026-06-23,13,0,466,0,0.37,Chưa thẩm định lại,
HS00398,DV02,Phường Tân Hoà,Hộ nghèo,2026-06-24,26,2,691,0,0.14,Chưa thẩm định lại,
HS00399,DV02,Phường Tân Hoà,Người khuyết tật,2026-06-24,5,0,955,0,0.2,Chưa thẩm định lại,
HS00400,DV12,Xã Hương Trà,Trẻ em có hoàn cảnh đặc biệt,2026-06-24,14,1,827,0,0.32,Chưa thẩm định lại,
HS00401,DV11,Xã Mỹ Khánh,Người khuyết tật,2026-06-25,12,1,963,0,0.04,Chưa thẩm định lại,
HS00402,DV03,Phường Đông Giang,Người khuyết tật,2026-06-27,22,1,960,0,0.06,Chưa thẩm định lại,
HS00403,DV06,Xã Long Thành,Trẻ em có hoàn cảnh đặc biệt,2026-06-27,10,0,868,0,0.29,Chưa thẩm định lại,
HS00404,DV07,Xã Phú Điền,Hộ nghèo,2026-06-27,10,0,610,0,0.17,Chưa thẩm định lại,
HS00405,DV01,Phường Hoà Thuận,Người có công,2026-06-29,9,0,1767,0,0.45,Chưa thẩm định lại,
HS00406,DV04,Phường Nam Phong,Hộ cận nghèo,2026-06-29,12,0,490,0,0.44,Chưa thẩm định lại,
HS00407,DV07,Xã Phú Điền,Hộ cận nghèo,2026-06-29,12,0,505,0,0.36,Chưa thẩm định lại,
HS00408,DV12,Xã Hương Trà,Người cao tuổi,2026-06-29,22,2,678,0,0.05,Chưa thẩm định lại,
HS00409,DV12,Xã Hương Trà,Hộ cận nghèo,2026-06-30,3,0,466,0,0.24,Chưa thẩm định lại,
HS00410,DV02,Phường Tân Hoà,Hộ cận nghèo,2026-07-01,11,0,474,0,0.13,Chưa thẩm định lại,
HS00411,DV04,Phường Nam Phong,Hộ nghèo,2026-07-01,21,1,677,1,0.77,Có sai sót,Trùng đối tượng đã hưởng
HS00412,DV03,Phường Đông Giang,Người khuyết tật,2026-07-02,5,0,905,0,0.4,Chưa thẩm định lại,
HS00413,DV10,Xã Thanh Sơn,Người cao tuổi,2026-07-02,3,0,738,0,0.33,Chưa thẩm định lại,
HS00414,DV12,Xã Hương Trà,Hộ cận nghèo,2026-07-02,19,2,514,0,0.07,Chưa thẩm định lại,
HS00415,DV02,Phường Tân Hoà,Hộ cận nghèo,2026-07-03,23,2,511,0,0.14,Chưa thẩm định lại,
HS00416,DV06,Xã Long Thành,Người có công,2026-07-03,19,1,1575,0,0.22,Chưa thẩm định lại,
HS00417,DV06,Xã Long Thành,Người cao tuổi,2026-07-03,9,0,693,1,0.6,Có sai sót,Trùng đối tượng đã hưởng
HS00418,DV04,Phường Nam Phong,Hộ cận nghèo,2026-07-04,22,1,494,0,0.21,Chưa thẩm định lại,
HS00419,DV08,Xã Vĩnh Lộc,Người có công,2026-07-04,13,1,1761,0,0.17,Chưa thẩm định lại,
HS00420,DV05,Xã Bình An,Người khuyết tật,2026-07-05,9,0,902,0,0.19,Chưa thẩm định lại,
HS00421,DV05,Xã Bình An,Trẻ em có hoàn cảnh đặc biệt,2026-07-05,26,2,768,0,0.28,Chưa thẩm định lại,
HS00422,DV10,Xã Thanh Sơn,Người có công,2026-07-05,11,1,1592,0,0.23,Chưa thẩm định lại,
HS00423,DV11,Xã Mỹ Khánh,Người khuyết tật,2026-07-05,10,0,949,0,0.24,Chưa thẩm định lại,
HS00424,DV08,Xã Vĩnh Lộc,Người cao tuổi,2026-07-06,13,0,733,0,0.34,Chưa thẩm định lại,
HS00425,DV02,Phường Tân Hoà,Trẻ em có hoàn cảnh đặc biệt,2026-07-07,17,0,826,0,0.24,Chưa thẩm định lại,
HS00426,DV03,Phường Đông Giang,Trẻ em có hoàn cảnh đặc biệt,2026-07-07,10,0,826,0,0.12,Chưa thẩm định lại,
HS00427,DV05,Xã Bình An,Người có công,2026-07-07,10,0,1760,0,0.28,Chưa thẩm định lại,
HS00428,DV07,Xã Phú Điền,Người có công,2026-07-07,14,0,1702,0,0.36,Chưa thẩm định lại,
HS00429,DV02,Phường Tân Hoà,Trẻ em có hoàn cảnh đặc biệt,2026-07-09,24,3,870,0,0.19,Chưa thẩm định lại,
HS00430,DV02,Phường Tân Hoà,Người cao tuổi,2026-07-09,15,0,713,0,0.2,Chưa thẩm định lại,
HS00431,DV02,Phường Tân Hoà,Trẻ em có hoàn cảnh đặc biệt,2026-07-09,7,0,829,0,0.07,Chưa thẩm định lại,
HS00432,DV01,Phường Hoà Thuận,Trẻ em có hoàn cảnh đặc biệt,2026-07-10,22,1,810,0,0.26,Chưa thẩm định lại,
HS00433,DV02,Phường Tân Hoà,Người có công,2026-07-10,20,0,1697,1,0.88,Có sai sót,Trùng đối tượng đã hưởng
HS00434,DV01,Phường Hoà Thuận,Người có công,2026-07-11,16,1,1533,0,0.14,Chưa thẩm định lại,
HS00435,DV01,Phường Hoà Thuận,Người khuyết tật,2026-07-11,5,0,881,0,0.06,Chưa thẩm định lại,
HS00436,DV07,Xã Phú Điền,Người có công,2026-07-11,15,1,1613,0,0.26,Chưa thẩm định lại,
HS00437,DV11,Xã Mỹ Khánh,Hộ nghèo,2026-07-11,19,1,640,0,0.25,Chưa thẩm định lại,
HS00438,DV03,Phường Đông Giang,Người cao tuổi,2026-07-13,26,2,737,0,0.14,Chưa thẩm định lại,
HS00439,DV04,Phường Nam Phong,Người có công,2026-07-13,22,1,1700,0,0.12,Chưa thẩm định lại,
HS00440,DV05,Xã Bình An,Người khuyết tật,2026-07-13,11,0,884,1,0.62,Không có sai sót,
HS00441,DV02,Phường Tân Hoà,Người cao tuổi,2026-07-14,18,1,727,0,0.07,Chưa thẩm định lại,
HS00442,DV08,Xã Vĩnh Lộc,Hộ nghèo,2026-07-14,17,0,672,0,0.02,Chưa thẩm định lại,
HS00443,DV11,Xã Mỹ Khánh,Người cao tuổi,2026-07-14,20,1,703,0,0.16,Chưa thẩm định lại,
HS00444,DV12,Xã Hương Trà,Người cao tuổi,2026-07-14,23,3,690,0,0.08,Chưa thẩm định lại,
HS00445,DV03,Phường Đông Giang,Hộ nghèo,2026-07-15,15,1,692,0,0.14,Chưa thẩm định lại,
HS00446,DV10,Xã Thanh Sơn,Trẻ em có hoàn cảnh đặc biệt,2026-07-15,19,0,863,0,0.2,Chưa thẩm định lại,
HS00447,DV10,Xã Thanh Sơn,Trẻ em có hoàn cảnh đặc biệt,2026-07-15,14,0,779,0,0.12,Chưa thẩm định lại,
HS00448,DV02,Phường Tân Hoà,Người khuyết tật,2026-07-17,9,0,850,0,0.36,Chưa thẩm định lại,
HS00449,DV04,Phường Nam Phong,Người có công,2026-07-18,15,1,1602,0,0.2,Chưa thẩm định lại,
HS00450,DV04,Phường Nam Phong,Người khuyết tật,2026-07-18,15,0,893,0,0.24,Chưa thẩm định lại,
HS00451,DV07,Xã Phú Điền,Hộ cận nghèo,2026-07-18,14,1,448,0,0.18,Chưa thẩm định lại,
HS00452,DV12,Xã Hương Trà,Hộ cận nghèo,2026-07-18,14,0,493,0,0.33,Chưa thẩm định lại,
HS00453,DV06,Xã Long Thành,Hộ nghèo,2026-07-19,7,0,636,0,0.12,Chưa thẩm định lại,
HS00454,DV12,Xã Hương Trà,Hộ nghèo,2026-07-19,20,1,664,1,0.62,Có sai sót,Thiếu giấy xác nhận
HS00455,DV01,Phường Hoà Thuận,Hộ nghèo,2026-07-20,13,0,664,0,0.19,Chưa thẩm định lại,
HS00456,DV08,Xã Vĩnh Lộc,Người khuyết tật,2026-07-20,17,2,862,0,0.17,Chưa thẩm định lại,
HS00457,DV12,Xã Hương Trà,Người khuyết tật,2026-07-20,16,1,844,0,0.24,Chưa thẩm định lại,
HS00458,DV02,Phường Tân Hoà,Người khuyết tật,2026-07-22,16,0,951,0,0.01,Chưa thẩm định lại,
HS00459,DV06,Xã Long Thành,Người khuyết tật,2026-07-22,14,0,917,0,0.15,Chưa thẩm định lại,
HS00460,DV10,Xã Thanh Sơn,Người khuyết tật,2026-07-22,3,0,939,0,0.07,Chưa thẩm định lại,
HS00461,DV12,Xã Hương Trà,Người khuyết tật,2026-07-22,7,0,928,0,0.32,Chưa thẩm định lại,
HS00462,DV01,Phường Hoà Thuận,Người có công,2026-07-23,5,0,1756,0,0.17,Chưa thẩm định lại,
HS00463,DV03,Phường Đông Giang,Người khuyết tật,2026-07-23,15,0,850,0,0.12,Chưa thẩm định lại,
HS00464,DV04,Phường Nam Phong,Người có công,2026-07-24,20,1,1680,0,0.06,Chưa thẩm định lại,
HS00465,DV04,Phường Nam Phong,Hộ nghèo,2026-07-24,11,1,631,0,0.13,Chưa thẩm định lại,
HS00466,DV09,Xã An Cư,Hộ cận nghèo,2026-07-24,10,0,481,0,0.29,Chưa thẩm định lại,
HS00467,DV01,Phường Hoà Thuận,Người cao tuổi,2026-07-25,13,0,670,0,0.02,Chưa thẩm định lại,
HS00468,DV03,Phường Đông Giang,Hộ cận nghèo,2026-07-26,10,0,508,0,0.21,Chưa thẩm định lại,
HS00469,DV02,Phường Tân Hoà,Người cao tuổi,2026-07-27,25,2,667,0,0.11,Chưa thẩm định lại,
HS00470,DV03,Phường Đông Giang,Người có công,2026-07-27,20,1,1546,0,0.45,Chưa thẩm định lại,
HS00471,DV10,Xã Thanh Sơn,Hộ cận nghèo,2026-07-27,16,0,459,0,0.19,Chưa thẩm định lại,
HS00472,DV02,Phường Tân Hoà,Người có công,2026-07-28,11,1,1607,0,0.37,Chưa thẩm định lại,
HS00473,DV12,Xã Hương Trà,Người cao tuổi,2026-07-28,21,2,666,0,0.41,Chưa thẩm định lại,
HS00474,DV07,Xã Phú Điền,Hộ cận nghèo,2026-07-29,4,0,516,0,0.07,Chưa thẩm định lại,
HS00475,DV11,Xã Mỹ Khánh,Trẻ em có hoàn cảnh đặc biệt,2026-07-29,25,2,778,0,0.03,Chưa thẩm định lại,
HS00476,DV02,Phường Tân Hoà,Hộ cận nghèo,2026-07-30,12,0,505,0,0.09,Chưa thẩm định lại,
HS00477,DV04,Phường Nam Phong,Hộ nghèo,2026-07-30,11,0,624,0,0.17,Chưa thẩm định lại,
HS00478,DV08,Xã Vĩnh Lộc,Người cao tuổi,2026-07-30,14,0,728,0,0.4,Chưa thẩm định lại,
HS00479,DV01,Phường Hoà Thuận,Người cao tuổi,2026-07-31,7,0,749,0,0.1,Chưa thẩm định lại,
HS00480,DV04,Phường Nam Phong,Trẻ em có hoàn cảnh đặc biệt,2026-07-31,9,0,755,1,0.73,Không có sai sót,
HS00481,DV09,Xã An Cư,Người cao tuổi,2026-07-31,8,0,746,0,0.1,Chưa thẩm định lại,
HS00482,DV03,Phường Đông Giang,Hộ nghèo,2026-08-01,22,0,679,0,0.39,Chưa thẩm định lại,
HS00483,DV02,Phường Tân Hoà,Hộ nghèo,2026-08-02,13,0,610,0,0.19,Chưa thẩm định lại,
HS00484,DV05,Xã Bình An,Người cao tuổi,2026-08-02,13,0,664,0,0.12,Chưa thẩm định lại,
HS00485,DV11,Xã Mỹ Khánh,Người khuyết tật,2026-08-02,11,0,831,0,0.42,Chưa thẩm định lại,
HS00486,DV02,Phường Tân Hoà,Người khuyết tật,2026-08-03,15,0,905,0,0.09,Chưa thẩm định lại,
HS00487,DV04,Phường Nam Phong,Người khuyết tật,2026-08-03,23,1,932,0,0.13,Chưa thẩm định lại,
HS00488,DV08,Xã Vĩnh Lộc,Hộ nghèo,2026-08-03,14,0,610,0,0.16,Chưa thẩm định lại,
HS00489,DV12,Xã Hương Trà,Hộ nghèo,2026-08-03,13,0,709,1,0.58,Không có sai sót,
HS00490,DV06,Xã Long Thành,Hộ cận nghèo,2026-08-05,11,0,512,0,0.12,Chưa thẩm định lại,
HS00491,DV03,Phường Đông Giang,Người khuyết tật,2026-08-06,11,0,875,0,0.21,Chưa thẩm định lại,
HS00492,DV02,Phường Tân Hoà,Người cao tuổi,2026-08-07,13,0,765,0,0.11,Chưa thẩm định lại,
HS00493,DV05,Xã Bình An,Người khuyết tật,2026-08-07,21,1,942,0,0.14,Chưa thẩm định lại,
HS00494,DV08,Xã Vĩnh Lộc,Hộ nghèo,2026-08-07,31,3,649,0,0.15,Chưa thẩm định lại,
HS00495,DV09,Xã An Cư,Hộ cận nghèo,2026-08-07,18,1,452,0,0.44,Chưa thẩm định lại,
HS00496,DV02,Phường Tân Hoà,Người cao tuổi,2026-08-08,33,3,736,0,0.09,Chưa thẩm định lại,
HS00497,DV03,Phường Đông Giang,Hộ cận nghèo,2026-08-08,16,1,449,0,0.28,Chưa thẩm định lại,
HS00498,DV06,Xã Long Thành,Người cao tuổi,2026-08-08,29,2,702,0,0.08,Chưa thẩm định lại,
HS00499,DV11,Xã Mỹ Khánh,Người có công,2026-08-09,12,0,1645,0,0.43,Chưa thẩm định lại,
HS00500,DV01,Phường Hoà Thuận,Hộ nghèo,2026-08-10,13,0,629,1,0.8,Có sai sót,Thiếu giấy xác nhận
HS00501,DV04,Phường Nam Phong,Người cao tuổi,2026-08-10,12,0,664,0,0.1,Chưa thẩm định lại,
HS00502,DV01,Phường Hoà Thuận,Hộ nghèo,2026-08-11,23,1,694,0,0.38,Chưa thẩm định lại,
HS00503,DV01,Phường Hoà Thuận,Hộ nghèo,2026-08-11,15,0,678,0,0.19,Chưa thẩm định lại,
HS00504,DV02,Phường Tân Hoà,Hộ nghèo,2026-08-11,19,2,640,0,0.34,Chưa thẩm định lại,
HS00505,DV02,Phường Tân Hoà,Hộ nghèo,2026-08-11,13,0,683,0,0.15,Chưa thẩm định lại,
HS00506,DV05,Xã Bình An,Hộ cận nghèo,2026-08-11,14,0,515,0,0.13,Chưa thẩm định lại,
HS00507,DV09,Xã An Cư,Người có công,2026-08-11,21,1,1758,1,0.55,Không có sai sót,
HS00508,DV06,Xã Long Thành,Người cao tuổi,2026-08-12,9,0,684,0,0.16,Chưa thẩm định lại,
HS00509,DV08,Xã Vĩnh Lộc,Hộ cận nghèo,2026-08-12,9,0,509,0,0.09,Chưa thẩm định lại,
HS00510,DV08,Xã Vĩnh Lộc,Người có công,2026-08-12,15,0,1675,0,0.25,Chưa thẩm định lại,
HS00511,DV04,Phường Nam Phong,Người cao tuổi,2026-08-13,13,1,708,0,0.05,Chưa thẩm định lại,
HS00512,DV11,Xã Mỹ Khánh,Hộ nghèo,2026-08-14,17,1,668,0,0.1,Chưa thẩm định lại,
HS00513,DV02,Phường Tân Hoà,Hộ nghèo,2026-08-15,13,0,676,0,0.13,Chưa thẩm định lại,
HS00514,DV04,Phường Nam Phong,Người cao tuổi,2026-08-15,15,0,720,0,0.42,Chưa thẩm định lại,
HS00515,DV04,Phường Nam Phong,Hộ cận nghèo,2026-08-16,19,0,504,0,0.19,Chưa thẩm định lại,
HS00516,DV06,Xã Long Thành,Người cao tuổi,2026-08-16,16,1,700,0,0.36,Chưa thẩm định lại,
HS00517,DV09,Xã An Cư,Người khuyết tật,2026-08-16,13,0,922,0,0.17,Chưa thẩm định lại,
HS00518,DV06,Xã Long Thành,Người khuyết tật,2026-08-17,15,0,831,0,0.53,Chưa thẩm định lại,
HS00519,DV01,Phường Hoà Thuận,Hộ nghèo,2026-08-18,14,0,678,0,0.12,Chưa thẩm định lại,
HS00520,DV02,Phường Tân Hoà,Người khuyết tật,2026-08-18,14,0,921,0,0.26,Chưa thẩm định lại,
HS00521,DV02,Phường Tân Hoà,Trẻ em có hoàn cảnh đặc biệt,2026-08-18,14,1,791,0,0.31,Chưa thẩm định lại,
HS00522,DV08,Xã Vĩnh Lộc,Người khuyết tật,2026-08-18,5,0,829,0,0.06,Chưa thẩm định lại,
HS00523,DV10,Xã Thanh Sơn,Hộ cận nghèo,2026-08-19,12,0,469,0,0.46,Chưa thẩm định lại,
HS00524,DV03,Phường Đông Giang,Người có công,2026-08-20,11,0,1557,0,0.25,Chưa thẩm định lại,
HS00525,DV06,Xã Long Thành,Người cao tuổi,2026-08-20,18,1,769,0,0.26,Chưa thẩm định lại,
HS00526,DV01,Phường Hoà Thuận,Người có công,2026-08-21,19,0,1599,0,0.23,Chưa thẩm định lại,
HS00527,DV02,Phường Tân Hoà,Hộ cận nghèo,2026-08-22,35,3,459,0,0.21,Chưa thẩm định lại,
HS00528,DV03,Phường Đông Giang,Trẻ em có hoàn cảnh đặc biệt,2026-08-22,28,2,841,0,0.22,Chưa thẩm định lại,
HS00529,DV04,Phường Nam Phong,Người khuyết tật,2026-08-22,28,2,857,0,0.33,Chưa thẩm định lại,
HS00530,DV09,Xã An Cư,Hộ cận nghèo,2026-08-23,17,1,480,0,0.4,Chưa thẩm định lại,
HS00531,DV02,Phường Tân Hoà,Người cao tuổi,2026-08-24,14,1,775,0,0.02,Chưa thẩm định lại,
HS00532,DV03,Phường Đông Giang,Hộ nghèo,2026-08-24,4,0,673,0,0.09,Chưa thẩm định lại,
HS00533,DV04,Phường Nam Phong,Người khuyết tật,2026-08-24,28,3,954,1,0.7,Có sai sót,Sai nhóm đối tượng
HS00534,DV01,Phường Hoà Thuận,Người cao tuổi,2026-08-25,19,1,722,0,0.21,Chưa thẩm định lại,
HS00535,DV02,Phường Tân Hoà,Trẻ em có hoàn cảnh đặc biệt,2026-08-25,29,3,778,0,0.24,Chưa thẩm định lại,
HS00536,DV05,Xã Bình An,Hộ cận nghèo,2026-08-25,9,0,492,0,0.18,Chưa thẩm định lại,
HS00537,DV07,Xã Phú Điền,Hộ nghèo,2026-08-25,17,0,626,0,0.21,Chưa thẩm định lại,
HS00538,DV01,Phường Hoà Thuận,Hộ cận nghèo,2026-08-26,9,0,446,0,0.25,Chưa thẩm định lại,
HS00539,DV07,Xã Phú Điền,Người có công,2026-08-26,13,0,1626,0,0.2,Chưa thẩm định lại,
HS00540,DV01,Phường Hoà Thuận,Hộ nghèo,2026-08-27,24,1,640,0,0.04,Chưa thẩm định lại,
HS00541,DV02,Phường Tân Hoà,Người cao tuổi,2026-08-27,14,0,688,0,0.1,Chưa thẩm định lại,
HS00542,DV02,Phường Tân Hoà,Người khuyết tật,2026-08-27,28,3,937,0,0.1,Chưa thẩm định lại,
HS00543,DV12,Xã Hương Trà,Người khuyết tật,2026-08-27,10,0,892,0,0.23,Chưa thẩm định lại,
HS00544,DV02,Phường Tân Hoà,Người khuyết tật,2026-08-28,8,0,866,0,0.05,Chưa thẩm định lại,
HS00545,DV02,Phường Tân Hoà,Người cao tuổi,2026-08-28,9,0,771,0,0.04,Chưa thẩm định lại,
HS00546,DV01,Phường Hoà Thuận,Người khuyết tật,2026-08-29,17,0,856,0,0.09,Chưa thẩm định lại,
HS00547,DV03,Phường Đông Giang,Trẻ em có hoàn cảnh đặc biệt,2026-08-29,15,0,834,0,0.26,Chưa thẩm định lại,
HS00548,DV05,Xã Bình An,Người có công,2026-08-29,21,1,1721,0,0.18,Chưa thẩm định lại,
HS00549,DV08,Xã Vĩnh Lộc,Người cao tuổi,2026-08-29,7,0,712,0,0.34,Chưa thẩm định lại,
HS00550,DV09,Xã An Cư,Hộ cận nghèo,2026-08-29,35,3,483,0,0.36,Chưa thẩm định lại,
HS00551,DV11,Xã Mỹ Khánh,Người cao tuổi,2026-08-29,18,1,714,0,0.08,Chưa thẩm định lại,
HS00552,DV03,Phường Đông Giang,Người cao tuổi,2026-08-30,19,2,722,0,0.28,Chưa thẩm định lại,
HS00553,DV05,Xã Bình An,Hộ cận nghèo,2026-08-30,18,1,456,0,0.12,Chưa thẩm định lại,
HS00554,DV06,Xã Long Thành,Hộ nghèo,2026-08-31,11,0,611,1,0.59,Không có sai sót,
HS00555,DV07,Xã Phú Điền,Hộ cận nghèo,2026-08-31,16,0,502,0,0.17,Chưa thẩm định lại,
HS00556,DV08,Xã Vĩnh Lộc,Người khuyết tật,2026-08-31,28,2,861,0,0.39,Chưa thẩm định lại,
HS00557,DV12,Xã Hương Trà,Hộ nghèo,2026-08-31,14,0,637,0,0.08,Chưa thẩm định lại,
HS00558,DV02,Phường Tân Hoà,Hộ cận nghèo,2026-09-01,12,0,471,0,0.1,Chưa thẩm định lại,
HS00559,DV07,Xã Phú Điền,Trẻ em có hoàn cảnh đặc biệt,2026-09-01,7,0,779,0,0.26,Chưa thẩm định lại,
HS00560,DV01,Phường Hoà Thuận,Hộ cận nghèo,2026-09-02,13,0,506,0,0.09,Chưa thẩm định lại,
HS00561,DV05,Xã Bình An,Trẻ em có hoàn cảnh đặc biệt,2026-09-02,13,0,776,0,0.14,Chưa thẩm định lại,
HS00562,DV03,Phường Đông Giang,Người khuyết tật,2026-09-03,6,0,947,0,0.27,Chưa thẩm định lại,
HS00563,DV01,Phường Hoà Thuận,Hộ cận nghèo,2026-09-04,13,1,466,0,0.32,Chưa thẩm định lại,
HS00564,DV04,Phường Nam Phong,Hộ cận nghèo,2026-09-04,13,0,457,0,0.22,Chưa thẩm định lại,
HS00565,DV05,Xã Bình An,Hộ cận nghèo,2026-09-04,10,0,446,0,0.04,Chưa thẩm định lại,
HS00566,DV03,Phường Đông Giang,Người khuyết tật,2026-09-05,6,0,848,0,0.04,Chưa thẩm định lại,
HS00567,DV04,Phường Nam Phong,Hộ cận nghèo,2026-09-05,19,1,471,0,0.1,Chưa thẩm định lại,
HS00568,DV01,Phường Hoà Thuận,Người khuyết tật,2026-09-06,14,0,900,0,0.02,Chưa thẩm định lại,
HS00569,DV02,Phường Tân Hoà,Hộ cận nghèo,2026-09-06,28,2,498,0,0.06,Chưa thẩm định lại,
HS00570,DV03,Phường Đông Giang,Người cao tuổi,2026-09-06,23,1,765,0,0.29,Chưa thẩm định lại,
HS00571,DV04,Phường Nam Phong,Hộ cận nghèo,2026-09-06,16,0,497,0,0.29,Chưa thẩm định lại,
HS00572,DV04,Phường Nam Phong,Người khuyết tật,2026-09-06,10,0,927,1,0.71,Không có sai sót,
HS00573,DV06,Xã Long Thành,Người cao tuổi,2026-09-06,14,0,688,0,0.21,Chưa thẩm định lại,
HS00574,DV09,Xã An Cư,Người cao tuổi,2026-09-06,11,0,690,0,0.3,Chưa thẩm định lại,
HS00575,DV09,Xã An Cư,Người có công,2026-09-06,14,0,1704,0,0.44,Chưa thẩm định lại,
HS00576,DV06,Xã Long Thành,Hộ cận nghèo,2026-09-07,24,1,494,0,0.39,Chưa thẩm định lại,
HS00577,DV01,Phường Hoà Thuận,Người khuyết tật,2026-09-08,18,1,907,0,0.2,Chưa thẩm định lại,
HS00578,DV01,Phường Hoà Thuận,Hộ nghèo,2026-09-08,14,0,707,0,0.1,Chưa thẩm định lại,
HS00579,DV03,Phường Đông Giang,Trẻ em có hoàn cảnh đặc biệt,2026-09-08,25,1,860,0,0.3,Chưa thẩm định lại,
HS00580,DV05,Xã Bình An,Người cao tuổi,2026-09-08,25,1,761,0,0.09,Chưa thẩm định lại,
HS00581,DV07,Xã Phú Điền,Hộ cận nghèo,2026-09-08,22,1,508,0,0.06,Chưa thẩm định lại,
HS00582,DV10,Xã Thanh Sơn,Trẻ em có hoàn cảnh đặc biệt,2026-09-08,17,0,820,0,0.23,Chưa thẩm định lại,
HS00583,DV12,Xã Hương Trà,Hộ nghèo,2026-09-09,16,0,618,0,0.37,Chưa thẩm định lại,
HS00584,DV01,Phường Hoà Thuận,Người có công,2026-09-10,10,0,1664,0,0.35,Chưa thẩm định lại,
HS00585,DV02,Phường Tân Hoà,Người cao tuổi,2026-09-10,17,1,738,0,0.49,Chưa thẩm định lại,
HS00586,DV05,Xã Bình An,Hộ nghèo,2026-09-10,15,0,631,0,0.46,Chưa thẩm định lại,
HS00587,DV01,Phường Hoà Thuận,Người cao tuổi,2026-09-11,31,3,759,0,0.01,Chưa thẩm định lại,
HS00588,DV01,Phường Hoà Thuận,Người khuyết tật,2026-09-11,15,0,850,0,0.02,Chưa thẩm định lại,
HS00589,DV02,Phường Tân Hoà,Hộ cận nghèo,2026-09-11,12,0,494,0,0.21,Chưa thẩm định lại,
HS00590,DV09,Xã An Cư,Hộ nghèo,2026-09-11,17,0,690,0,0.24,Chưa thẩm định lại,
HS00591,DV01,Phường Hoà Thuận,Người khuyết tật,2026-09-13,13,1,892,0,0.18,Chưa thẩm định lại,
HS00592,DV01,Phường Hoà Thuận,Người khuyết tật,2026-09-13,12,0,830,0,0.35,Chưa thẩm định lại,
HS00593,DV03,Phường Đông Giang,Người cao tuổi,2026-09-13,16,1,706,0,0.1,Chưa thẩm định lại,
HS00594,DV03,Phường Đông Giang,Trẻ em có hoàn cảnh đặc biệt,2026-09-13,17,0,858,0,0.31,Chưa thẩm định lại,
HS00595,DV04,Phường Nam Phong,Người cao tuổi,2026-09-13,11,0,757,0,0.18,Chưa thẩm định lại,
HS00596,DV08,Xã Vĩnh Lộc,Hộ cận nghèo,2026-09-14,21,2,450,0,0.05,Chưa thẩm định lại,
HS00597,DV09,Xã An Cư,Người cao tuổi,2026-09-14,11,0,700,0,0.17,Chưa thẩm định lại,
HS00598,DV11,Xã Mỹ Khánh,Hộ nghèo,2026-09-14,17,0,694,0,0.12,Chưa thẩm định lại,
HS00599,DV12,Xã Hương Trà,Người cao tuổi,2026-09-14,9,0,666,0,0.08,Chưa thẩm định lại,
HS00600,DV01,Phường Hoà Thuận,Người cao tuổi,2026-09-16,10,0,765,0,0.4,Chưa thẩm định lại,
HS00601,DV02,Phường Tân Hoà,Người cao tuổi,2026-09-16,16,1,752,1,0.92,Có sai sót,Hết thời hạn hưởng
HS00602,DV04,Phường Nam Phong,Hộ nghèo,2026-09-16,18,1,641,0,0.02,Chưa thẩm định lại,
HS00603,DV05,Xã Bình An,Người cao tuổi,2026-09-16,16,0,762,0,0.36,Chưa thẩm định lại,
HS00604,DV11,Xã Mỹ Khánh,Người khuyết tật,2026-09-16,18,0,855,0,0.12,Chưa thẩm định lại,
HS00605,DV02,Phường Tân Hoà,Trẻ em có hoàn cảnh đặc biệt,2026-09-17,20,2,767,0,0.14,Chưa thẩm định lại,
HS00606,DV07,Xã Phú Điền,Người cao tuổi,2026-09-17,22,2,741,0,0.1,Chưa thẩm định lại,
HS00607,DV07,Xã Phú Điền,Người cao tuổi,2026-09-17,9,0,749,0,0.09,Chưa thẩm định lại,
HS00608,DV02,Phường Tân Hoà,Người cao tuổi,2026-09-18,14,0,687,0,0.09,Chưa thẩm định lại,
HS00609,DV02,Phường Tân Hoà,Hộ nghèo,2026-09-18,9,0,668,0,0.08,Chưa thẩm định lại,
HS00610,DV05,Xã Bình An,Người cao tuổi,2026-09-18,29,3,692,0,0.42,Chưa thẩm định lại,
HS00611,DV06,Xã Long Thành,Người cao tuổi,2026-09-18,14,0,772,0,0.3,Chưa thẩm định lại,
HS00612,DV08,Xã Vĩnh Lộc,Người cao tuổi,2026-09-18,7,0,733,0,0.13,Chưa thẩm định lại,
HS00613,DV10,Xã Thanh Sơn,Người cao tuổi,2026-09-19,19,0,667,0,0.28,Chưa thẩm định lại,
HS00614,DV11,Xã Mỹ Khánh,Người cao tuổi,2026-09-19,8,0,689,1,0.59,Không có sai sót,
HS00615,DV04,Phường Nam Phong,Hộ nghèo,2026-09-20,17,0,649,0,0.16,Chưa thẩm định lại,
HS00616,DV05,Xã Bình An,Hộ cận nghèo,2026-09-21,21,1,473,0,0.06,Chưa thẩm định lại,
HS00617,DV04,Phường Nam Phong,Hộ cận nghèo,2026-09-22,9,0,510,1,0.93,Có sai sót,Thiếu giấy xác nhận
HS00618,DV08,Xã Vĩnh Lộc,Hộ nghèo,2026-09-22,22,1,699,0,0.51,Chưa thẩm định lại,
HS00619,DV11,Xã Mỹ Khánh,Người cao tuổi,2026-09-22,8,0,692,0,0.01,Chưa thẩm định lại,
HS00620,DV01,Phường Hoà Thuận,Người có công,2026-09-23,16,0,1601,0,0.12,Chưa thẩm định lại,
HS00621,DV05,Xã Bình An,Hộ cận nghèo,2026-09-23,9,1,472,0,0.35,Chưa thẩm định lại,
HS00622,DV06,Xã Long Thành,Người cao tuổi,2026-09-23,8,0,666,0,0.17,Chưa thẩm định lại,
HS00623,DV07,Xã Phú Điền,Hộ cận nghèo,2026-09-23,24,0,498,0,0.21,Chưa thẩm định lại,
HS00624,DV01,Phường Hoà Thuận,Hộ cận nghèo,2026-09-24,27,2,456,0,0.41,Chưa thẩm định lại,
HS00625,DV02,Phường Tân Hoà,Người cao tuổi,2026-09-24,27,3,742,0,0.27,Chưa thẩm định lại,
HS00626,DV02,Phường Tân Hoà,Người khuyết tật,2026-09-24,9,0,945,0,0.51,Chưa thẩm định lại,
HS00627,DV03,Phường Đông Giang,Người cao tuổi,2026-09-24,9,0,725,0,0.21,Chưa thẩm định lại,
HS00628,DV04,Phường Nam Phong,Người khuyết tật,2026-09-24,24,2,950,0,0.26,Chưa thẩm định lại,
HS00629,DV11,Xã Mỹ Khánh,Người cao tuổi,2026-09-24,10,0,765,0,0.15,Chưa thẩm định lại,
HS00630,DV04,Phường Nam Phong,Người cao tuổi,2026-09-25,20,1,665,0,0.04,Chưa thẩm định lại,
HS00631,DV12,Xã Hương Trà,Hộ nghèo,2026-09-25,8,0,711,0,0.12,Chưa thẩm định lại,
HS00632,DV01,Phường Hoà Thuận,Người cao tuổi,2026-09-26,21,2,761,0,0.12,Chưa thẩm định lại,
HS00633,DV04,Phường Nam Phong,Người cao tuổi,2026-09-27,14,0,687,0,0.2,Chưa thẩm định lại,
HS00634,DV10,Xã Thanh Sơn,Hộ nghèo,2026-09-27,10,0,669,0,0.11,Chưa thẩm định lại,
HS00635,DV11,Xã Mỹ Khánh,Người cao tuổi,2026-09-28,17,1,742,0,0.19,Chưa thẩm định lại,
HS00636,DV12,Xã Hương Trà,Người cao tuổi,2026-09-28,12,0,763,0,0.03,Chưa thẩm định lại,
HS00637,DV01,Phường Hoà Thuận,Người khuyết tật,2026-09-29,17,1,950,0,0.03,Chưa thẩm định lại,
HS00638,DV02,Phường Tân Hoà,Hộ cận nghèo,2026-09-30,6,0,460,0,0.27,Chưa thẩm định lại,
HS00639,DV05,Xã Bình An,Người cao tuổi,2026-09-30,25,0,771,0,0.26,Chưa thẩm định lại,
