ma_don_vi,ten_don_vi,ngay,thu,gio,so_quay_mo,so_luot_lay_so,so_nguoi_dang_cho,thoi_gian_cho_tb_phut,trang_thai_thiet_bi
DV01,Phường Hoà Thuận,2026-09-14,Thứ hai,07:00,5,7,3,5.2,Hoạt động
DV01,Phường Hoà Thuận,2026-09-14,Thứ hai,08:00,5,20,2,9.8,Hoạt động
DV01,Phường Hoà Thuận,2026-09-14,Thứ hai,09:00,5,18,2,8.0,Hoạt động
DV01,Phường Hoà Thuận,2026-09-14,Thứ hai,10:00,5,16,2,11.8,Hoạt động
DV01,Phường Hoà Thuận,2026-09-14,Thứ hai,11:00,5,10,1,7.1,Hoạt động
DV01,Phường Hoà Thuận,2026-09-14,Thứ hai,13:00,5,12,1,7.6,Hoạt động
DV01,Phường Hoà Thuận,2026-09-14,Thứ hai,14:00,5,18,0,4.5,Hoạt động
DV01,Phường Hoà Thuận,2026-09-14,Thứ hai,15:00,5,13,1,8.5,Hoạt động
DV01,Phường Hoà Thuận,2026-09-14,Thứ hai,16:00,5,9,1,11.8,Hoạt động
DV01,Phường Hoà Thuận,2026-09-15,Thứ ba,07:00,5,6,2,7.1,Hoạt động
DV01,Phường Hoà Thuận,2026-09-15,Thứ ba,08:00,5,15,1,10.2,Hoạt động
DV01,Phường Hoà Thuận,2026-09-15,Thứ ba,09:00,5,17,1,9.9,Hoạt động
DV01,Phường Hoà Thuận,2026-09-15,Thứ ba,10:00,5,11,3,7.8,Hoạt động
DV01,Phường Hoà Thuận,2026-09-15,Thứ ba,11:00,5,8,2,9.7,Hoạt động
DV01,Phường Hoà Thuận,2026-09-15,Thứ ba,13:00,5,10,0,10.8,Hoạt động
DV01,Phường Hoà Thuận,2026-09-15,Thứ ba,14:00,5,11,3,10.6,Hoạt động
DV01,Phường Hoà Thuận,2026-09-15,Thứ ba,15:00,5,12,2,8.4,Hoạt động
DV01,Phường Hoà Thuận,2026-09-15,Thứ ba,16:00,5,6,1,11.6,Hoạt động
DV01,Phường Hoà Thuận,2026-09-16,Thứ tư,07:00,5,6,1,12.7,Hoạt động
DV01,Phường Hoà Thuận,2026-09-16,Thứ tư,08:00,5,15,1,8.9,Hoạt động
DV01,Phường Hoà Thuận,2026-09-16,Thứ tư,09:00,5,16,1,12.3,Hoạt động
DV01,Phường Hoà Thuận,2026-09-16,Thứ tư,10:00,5,11,2,16.1,Hoạt động
DV01,Phường Hoà Thuận,2026-09-16,Thứ tư,11:00,5,9,0,8.9,Hoạt động
DV01,Phường Hoà Thuận,2026-09-16,Thứ tư,13:00,5,8,1,8.1,Hoạt động
DV01,Phường Hoà Thuận,2026-09-16,Thứ tư,14:00,5,14,3,10.1,Hoạt động
DV01,Phường Hoà Thuận,2026-09-16,Thứ tư,15:00,5,11,3,10.7,Hoạt động
DV01,Phường Hoà Thuận,2026-09-16,Thứ tư,16:00,5,7,2,11.1,Hoạt động
DV01,Phường Hoà Thuận,2026-09-17,Thứ năm,07:00,5,5,2,8.0,Hoạt động
DV01,Phường Hoà Thuận,2026-09-17,Thứ năm,08:00,5,17,2,12.0,Hoạt động
DV01,Phường Hoà Thuận,2026-09-17,Thứ năm,09:00,5,18,1,13.4,Hoạt động
DV01,Phường Hoà Thuận,2026-09-17,Thứ năm,10:00,5,9,0,8.6,Hoạt động
DV01,Phường Hoà Thuận,2026-09-17,Thứ năm,11:00,5,11,2,7.4,Hoạt động
DV01,Phường Hoà Thuận,2026-09-17,Thứ năm,13:00,5,10,2,11.8,Hoạt động
DV01,Phường Hoà Thuận,2026-09-17,Thứ năm,14:00,5,14,2,8.2,Hoạt động
DV01,Phường Hoà Thuận,2026-09-17,Thứ năm,15:00,5,11,0,12.0,Hoạt động
DV01,Phường Hoà Thuận,2026-09-17,Thứ năm,16:00,5,6,1,8.9,Hoạt động
DV01,Phường Hoà Thuận,2026-09-18,Thứ sáu,07:00,5,6,1,10.3,Hoạt động
DV01,Phường Hoà Thuận,2026-09-18,Thứ sáu,08:00,5,12,1,10.0,Hoạt động
DV01,Phường Hoà Thuận,2026-09-18,Thứ sáu,09:00,5,17,1,6.5,Hoạt động
DV01,Phường Hoà Thuận,2026-09-18,Thứ sáu,10:00,5,11,2,8.7,Hoạt động
DV01,Phường Hoà Thuận,2026-09-18,Thứ sáu,11:00,5,11,3,8.3,Hoạt động
DV01,Phường Hoà Thuận,2026-09-18,Thứ sáu,13:00,5,6,1,6.9,Hoạt động
DV01,Phường Hoà Thuận,2026-09-18,Thứ sáu,14:00,5,11,2,7.7,Hoạt động
DV01,Phường Hoà Thuận,2026-09-18,Thứ sáu,15:00,5,9,1,6.8,Hoạt động
DV01,Phường Hoà Thuận,2026-09-18,Thứ sáu,16:00,5,5,1,7.9,Hoạt động
DV01,Phường Hoà Thuận,2026-09-21,Thứ hai,07:00,5,9,1,6.6,Hoạt động
DV01,Phường Hoà Thuận,2026-09-21,Thứ hai,08:00,5,20,1,9.7,Hoạt động
DV01,Phường Hoà Thuận,2026-09-21,Thứ hai,09:00,5,19,2,6.9,Hoạt động
DV01,Phường Hoà Thuận,2026-09-21,Thứ hai,10:00,5,14,0,14.0,Hoạt động
DV01,Phường Hoà Thuận,2026-09-21,Thứ hai,11:00,5,10,2,7.8,Hoạt động
DV01,Phường Hoà Thuận,2026-09-21,Thứ hai,13:00,5,9,1,8.8,Hoạt động
DV01,Phường Hoà Thuận,2026-09-21,Thứ hai,14:00,5,16,3,9.6,Hoạt động
DV01,Phường Hoà Thuận,2026-09-21,Thứ hai,15:00,5,15,1,13.7,Hoạt động
DV01,Phường Hoà Thuận,2026-09-21,Thứ hai,16:00,5,6,2,7.5,Hoạt động
DV01,Phường Hoà Thuận,2026-09-22,Thứ ba,07:00,5,6,2,15.2,Hoạt động
DV01,Phường Hoà Thuận,2026-09-22,Thứ ba,08:00,5,16,1,10.0,Hoạt động
DV01,Phường Hoà Thuận,2026-09-22,Thứ ba,09:00,5,17,1,6.7,Hoạt động
DV01,Phường Hoà Thuận,2026-09-22,Thứ ba,10:00,5,12,2,8.9,Hoạt động
DV01,Phường Hoà Thuận,2026-09-22,Thứ ba,11:00,5,8,1,12.1,Hoạt động
DV01,Phường Hoà Thuận,2026-09-22,Thứ ba,13:00,5,10,2,6.9,Hoạt động
DV01,Phường Hoà Thuận,2026-09-22,Thứ ba,14:00,5,14,2,16.7,Hoạt động
DV01,Phường Hoà Thuận,2026-09-22,Thứ ba,15:00,5,11,2,8.9,Hoạt động
DV01,Phường Hoà Thuận,2026-09-22,Thứ ba,16:00,5,6,1,12.1,Hoạt động
DV01,Phường Hoà Thuận,2026-09-23,Thứ tư,07:00,5,8,1,11.5,Hoạt động
DV01,Phường Hoà Thuận,2026-09-23,Thứ tư,08:00,5,14,2,13.8,Hoạt động
DV01,Phường Hoà Thuận,2026-09-23,Thứ tư,09:00,5,17,0,13.2,Hoạt động
DV01,Phường Hoà Thuận,2026-09-23,Thứ tư,10:00,5,13,3,9.7,Hoạt động
DV01,Phường Hoà Thuận,2026-09-23,Thứ tư,11:00,5,9,2,7.4,Hoạt động
DV01,Phường Hoà Thuận,2026-09-23,Thứ tư,13:00,5,9,0,14.6,Hoạt động
DV01,Phường Hoà Thuận,2026-09-23,Thứ tư,14:00,5,10,1,4.4,Hoạt động
DV01,Phường Hoà Thuận,2026-09-23,Thứ tư,15:00,5,8,0,7.9,Hoạt động
DV01,Phường Hoà Thuận,2026-09-23,Thứ tư,16:00,5,7,1,4.7,Hoạt động
DV01,Phường Hoà Thuận,2026-09-24,Thứ năm,07:00,5,7,3,8.1,Hoạt động
DV01,Phường Hoà Thuận,2026-09-24,Thứ năm,08:00,5,15,2,8.9,Hoạt động
DV01,Phường Hoà Thuận,2026-09-24,Thứ năm,09:00,5,17,2,14.6,Hoạt động
DV01,Phường Hoà Thuận,2026-09-24,Thứ năm,10:00,5,14,2,6.6,Hoạt động
DV01,Phường Hoà Thuận,2026-09-24,Thứ năm,11:00,5,6,2,9.8,Hoạt động
DV01,Phường Hoà Thuận,2026-09-24,Thứ năm,13:00,5,9,2,5.9,Hoạt động
DV01,Phường Hoà Thuận,2026-09-24,Thứ năm,14:00,5,14,3,10.5,Hoạt động
DV01,Phường Hoà Thuận,2026-09-24,Thứ năm,15:00,5,11,3,6.2,Hoạt động
DV01,Phường Hoà Thuận,2026-09-24,Thứ năm,16:00,5,6,1,8.1,Hoạt động
DV01,Phường Hoà Thuận,2026-09-25,Thứ sáu,07:00,5,5,1,9.2,Hoạt động
DV01,Phường Hoà Thuận,2026-09-25,Thứ sáu,08:00,5,13,3,7.6,Hoạt động
DV01,Phường Hoà Thuận,2026-09-25,Thứ sáu,09:00,5,14,1,11.5,Hoạt động
DV01,Phường Hoà Thuận,2026-09-25,Thứ sáu,10:00,5,11,3,4.8,Hoạt động
DV01,Phường Hoà Thuận,2026-09-25,Thứ sáu,11:00,5,6,1,8.4,Hoạt động
DV01,Phường Hoà Thuận,2026-09-25,Thứ sáu,13:00,5,8,0,9.0,Hoạt động
DV01,Phường Hoà Thuận,2026-09-25,Thứ sáu,14:00,5,10,0,8.5,Hoạt động
DV01,Phường Hoà Thuận,2026-09-25,Thứ sáu,15:00,5,8,1,13.3,Hoạt động
DV01,Phường Hoà Thuận,2026-09-25,Thứ sáu,16:00,5,6,0,4.9,Hoạt động
DV02,Phường Tân Hoà,2026-09-14,Thứ hai,07:00,5,8,1,12.5,Hoạt động
DV02,Phường Tân Hoà,2026-09-14,Thứ hai,08:00,4,25,12,44.6,Hoạt động
DV02,Phường Tân Hoà,2026-09-14,Thứ hai,09:00,4,26,20,78.3,Hoạt động
DV02,Phường Tân Hoà,2026-09-14,Thứ hai,10:00,4,19,23,93.7,Hoạt động
DV02,Phường Tân Hoà,2026-09-14,Thứ hai,11:00,5,12,15,51.1,Hoạt động
DV02,Phường Tân Hoà,2026-09-14,Thứ hai,13:00,5,12,1,7.1,Hoạt động
DV02,Phường Tân Hoà,2026-09-14,Thứ hai,14:00,5,19,1,8.2,Hoạt động
DV02,Phường Tân Hoà,2026-09-14,Thứ hai,15:00,5,16,1,9.8,Hoạt động
DV02,Phường Tân Hoà,2026-09-14,Thứ hai,16:00,5,11,2,13.6,Hoạt động
DV02,Phường Tân Hoà,2026-09-15,Thứ ba,07:00,5,6,0,12.9,Hoạt động
DV02,Phường Tân Hoà,2026-09-15,Thứ ba,08:00,4,18,4,15.7,Hoạt động
DV02,Phường Tân Hoà,2026-09-15,Thứ ba,09:00,4,19,6,28.8,Hoạt động
DV02,Phường Tân Hoà,2026-09-15,Thứ ba,10:00,4,15,7,22.7,Hoạt động
DV02,Phường Tân Hoà,2026-09-15,Thứ ba,11:00,5,7,3,7.3,Hoạt động
DV02,Phường Tân Hoà,2026-09-15,Thứ ba,13:00,5,15,2,11.8,Hoạt động
DV02,Phường Tân Hoà,2026-09-15,Thứ ba,14:00,5,15,1,8.7,Hoạt động
DV02,Phường Tân Hoà,2026-09-15,Thứ ba,15:00,5,15,1,11.0,Hoạt động
DV02,Phường Tân Hoà,2026-09-15,Thứ ba,16:00,5,11,2,10.9,Hoạt động
DV02,Phường Tân Hoà,2026-09-16,Thứ tư,07:00,5,10,2,10.2,Hoạt động
DV02,Phường Tân Hoà,2026-09-16,Thứ tư,08:00,4,17,1,7.9,Hoạt động
DV02,Phường Tân Hoà,2026-09-16,Thứ tư,09:00,4,19,5,21.2,Hoạt động
DV02,Phường Tân Hoà,2026-09-16,Thứ tư,10:00,4,13,4,13.8,Hoạt động
DV02,Phường Tân Hoà,2026-09-16,Thứ tư,11:00,5,7,3,6.4,Hoạt động
DV02,Phường Tân Hoà,2026-09-16,Thứ tư,13:00,5,11,1,10.0,Hoạt động
DV02,Phường Tân Hoà,2026-09-16,Thứ tư,14:00,5,17,2,10.8,Hoạt động
DV02,Phường Tân Hoà,2026-09-16,Thứ tư,15:00,5,12,2,11.2,Hoạt động
DV02,Phường Tân Hoà,2026-09-16,Thứ tư,16:00,5,8,3,15.4,Hoạt động
DV02,Phường Tân Hoà,2026-09-17,Thứ năm,07:00,5,7,3,9.7,Hoạt động
DV02,Phường Tân Hoà,2026-09-17,Thứ năm,08:00,4,19,4,17.7,Hoạt động
DV02,Phường Tân Hoà,2026-09-17,Thứ năm,09:00,4,18,7,25.5,Hoạt động
DV02,Phường Tân Hoà,2026-09-17,Thứ năm,10:00,4,14,5,22.2,Hoạt động
DV02,Phường Tân Hoà,2026-09-17,Thứ năm,11:00,5,6,1,7.9,Hoạt động
DV02,Phường Tân Hoà,2026-09-17,Thứ năm,13:00,5,12,2,11.5,Hoạt động
DV02,Phường Tân Hoà,2026-09-17,Thứ năm,14:00,5,16,1,6.0,Hoạt động
DV02,Phường Tân Hoà,2026-09-17,Thứ năm,15:00,5,13,2,10.5,Hoạt động
DV02,Phường Tân Hoà,2026-09-17,Thứ năm,16:00,5,7,1,10.8,Hoạt động
DV02,Phường Tân Hoà,2026-09-18,Thứ sáu,07:00,5,6,0,5.8,Hoạt động
DV02,Phường Tân Hoà,2026-09-18,Thứ sáu,08:00,4,19,5,17.1,Hoạt động
DV02,Phường Tân Hoà,2026-09-18,Thứ sáu,09:00,4,18,6,26.2,Hoạt động
DV02,Phường Tân Hoà,2026-09-18,Thứ sáu,10:00,4,12,4,10.6,Hoạt động
DV02,Phường Tân Hoà,2026-09-18,Thứ sáu,11:00,5,7,2,9.7,Hoạt động
DV02,Phường Tân Hoà,2026-09-18,Thứ sáu,13:00,5,10,1,9.3,Hoạt động
DV02,Phường Tân Hoà,2026-09-18,Thứ sáu,14:00,5,13,3,7.3,Hoạt động
DV02,Phường Tân Hoà,2026-09-18,Thứ sáu,15:00,5,14,3,13.8,Hoạt động
DV02,Phường Tân Hoà,2026-09-18,Thứ sáu,16:00,5,8,1,9.6,Hoạt động
DV02,Phường Tân Hoà,2026-09-21,Thứ hai,07:00,5,11,1,11.2,Hoạt động
DV02,Phường Tân Hoà,2026-09-21,Thứ hai,08:00,4,23,10,38.8,Hoạt động
DV02,Phường Tân Hoà,2026-09-21,Thứ hai,09:00,4,25,18,69.9,Hoạt động
DV02,Phường Tân Hoà,2026-09-21,Thứ hai,10:00,4,20,22,79.5,Hoạt động
DV02,Phường Tân Hoà,2026-09-21,Thứ hai,11:00,5,14,15,49.8,Hoạt động
DV02,Phường Tân Hoà,2026-09-21,Thứ hai,13:00,5,13,1,4.0,Hoạt động
DV02,Phường Tân Hoà,2026-09-21,Thứ hai,14:00,5,23,5,13.3,Hoạt động
DV02,Phường Tân Hoà,2026-09-21,Thứ hai,15:00,5,15,3,7.1,Hoạt động
DV02,Phường Tân Hoà,2026-09-21,Thứ hai,16:00,5,11,3,11.8,Hoạt động
DV02,Phường Tân Hoà,2026-09-22,Thứ ba,07:00,5,8,3,8.2,Hoạt động
DV02,Phường Tân Hoà,2026-09-22,Thứ ba,08:00,4,20,5,24.7,Hoạt động
DV02,Phường Tân Hoà,2026-09-22,Thứ ba,09:00,4,22,11,41.2,Hoạt động
DV02,Phường Tân Hoà,2026-09-22,Thứ ba,10:00,4,17,13,52.1,Hoạt động
DV02,Phường Tân Hoà,2026-09-22,Thứ ba,11:00,5,9,1,6.8,Hoạt động
DV02,Phường Tân Hoà,2026-09-22,Thứ ba,13:00,5,13,0,13.0,Hoạt động
DV02,Phường Tân Hoà,2026-09-22,Thứ ba,14:00,5,18,0,6.3,Hoạt động
DV02,Phường Tân Hoà,2026-09-22,Thứ ba,15:00,5,13,2,11.1,Hoạt động
DV02,Phường Tân Hoà,2026-09-22,Thứ ba,16:00,5,8,0,11.2,Hoạt động
DV02,Phường Tân Hoà,2026-09-23,Thứ tư,07:00,5,7,0,7.9,Hoạt động
DV02,Phường Tân Hoà,2026-09-23,Thứ tư,08:00,4,19,4,20.9,Hoạt động
DV02,Phường Tân Hoà,2026-09-23,Thứ tư,09:00,4,21,9,39.2,Hoạt động
DV02,Phường Tân Hoà,2026-09-23,Thứ tư,10:00,4,17,11,45.7,Hoạt động
DV02,Phường Tân Hoà,2026-09-23,Thứ tư,11:00,5,8,2,8.6,Hoạt động
DV02,Phường Tân Hoà,2026-09-23,Thứ tư,13:00,5,10,1,15.6,Hoạt động
DV02,Phường Tân Hoà,2026-09-23,Thứ tư,14:00,5,14,1,8.5,Hoạt động
DV02,Phường Tân Hoà,2026-09-23,Thứ tư,15:00,5,13,2,7.9,Hoạt động
DV02,Phường Tân Hoà,2026-09-23,Thứ tư,16:00,5,10,1,9.5,Hoạt động
DV02,Phường Tân Hoà,2026-09-24,Thứ năm,07:00,5,7,2,7.8,Hoạt động
DV02,Phường Tân Hoà,2026-09-24,Thứ năm,08:00,4,18,4,16.2,Hoạt động
DV02,Phường Tân Hoà,2026-09-24,Thứ năm,09:00,4,19,7,27.7,Hoạt động
DV02,Phường Tân Hoà,2026-09-24,Thứ năm,10:00,4,11,2,12.1,Hoạt động
DV02,Phường Tân Hoà,2026-09-24,Thứ năm,11:00,5,11,0,7.1,Hoạt động
DV02,Phường Tân Hoà,2026-09-24,Thứ năm,13:00,5,13,1,11.3,Hoạt động
DV02,Phường Tân Hoà,2026-09-24,Thứ năm,14:00,5,16,3,7.5,Hoạt động
DV02,Phường Tân Hoà,2026-09-24,Thứ năm,15:00,5,15,0,11.6,Hoạt động
DV02,Phường Tân Hoà,2026-09-24,Thứ năm,16:00,5,10,2,11.9,Hoạt động
DV02,Phường Tân Hoà,2026-09-25,Thứ sáu,07:00,5,5,3,8.4,Hoạt động
DV02,Phường Tân Hoà,2026-09-25,Thứ sáu,08:00,4,18,3,14.1,Hoạt động
DV02,Phường Tân Hoà,2026-09-25,Thứ sáu,09:00,4,17,4,18.8,Hoạt động
DV02,Phường Tân Hoà,2026-09-25,Thứ sáu,10:00,4,14,1,10.9,Hoạt động
DV02,Phường Tân Hoà,2026-09-25,Thứ sáu,11:00,5,7,1,11.6,Hoạt động
DV02,Phường Tân Hoà,2026-09-25,Thứ sáu,13:00,5,8,2,7.5,Hoạt động
DV02,Phường Tân Hoà,2026-09-25,Thứ sáu,14:00,5,16,2,5.8,Hoạt động
DV02,Phường Tân Hoà,2026-09-25,Thứ sáu,15:00,5,12,0,8.1,Hoạt động
DV02,Phường Tân Hoà,2026-09-25,Thứ sáu,16:00,5,6,2,4.0,Hoạt động
DV03,Phường Đông Giang,2026-09-14,Thứ hai,07:00,4,7,0,8.4,Hoạt động
DV03,Phường Đông Giang,2026-09-14,Thứ hai,08:00,4,16,1,11.0,Hoạt động
DV03,Phường Đông Giang,2026-09-14,Thứ hai,09:00,4,18,4,12.9,Hoạt động
DV03,Phường Đông Giang,2026-09-14,Thứ hai,10:00,4,13,3,7.5,Hoạt động
DV03,Phường Đông Giang,2026-09-14,Thứ hai,11:00,4,8,1,6.2,Hoạt động
DV03,Phường Đông Giang,2026-09-14,Thứ hai,13:00,4,6,1,8.2,Hoạt động
DV03,Phường Đông Giang,2026-09-14,Thứ hai,14:00,4,14,2,10.1,Hoạt động
DV03,Phường Đông Giang,2026-09-14,Thứ hai,15:00,4,12,3,8.2,Hoạt động
DV03,Phường Đông Giang,2026-09-14,Thứ hai,16:00,4,9,1,8.1,Hoạt động
DV03,Phường Đông Giang,2026-09-15,Thứ ba,07:00,4,2,2,14.6,Hoạt động
DV03,Phường Đông Giang,2026-09-15,Thứ ba,08:00,4,14,2,9.5,Hoạt động
DV03,Phường Đông Giang,2026-09-15,Thứ ba,09:00,4,14,3,8.6,Hoạt động
DV03,Phường Đông Giang,2026-09-15,Thứ ba,10:00,4,10,2,12.4,Hoạt động
DV03,Phường Đông Giang,2026-09-15,Thứ ba,11:00,4,6,3,9.0,Hoạt động
DV03,Phường Đông Giang,2026-09-15,Thứ ba,13:00,4,8,2,8.4,Hoạt động
DV03,Phường Đông Giang,2026-09-15,Thứ ba,14:00,4,11,0,9.9,Hoạt động
DV03,Phường Đông Giang,2026-09-15,Thứ ba,15:00,4,9,2,9.4,Hoạt động
DV03,Phường Đông Giang,2026-09-15,Thứ ba,16:00,4,4,1,8.6,Hoạt động
DV03,Phường Đông Giang,2026-09-16,Thứ tư,07:00,4,6,2,10.5,Hoạt động
DV03,Phường Đông Giang,2026-09-16,Thứ tư,08:00,4,11,0,13.3,Hoạt động
DV03,Phường Đông Giang,2026-09-16,Thứ tư,09:00,4,13,1,8.0,Hoạt động
DV03,Phường Đông Giang,2026-09-16,Thứ tư,10:00,4,11,0,10.4,Hoạt động
DV03,Phường Đông Giang,2026-09-16,Thứ tư,11:00,4,8,1,5.3,Hoạt động
DV03,Phường Đông Giang,2026-09-16,Thứ tư,13:00,4,7,1,7.7,Hoạt động
DV03,Phường Đông Giang,2026-09-16,Thứ tư,14:00,4,11,0,9.3,Hoạt động
DV03,Phường Đông Giang,2026-09-16,Thứ tư,15:00,4,7,1,14.0,Hoạt động
DV03,Phường Đông Giang,2026-09-16,Thứ tư,16:00,4,6,1,11.1,Hoạt động
DV03,Phường Đông Giang,2026-09-17,Thứ năm,07:00,4,5,1,7.8,Hoạt động
DV03,Phường Đông Giang,2026-09-17,Thứ năm,08:00,4,15,2,7.5,Hoạt động
DV03,Phường Đông Giang,2026-09-17,Thứ năm,09:00,4,15,1,6.0,Hoạt động
DV03,Phường Đông Giang,2026-09-17,Thứ năm,10:00,4,9,2,9.5,Hoạt động
DV03,Phường Đông Giang,2026-09-17,Thứ năm,11:00,4,6,2,6.6,Hoạt động
DV03,Phường Đông Giang,2026-09-17,Thứ năm,13:00,4,9,0,8.3,Hoạt động
DV03,Phường Đông Giang,2026-09-17,Thứ năm,14:00,4,13,1,6.5,Hoạt động
DV03,Phường Đông Giang,2026-09-17,Thứ năm,15:00,4,11,1,9.0,Hoạt động
DV03,Phường Đông Giang,2026-09-17,Thứ năm,16:00,4,7,0,11.6,Hoạt động
DV03,Phường Đông Giang,2026-09-18,Thứ sáu,07:00,4,3,0,6.2,Hoạt động
DV03,Phường Đông Giang,2026-09-18,Thứ sáu,08:00,4,12,2,9.3,Hoạt động
DV03,Phường Đông Giang,2026-09-18,Thứ sáu,09:00,4,13,1,10.9,Hoạt động
DV03,Phường Đông Giang,2026-09-18,Thứ sáu,10:00,4,9,1,8.1,Hoạt động
DV03,Phường Đông Giang,2026-09-18,Thứ sáu,11:00,4,7,3,13.9,Hoạt động
DV03,Phường Đông Giang,2026-09-18,Thứ sáu,13:00,4,5,3,7.5,Hoạt động
DV03,Phường Đông Giang,2026-09-18,Thứ sáu,14:00,4,13,1,11.3,Hoạt động
DV03,Phường Đông Giang,2026-09-18,Thứ sáu,15:00,4,10,1,6.2,Hoạt động
DV03,Phường Đông Giang,2026-09-18,Thứ sáu,16:00,4,4,2,8.7,Hoạt động
DV03,Phường Đông Giang,2026-09-21,Thứ hai,07:00,4,7,1,7.8,Hoạt động
DV03,Phường Đông Giang,2026-09-21,Thứ hai,08:00,4,17,1,14.4,Hoạt động
DV03,Phường Đông Giang,2026-09-21,Thứ hai,09:00,4,18,3,21.1,Hoạt động
DV03,Phường Đông Giang,2026-09-21,Thứ hai,10:00,4,13,3,7.3,Hoạt động
DV03,Phường Đông Giang,2026-09-21,Thứ hai,11:00,4,9,1,9.3,Hoạt động
DV03,Phường Đông Giang,2026-09-21,Thứ hai,13:00,4,11,1,8.0,Hoạt động
DV03,Phường Đông Giang,2026-09-21,Thứ hai,14:00,4,12,3,5.6,Hoạt động
DV03,Phường Đông Giang,2026-09-21,Thứ hai,15:00,4,13,2,11.6,Hoạt động
DV03,Phường Đông Giang,2026-09-21,Thứ hai,16:00,4,7,1,7.7,Hoạt động
DV03,Phường Đông Giang,2026-09-22,Thứ ba,07:00,4,6,1,5.7,Hoạt động
DV03,Phường Đông Giang,2026-09-22,Thứ ba,08:00,4,12,2,9.5,Hoạt động
DV03,Phường Đông Giang,2026-09-22,Thứ ba,09:00,4,13,1,12.4,Hoạt động
DV03,Phường Đông Giang,2026-09-22,Thứ ba,10:00,4,11,3,11.4,Hoạt động
DV03,Phường Đông Giang,2026-09-22,Thứ ba,11:00,4,7,3,11.3,Hoạt động
DV03,Phường Đông Giang,2026-09-22,Thứ ba,13:00,4,6,3,4.6,Hoạt động
DV03,Phường Đông Giang,2026-09-22,Thứ ba,14:00,4,11,0,9.4,Hoạt động
DV03,Phường Đông Giang,2026-09-22,Thứ ba,15:00,4,10,3,7.8,Hoạt động
DV03,Phường Đông Giang,2026-09-22,Thứ ba,16:00,4,5,2,7.0,Hoạt động
DV03,Phường Đông Giang,2026-09-23,Thứ tư,07:00,4,5,1,9.1,Hoạt động
DV03,Phường Đông Giang,2026-09-23,Thứ tư,08:00,4,13,2,11.9,Hoạt động
DV03,Phường Đông Giang,2026-09-23,Thứ tư,09:00,4,12,2,12.9,Hoạt động
DV03,Phường Đông Giang,2026-09-23,Thứ tư,10:00,4,10,0,10.1,Hoạt động
DV03,Phường Đông Giang,2026-09-23,Thứ tư,11:00,4,7,3,11.1,Hoạt động
DV03,Phường Đông Giang,2026-09-23,Thứ tư,13:00,4,9,2,10.8,Hoạt động
DV03,Phường Đông Giang,2026-09-23,Thứ tư,14:00,4,11,1,7.6,Hoạt động
DV03,Phường Đông Giang,2026-09-23,Thứ tư,15:00,4,10,1,8.3,Hoạt động
DV03,Phường Đông Giang,2026-09-23,Thứ tư,16:00,4,6,3,12.4,Hoạt động
DV03,Phường Đông Giang,2026-09-24,Thứ năm,07:00,4,6,3,8.6,Hoạt động
DV03,Phường Đông Giang,2026-09-24,Thứ năm,08:00,4,11,2,9.2,Hoạt động
DV03,Phường Đông Giang,2026-09-24,Thứ năm,09:00,4,13,1,7.4,Hoạt động
DV03,Phường Đông Giang,2026-09-24,Thứ năm,10:00,4,9,3,10.2,Hoạt động
DV03,Phường Đông Giang,2026-09-24,Thứ năm,11:00,4,7,1,9.6,Hoạt động
DV03,Phường Đông Giang,2026-09-24,Thứ năm,13:00,4,8,0,8.7,Hoạt động
DV03,Phường Đông Giang,2026-09-24,Thứ năm,14:00,4,12,1,9.5,Hoạt động
DV03,Phường Đông Giang,2026-09-24,Thứ năm,15:00,4,9,1,8.4,Hoạt động
DV03,Phường Đông Giang,2026-09-24,Thứ năm,16:00,4,7,1,5.3,Hoạt động
DV03,Phường Đông Giang,2026-09-25,Thứ sáu,07:00,4,6,0,11.8,Hoạt động
DV03,Phường Đông Giang,2026-09-25,Thứ sáu,08:00,4,12,1,7.0,Hoạt động
DV03,Phường Đông Giang,2026-09-25,Thứ sáu,09:00,4,13,2,7.2,Hoạt động
DV03,Phường Đông Giang,2026-09-25,Thứ sáu,10:00,4,9,3,9.8,Hoạt động
DV03,Phường Đông Giang,2026-09-25,Thứ sáu,11:00,4,6,0,5.7,Hoạt động
DV03,Phường Đông Giang,2026-09-25,Thứ sáu,13:00,4,7,2,8.4,Hoạt động
DV03,Phường Đông Giang,2026-09-25,Thứ sáu,14:00,4,9,1,12.4,Hoạt động
DV03,Phường Đông Giang,2026-09-25,Thứ sáu,15:00,4,7,1,9.5,Hoạt động
DV03,Phường Đông Giang,2026-09-25,Thứ sáu,16:00,4,6,2,10.2,Hoạt động
DV04,Phường Nam Phong,2026-09-14,Thứ hai,07:00,5,8,1,7.6,Hoạt động
DV04,Phường Nam Phong,2026-09-14,Thứ hai,08:00,5,19,3,9.7,Hoạt động
DV04,Phường Nam Phong,2026-09-14,Thứ hai,09:00,5,25,6,26.6,Hoạt động
DV04,Phường Nam Phong,2026-09-14,Thứ hai,10:00,5,16,2,9.2,Hoạt động
DV04,Phường Nam Phong,2026-09-14,Thứ hai,11:00,5,10,2,7.5,Hoạt động
DV04,Phường Nam Phong,2026-09-14,Thứ hai,13:00,5,11,0,9.8,Hoạt động
DV04,Phường Nam Phong,2026-09-14,Thứ hai,14:00,5,22,4,19.9,Hoạt động
DV04,Phường Nam Phong,2026-09-14,Thứ hai,15:00,5,15,1,8.6,Hoạt động
DV04,Phường Nam Phong,2026-09-14,Thứ hai,16:00,5,12,2,8.6,Hoạt động
DV04,Phường Nam Phong,2026-09-15,Thứ ba,07:00,5,7,3,12.1,Hoạt động
DV04,Phường Nam Phong,2026-09-15,Thứ ba,08:00,5,17,3,10.3,Hoạt động
DV04,Phường Nam Phong,2026-09-15,Thứ ba,09:00,5,19,1,13.2,Hoạt động
DV04,Phường Nam Phong,2026-09-15,Thứ ba,10:00,5,17,1,15.0,Hoạt động
DV04,Phường Nam Phong,2026-09-15,Thứ ba,11:00,5,6,0,6.8,Hoạt động
DV04,Phường Nam Phong,2026-09-15,Thứ ba,13:00,5,9,2,10.3,Hoạt động
DV04,Phường Nam Phong,2026-09-15,Thứ ba,14:00,5,14,2,8.0,Hoạt động
DV04,Phường Nam Phong,2026-09-15,Thứ ba,15:00,5,12,1,9.0,Hoạt động
DV04,Phường Nam Phong,2026-09-15,Thứ ba,16:00,5,9,1,9.4,Hoạt động
DV04,Phường Nam Phong,2026-09-16,Thứ tư,07:00,5,8,1,7.1,Hoạt động
DV04,Phường Nam Phong,2026-09-16,Thứ tư,08:00,5,17,1,12.6,Hoạt động
DV04,Phường Nam Phong,2026-09-16,Thứ tư,09:00,5,18,3,9.4,Hoạt động
DV04,Phường Nam Phong,2026-09-16,Thứ tư,10:00,5,15,1,4.0,Hoạt động
DV04,Phường Nam Phong,2026-09-16,Thứ tư,11:00,5,10,3,15.0,Hoạt động
DV04,Phường Nam Phong,2026-09-16,Thứ tư,13:00,5,8,2,7.6,Hoạt động
DV04,Phường Nam Phong,2026-09-16,Thứ tư,14:00,5,14,1,8.8,Hoạt động
DV04,Phường Nam Phong,2026-09-16,Thứ tư,15:00,5,12,0,11.6,Hoạt động
DV04,Phường Nam Phong,2026-09-16,Thứ tư,16:00,5,7,2,7.8,Hoạt động
DV04,Phường Nam Phong,2026-09-17,Thứ năm,07:00,5,7,1,8.1,Hoạt động
DV04,Phường Nam Phong,2026-09-17,Thứ năm,08:00,5,17,2,6.9,Hoạt động
DV04,Phường Nam Phong,2026-09-17,Thứ năm,09:00,5,17,2,7.7,Hoạt động
DV04,Phường Nam Phong,2026-09-17,Thứ năm,10:00,5,15,3,8.9,Hoạt động
DV04,Phường Nam Phong,2026-09-17,Thứ năm,11:00,5,9,0,5.9,Hoạt động
DV04,Phường Nam Phong,2026-09-17,Thứ năm,13:00,5,7,3,9.5,Hoạt động
DV04,Phường Nam Phong,2026-09-17,Thứ năm,14:00,5,13,1,10.1,Hoạt động
DV04,Phường Nam Phong,2026-09-17,Thứ năm,15:00,5,12,2,9.0,Hoạt động
DV04,Phường Nam Phong,2026-09-17,Thứ năm,16:00,5,8,1,6.9,Hoạt động
DV04,Phường Nam Phong,2026-09-18,Thứ sáu,07:00,5,6,2,8.1,Hoạt động
DV04,Phường Nam Phong,2026-09-18,Thứ sáu,08:00,5,13,1,6.1,Hoạt động
DV04,Phường Nam Phong,2026-09-18,Thứ sáu,09:00,5,17,1,6.2,Hoạt động
DV04,Phường Nam Phong,2026-09-18,Thứ sáu,10:00,5,12,1,11.5,Hoạt động
DV04,Phường Nam Phong,2026-09-18,Thứ sáu,11:00,5,9,1,8.4,Hoạt động
DV04,Phường Nam Phong,2026-09-18,Thứ sáu,13:00,5,10,0,9.5,Hoạt động
DV04,Phường Nam Phong,2026-09-18,Thứ sáu,14:00,5,15,3,10.5,Hoạt động
DV04,Phường Nam Phong,2026-09-18,Thứ sáu,15:00,5,11,0,8.2,Hoạt động
DV04,Phường Nam Phong,2026-09-18,Thứ sáu,16:00,5,9,2,7.4,Hoạt động
DV04,Phường Nam Phong,2026-09-21,Thứ hai,07:00,5,10,2,6.8,Hoạt động
DV04,Phường Nam Phong,2026-09-21,Thứ hai,08:00,5,19,1,7.5,Hoạt động
DV04,Phường Nam Phong,2026-09-21,Thứ hai,09:00,5,23,5,15.9,Hoạt động
DV04,Phường Nam Phong,2026-09-21,Thứ hai,10:00,5,16,0,7.4,Hoạt động
DV04,Phường Nam Phong,2026-09-21,Thứ hai,11:00,5,9,2,6.2,Hoạt động
DV04,Phường Nam Phong,2026-09-21,Thứ hai,13:00,5,13,1,11.0,Hoạt động
DV04,Phường Nam Phong,2026-09-21,Thứ hai,14:00,5,18,2,12.5,Hoạt động
DV04,Phường Nam Phong,2026-09-21,Thứ hai,15:00,5,17,2,12.7,Hoạt động
DV04,Phường Nam Phong,2026-09-21,Thứ hai,16:00,5,10,2,4.5,Hoạt động
DV04,Phường Nam Phong,2026-09-22,Thứ ba,07:00,5,5,0,7.2,Hoạt động
DV04,Phường Nam Phong,2026-09-22,Thứ ba,08:00,5,17,0,8.3,Hoạt động
DV04,Phường Nam Phong,2026-09-22,Thứ ba,09:00,5,17,0,7.4,Hoạt động
DV04,Phường Nam Phong,2026-09-22,Thứ ba,10:00,5,10,0,12.3,Hoạt động
DV04,Phường Nam Phong,2026-09-22,Thứ ba,11:00,5,10,2,12.1,Hoạt động
DV04,Phường Nam Phong,2026-09-22,Thứ ba,13:00,5,11,2,11.0,Hoạt động
DV04,Phường Nam Phong,2026-09-22,Thứ ba,14:00,5,13,1,9.1,Hoạt động
DV04,Phường Nam Phong,2026-09-22,Thứ ba,15:00,5,12,2,9.2,Hoạt động
DV04,Phường Nam Phong,2026-09-22,Thứ ba,16:00,5,5,1,8.3,Hoạt động
DV04,Phường Nam Phong,2026-09-23,Thứ tư,07:00,5,6,0,6.5,Hoạt động
DV04,Phường Nam Phong,2026-09-23,Thứ tư,08:00,5,18,1,7.3,Hoạt động
DV04,Phường Nam Phong,2026-09-23,Thứ tư,09:00,5,18,1,10.8,Hoạt động
DV04,Phường Nam Phong,2026-09-23,Thứ tư,10:00,5,13,2,8.5,Hoạt động
DV04,Phường Nam Phong,2026-09-23,Thứ tư,11:00,5,10,3,6.8,Hoạt động
DV04,Phường Nam Phong,2026-09-23,Thứ tư,13:00,5,9,2,5.3,Hoạt động
DV04,Phường Nam Phong,2026-09-23,Thứ tư,14:00,5,14,1,9.1,Hoạt động
DV04,Phường Nam Phong,2026-09-23,Thứ tư,15:00,5,12,2,6.7,Hoạt động
DV04,Phường Nam Phong,2026-09-23,Thứ tư,16:00,5,5,1,7.5,Hoạt động
DV04,Phường Nam Phong,2026-09-24,Thứ năm,07:00,5,7,0,12.2,Hoạt động
DV04,Phường Nam Phong,2026-09-24,Thứ năm,08:00,5,15,1,8.8,Hoạt động
DV04,Phường Nam Phong,2026-09-24,Thứ năm,09:00,5,20,2,9.0,Hoạt động
DV04,Phường Nam Phong,2026-09-24,Thứ năm,10:00,5,15,2,16.0,Hoạt động
DV04,Phường Nam Phong,2026-09-24,Thứ năm,11:00,5,8,3,8.1,Hoạt động
DV04,Phường Nam Phong,2026-09-24,Thứ năm,13:00,5,10,2,4.8,Hoạt động
DV04,Phường Nam Phong,2026-09-24,Thứ năm,14:00,5,16,3,7.5,Hoạt động
DV04,Phường Nam Phong,2026-09-24,Thứ năm,15:00,5,11,1,8.7,Hoạt động
DV04,Phường Nam Phong,2026-09-24,Thứ năm,16:00,5,7,1,10.5,Hoạt động
DV04,Phường Nam Phong,2026-09-25,Thứ sáu,07:00,5,7,2,9.4,Hoạt động
DV04,Phường Nam Phong,2026-09-25,Thứ sáu,08:00,5,15,3,8.4,Hoạt động
DV04,Phường Nam Phong,2026-09-25,Thứ sáu,09:00,5,17,1,9.6,Hoạt động
DV04,Phường Nam Phong,2026-09-25,Thứ sáu,10:00,5,11,2,9.4,Hoạt động
DV04,Phường Nam Phong,2026-09-25,Thứ sáu,11:00,5,7,1,11.9,Hoạt động
DV04,Phường Nam Phong,2026-09-25,Thứ sáu,13:00,5,8,2,5.4,Hoạt động
DV04,Phường Nam Phong,2026-09-25,Thứ sáu,14:00,5,12,1,5.6,Hoạt động
DV04,Phường Nam Phong,2026-09-25,Thứ sáu,15:00,5,16,3,10.2,Hoạt động
DV04,Phường Nam Phong,2026-09-25,Thứ sáu,16:00,5,9,2,5.9,Hoạt động
DV05,Xã Bình An,2026-09-14,Thứ hai,07:00,3,5,0,7.3,Hoạt động
DV05,Xã Bình An,2026-09-14,Thứ hai,08:00,3,15,6,26.4,Hoạt động
DV05,Xã Bình An,2026-09-14,Thứ hai,09:00,3,15,8,39.9,Hoạt động
DV05,Xã Bình An,2026-09-14,Thứ hai,10:00,3,10,6,32.9,Hoạt động
DV05,Xã Bình An,2026-09-14,Thứ hai,11:00,3,6,2,5.7,Hoạt động
DV05,Xã Bình An,2026-09-14,Thứ hai,13:00,3,10,1,6.3,Hoạt động
DV05,Xã Bình An,2026-09-14,Thứ hai,14:00,3,13,4,11.9,Hoạt động
DV05,Xã Bình An,2026-09-14,Thứ hai,15:00,3,12,1,9.3,Hoạt động
DV05,Xã Bình An,2026-09-14,Thứ hai,16:00,3,5,0,9.8,Hoạt động
DV05,Xã Bình An,2026-09-15,Thứ ba,07:00,3,6,0,10.3,Hoạt động
DV05,Xã Bình An,2026-09-15,Thứ ba,08:00,3,11,2,6.2,Hoạt động
DV05,Xã Bình An,2026-09-15,Thứ ba,09:00,3,11,2,6.1,Hoạt động
DV05,Xã Bình An,2026-09-15,Thứ ba,10:00,3,8,2,4.3,Hoạt động
DV05,Xã Bình An,2026-09-15,Thứ ba,11:00,3,6,1,12.5,Hoạt động
DV05,Xã Bình An,2026-09-15,Thứ ba,13:00,3,6,2,10.1,Hoạt động
DV05,Xã Bình An,2026-09-15,Thứ ba,14:00,3,10,0,5.6,Hoạt động
DV05,Xã Bình An,2026-09-15,Thứ ba,15:00,3,8,0,4.0,Hoạt động
DV05,Xã Bình An,2026-09-15,Thứ ba,16:00,3,5,1,6.9,Hoạt động
DV05,Xã Bình An,2026-09-16,Thứ tư,07:00,3,3,1,8.5,Hoạt động
DV05,Xã Bình An,2026-09-16,Thứ tư,08:00,3,13,1,17.4,Hoạt động
DV05,Xã Bình An,2026-09-16,Thứ tư,09:00,3,13,3,18.5,Hoạt động
DV05,Xã Bình An,2026-09-16,Thứ tư,10:00,3,9,2,11.4,Hoạt động
DV05,Xã Bình An,2026-09-16,Thứ tư,11:00,3,4,3,15.5,Hoạt động
DV05,Xã Bình An,2026-09-16,Thứ tư,13:00,3,7,2,6.5,Hoạt động
DV05,Xã Bình An,2026-09-16,Thứ tư,14:00,3,9,3,11.1,Hoạt động
DV05,Xã Bình An,2026-09-16,Thứ tư,15:00,3,9,2,8.9,Hoạt động
DV05,Xã Bình An,2026-09-16,Thứ tư,16:00,3,5,2,9.0,Hoạt động
DV05,Xã Bình An,2026-09-17,Thứ năm,07:00,3,5,3,12.4,Hoạt động
DV05,Xã Bình An,2026-09-17,Thứ năm,08:00,3,12,0,8.0,Hoạt động
DV05,Xã Bình An,2026-09-17,Thứ năm,09:00,3,12,1,9.4,Hoạt động
DV05,Xã Bình An,2026-09-17,Thứ năm,10:00,3,10,1,6.5,Hoạt động
DV05,Xã Bình An,2026-09-17,Thứ năm,11:00,3,5,2,7.5,Hoạt động
DV05,Xã Bình An,2026-09-17,Thứ năm,13:00,3,7,2,8.6,Hoạt động
DV05,Xã Bình An,2026-09-17,Thứ năm,14:00,3,11,3,10.9,Hoạt động
DV05,Xã Bình An,2026-09-17,Thứ năm,15:00,3,10,1,12.6,Hoạt động
DV05,Xã Bình An,2026-09-17,Thứ năm,16:00,3,4,3,8.1,Hoạt động
DV05,Xã Bình An,2026-09-18,Thứ sáu,07:00,3,5,3,10.0,Hoạt động
DV05,Xã Bình An,2026-09-18,Thứ sáu,08:00,3,11,3,7.9,Hoạt động
DV05,Xã Bình An,2026-09-18,Thứ sáu,09:00,3,12,3,6.3,Hoạt động
DV05,Xã Bình An,2026-09-18,Thứ sáu,10:00,3,9,1,9.4,Hoạt động
DV05,Xã Bình An,2026-09-18,Thứ sáu,11:00,3,7,1,6.4,Hoạt động
DV05,Xã Bình An,2026-09-18,Thứ sáu,13:00,3,6,1,5.4,Hoạt động
DV05,Xã Bình An,2026-09-18,Thứ sáu,14:00,3,8,1,10.4,Hoạt động
DV05,Xã Bình An,2026-09-18,Thứ sáu,15:00,3,6,1,6.2,Hoạt động
DV05,Xã Bình An,2026-09-18,Thứ sáu,16:00,3,6,2,8.8,Hoạt động
DV05,Xã Bình An,2026-09-21,Thứ hai,07:00,3,5,1,8.7,Hoạt động
DV05,Xã Bình An,2026-09-21,Thứ hai,08:00,3,15,4,22.6,Hoạt động
DV05,Xã Bình An,2026-09-21,Thứ hai,09:00,3,14,7,33.7,Hoạt động
DV05,Xã Bình An,2026-09-21,Thứ hai,10:00,3,11,7,28.9,Hoạt động
DV05,Xã Bình An,2026-09-21,Thứ hai,11:00,3,6,1,6.0,Hoạt động
DV05,Xã Bình An,2026-09-21,Thứ hai,13:00,3,8,1,10.7,Hoạt động
DV05,Xã Bình An,2026-09-21,Thứ hai,14:00,3,12,0,10.8,Hoạt động
DV05,Xã Bình An,2026-09-21,Thứ hai,15:00,3,12,0,8.4,Hoạt động
DV05,Xã Bình An,2026-09-21,Thứ hai,16:00,3,7,2,12.7,Hoạt động
DV05,Xã Bình An,2026-09-22,Thứ ba,07:00,3,7,2,10.6,Hoạt động
DV05,Xã Bình An,2026-09-22,Thứ ba,08:00,3,12,2,9.8,Hoạt động
DV05,Xã Bình An,2026-09-22,Thứ ba,09:00,3,12,2,12.0,Hoạt động
DV05,Xã Bình An,2026-09-22,Thứ ba,10:00,3,9,0,9.0,Hoạt động
DV05,Xã Bình An,2026-09-22,Thứ ba,11:00,3,6,2,11.2,Hoạt động
DV05,Xã Bình An,2026-09-22,Thứ ba,13:00,3,6,1,11.3,Hoạt động
DV05,Xã Bình An,2026-09-22,Thứ ba,14:00,3,9,1,11.0,Hoạt động
DV05,Xã Bình An,2026-09-22,Thứ ba,15:00,3,7,3,9.5,Hoạt động
DV05,Xã Bình An,2026-09-22,Thứ ba,16:00,3,5,1,7.5,Hoạt động
DV05,Xã Bình An,2026-09-23,Thứ tư,07:00,3,3,2,8.7,Hoạt động
DV05,Xã Bình An,2026-09-23,Thứ tư,08:00,3,10,0,9.0,Hoạt động
DV05,Xã Bình An,2026-09-23,Thứ tư,09:00,3,12,1,4.9,Hoạt động
DV05,Xã Bình An,2026-09-23,Thứ tư,10:00,3,10,1,5.0,Hoạt động
DV05,Xã Bình An,2026-09-23,Thứ tư,11:00,3,7,1,10.5,Hoạt động
DV05,Xã Bình An,2026-09-23,Thứ tư,13:00,3,6,3,8.5,Hoạt động
DV05,Xã Bình An,2026-09-23,Thứ tư,14:00,3,11,2,8.9,Hoạt động
DV05,Xã Bình An,2026-09-23,Thứ tư,15:00,3,8,3,12.2,Hoạt động
DV05,Xã Bình An,2026-09-23,Thứ tư,16:00,3,5,1,13.0,Hoạt động
DV05,Xã Bình An,2026-09-24,Thứ năm,07:00,3,4,1,9.6,Hoạt động
DV05,Xã Bình An,2026-09-24,Thứ năm,08:00,3,13,3,12.8,Hoạt động
DV05,Xã Bình An,2026-09-24,Thứ năm,09:00,3,11,2,7.5,Hoạt động
DV05,Xã Bình An,2026-09-24,Thứ năm,10:00,3,7,3,4.0,Hoạt động
DV05,Xã Bình An,2026-09-24,Thứ năm,11:00,3,7,2,10.1,Hoạt động
DV05,Xã Bình An,2026-09-24,Thứ năm,13:00,3,6,2,4.9,Hoạt động
DV05,Xã Bình An,2026-09-24,Thứ năm,14:00,3,10,0,8.8,Hoạt động
DV05,Xã Bình An,2026-09-24,Thứ năm,15:00,3,9,1,9.0,Hoạt động
DV05,Xã Bình An,2026-09-24,Thứ năm,16:00,3,5,1,8.4,Hoạt động
DV05,Xã Bình An,2026-09-25,Thứ sáu,07:00,3,5,2,8.5,Hoạt động
DV05,Xã Bình An,2026-09-25,Thứ sáu,08:00,3,11,1,10.5,Hoạt động
DV05,Xã Bình An,2026-09-25,Thứ sáu,09:00,3,9,2,6.7,Hoạt động
DV05,Xã Bình An,2026-09-25,Thứ sáu,10:00,3,8,3,10.0,Hoạt động
DV05,Xã Bình An,2026-09-25,Thứ sáu,11:00,3,5,1,4.0,Hoạt động
DV05,Xã Bình An,2026-09-25,Thứ sáu,13:00,3,5,0,7.3,Hoạt động
DV05,Xã Bình An,2026-09-25,Thứ sáu,14:00,3,10,1,9.4,Hoạt động
DV05,Xã Bình An,2026-09-25,Thứ sáu,15:00,3,9,0,12.1,Hoạt động
DV05,Xã Bình An,2026-09-25,Thứ sáu,16:00,3,3,2,9.9,Hoạt động
DV06,Xã Long Thành,2026-09-14,Thứ hai,07:00,3,6,0,12.0,Hoạt động
DV06,Xã Long Thành,2026-09-14,Thứ hai,08:00,3,12,0,8.6,Hoạt động
DV06,Xã Long Thành,2026-09-14,Thứ hai,09:00,3,13,4,17.4,Hoạt động
DV06,Xã Long Thành,2026-09-14,Thứ hai,10:00,3,10,1,12.0,Hoạt động
DV06,Xã Long Thành,2026-09-14,Thứ hai,11:00,3,4,2,11.8,Hoạt động
DV06,Xã Long Thành,2026-09-14,Thứ hai,13:00,3,6,3,8.3,Hoạt động
DV06,Xã Long Thành,2026-09-14,Thứ hai,14:00,3,8,2,7.1,Hoạt động
DV06,Xã Long Thành,2026-09-14,Thứ hai,15:00,3,8,2,12.3,Hoạt động
DV06,Xã Long Thành,2026-09-14,Thứ hai,16:00,3,5,3,11.2,Hoạt động
DV06,Xã Long Thành,2026-09-15,Thứ ba,07:00,3,4,1,4.2,Hoạt động
DV06,Xã Long Thành,2026-09-15,Thứ ba,08:00,3,11,1,8.2,Hoạt động
DV06,Xã Long Thành,2026-09-15,Thứ ba,09:00,3,11,1,7.4,Hoạt động
DV06,Xã Long Thành,2026-09-15,Thứ ba,10:00,3,7,2,11.0,Hoạt động
DV06,Xã Long Thành,2026-09-15,Thứ ba,11:00,3,6,0,8.6,Hoạt động
DV06,Xã Long Thành,2026-09-15,Thứ ba,13:00,3,5,0,9.0,Hoạt động
DV06,Xã Long Thành,2026-09-15,Thứ ba,14:00,3,8,2,7.8,Hoạt động
DV06,Xã Long Thành,2026-09-15,Thứ ba,15:00,3,7,1,12.7,Hoạt động
DV06,Xã Long Thành,2026-09-15,Thứ ba,16:00,3,3,1,9.9,Hoạt động
DV06,Xã Long Thành,2026-09-16,Thứ tư,07:00,3,2,1,10.8,Hoạt động
DV06,Xã Long Thành,2026-09-16,Thứ tư,08:00,3,10,1,11.9,Hoạt động
DV06,Xã Long Thành,2026-09-16,Thứ tư,09:00,3,9,2,8.5,Hoạt động
DV06,Xã Long Thành,2026-09-16,Thứ tư,10:00,3,7,0,7.5,Hoạt động
DV06,Xã Long Thành,2026-09-16,Thứ tư,11:00,3,6,2,10.2,Hoạt động
DV06,Xã Long Thành,2026-09-16,Thứ tư,13:00,3,6,0,10.4,Hoạt động
DV06,Xã Long Thành,2026-09-16,Thứ tư,14:00,3,7,3,6.6,Hoạt động
DV06,Xã Long Thành,2026-09-16,Thứ tư,15:00,3,7,1,11.2,Hoạt động
DV06,Xã Long Thành,2026-09-16,Thứ tư,16:00,3,5,2,5.2,Hoạt động
DV06,Xã Long Thành,2026-09-17,Thứ năm,07:00,3,4,1,8.6,Hoạt động
DV06,Xã Long Thành,2026-09-17,Thứ năm,08:00,3,10,1,15.0,Hoạt động
DV06,Xã Long Thành,2026-09-17,Thứ năm,09:00,3,9,1,6.1,Hoạt động
DV06,Xã Long Thành,2026-09-17,Thứ năm,10:00,3,8,2,10.3,Hoạt động
DV06,Xã Long Thành,2026-09-17,Thứ năm,11:00,3,6,2,11.3,Hoạt động
DV06,Xã Long Thành,2026-09-17,Thứ năm,13:00,3,5,2,14.7,Hoạt động
DV06,Xã Long Thành,2026-09-17,Thứ năm,14:00,3,9,1,7.6,Hoạt động
DV06,Xã Long Thành,2026-09-17,Thứ năm,15:00,3,7,2,7.8,Hoạt động
DV06,Xã Long Thành,2026-09-17,Thứ năm,16:00,3,6,2,11.9,Hoạt động
DV06,Xã Long Thành,2026-09-18,Thứ sáu,07:00,3,5,2,7.0,Hoạt động
DV06,Xã Long Thành,2026-09-18,Thứ sáu,08:00,3,7,1,12.1,Hoạt động
DV06,Xã Long Thành,2026-09-18,Thứ sáu,09:00,3,9,2,8.6,Hoạt động
DV06,Xã Long Thành,2026-09-18,Thứ sáu,10:00,3,6,1,7.3,Hoạt động
DV06,Xã Long Thành,2026-09-18,Thứ sáu,11:00,3,5,1,7.2,Hoạt động
DV06,Xã Long Thành,2026-09-18,Thứ sáu,13:00,3,5,2,7.6,Hoạt động
DV06,Xã Long Thành,2026-09-18,Thứ sáu,14:00,3,8,2,11.5,Hoạt động
DV06,Xã Long Thành,2026-09-18,Thứ sáu,15:00,3,6,2,6.9,Hoạt động
DV06,Xã Long Thành,2026-09-18,Thứ sáu,16:00,3,2,1,10.7,Hoạt động
DV06,Xã Long Thành,2026-09-21,Thứ hai,07:00,3,5,1,9.3,Hoạt động
DV06,Xã Long Thành,2026-09-21,Thứ hai,08:00,3,12,1,14.9,Hoạt động
DV06,Xã Long Thành,2026-09-21,Thứ hai,09:00,3,12,0,7.2,Hoạt động
DV06,Xã Long Thành,2026-09-21,Thứ hai,10:00,3,10,3,11.7,Hoạt động
DV06,Xã Long Thành,2026-09-21,Thứ hai,11:00,3,5,2,7.6,Hoạt động
DV06,Xã Long Thành,2026-09-21,Thứ hai,13:00,3,7,3,6.6,Hoạt động
DV06,Xã Long Thành,2026-09-21,Thứ hai,14:00,3,11,1,7.3,Hoạt động
DV06,Xã Long Thành,2026-09-21,Thứ hai,15:00,3,9,0,13.1,Hoạt động
DV06,Xã Long Thành,2026-09-21,Thứ hai,16:00,3,3,1,9.4,Hoạt động
DV06,Xã Long Thành,2026-09-22,Thứ ba,07:00,3,4,1,8.4,Hoạt động
DV06,Xã Long Thành,2026-09-22,Thứ ba,08:00,3,10,1,6.2,Hoạt động
DV06,Xã Long Thành,2026-09-22,Thứ ba,09:00,3,9,3,10.8,Hoạt động
DV06,Xã Long Thành,2026-09-22,Thứ ba,10:00,3,8,0,7.8,Hoạt động
DV06,Xã Long Thành,2026-09-22,Thứ ba,11:00,3,4,2,10.0,Hoạt động
DV06,Xã Long Thành,2026-09-22,Thứ ba,13:00,3,5,2,14.5,Hoạt động
DV06,Xã Long Thành,2026-09-22,Thứ ba,14:00,3,7,0,6.6,Hoạt động
DV06,Xã Long Thành,2026-09-22,Thứ ba,15:00,3,7,1,12.9,Hoạt động
DV06,Xã Long Thành,2026-09-22,Thứ ba,16:00,3,4,2,8.2,Hoạt động
DV06,Xã Long Thành,2026-09-23,Thứ tư,07:00,3,3,2,12.1,Hoạt động
DV06,Xã Long Thành,2026-09-23,Thứ tư,08:00,3,10,2,11.2,Hoạt động
DV06,Xã Long Thành,2026-09-23,Thứ tư,09:00,3,9,1,12.4,Hoạt động
DV06,Xã Long Thành,2026-09-23,Thứ tư,10:00,3,9,2,7.7,Hoạt động
DV06,Xã Long Thành,2026-09-23,Thứ tư,11:00,3,6,3,7.9,Hoạt động
DV06,Xã Long Thành,2026-09-23,Thứ tư,13:00,3,6,1,11.6,Hoạt động
DV06,Xã Long Thành,2026-09-23,Thứ tư,14:00,3,7,1,8.7,Hoạt động
DV06,Xã Long Thành,2026-09-23,Thứ tư,15:00,3,7,1,11.0,Hoạt động
DV06,Xã Long Thành,2026-09-23,Thứ tư,16:00,3,5,2,7.2,Hoạt động
DV06,Xã Long Thành,2026-09-24,Thứ năm,07:00,3,6,3,12.4,Hoạt động
DV06,Xã Long Thành,2026-09-24,Thứ năm,08:00,3,9,1,8.3,Hoạt động
DV06,Xã Long Thành,2026-09-24,Thứ năm,09:00,3,9,2,6.8,Hoạt động
DV06,Xã Long Thành,2026-09-24,Thứ năm,10:00,3,8,1,11.1,Hoạt động
DV06,Xã Long Thành,2026-09-24,Thứ năm,11:00,3,5,3,8.2,Hoạt động
DV06,Xã Long Thành,2026-09-24,Thứ năm,13:00,3,5,2,4.0,Hoạt động
DV06,Xã Long Thành,2026-09-24,Thứ năm,14:00,3,8,1,10.1,Hoạt động
DV06,Xã Long Thành,2026-09-24,Thứ năm,15:00,3,7,2,9.7,Hoạt động
DV06,Xã Long Thành,2026-09-24,Thứ năm,16:00,3,5,2,10.7,Hoạt động
DV06,Xã Long Thành,2026-09-25,Thứ sáu,07:00,3,3,2,13.4,Hoạt động
DV06,Xã Long Thành,2026-09-25,Thứ sáu,08:00,3,9,3,9.5,Hoạt động
DV06,Xã Long Thành,2026-09-25,Thứ sáu,09:00,3,10,1,8.3,Hoạt động
DV06,Xã Long Thành,2026-09-25,Thứ sáu,10:00,3,7,1,8.0,Hoạt động
DV06,Xã Long Thành,2026-09-25,Thứ sáu,11:00,3,3,3,14.2,Hoạt động
DV06,Xã Long Thành,2026-09-25,Thứ sáu,13:00,3,5,2,8.6,Hoạt động
DV06,Xã Long Thành,2026-09-25,Thứ sáu,14:00,3,7,0,4.8,Hoạt động
DV06,Xã Long Thành,2026-09-25,Thứ sáu,15:00,3,7,1,10.9,Hoạt động
DV06,Xã Long Thành,2026-09-25,Thứ sáu,16:00,3,3,3,7.7,Hoạt động
DV07,Xã Phú Điền,2026-09-14,Thứ hai,07:00,2,3,1,6.5,Hoạt động
DV07,Xã Phú Điền,2026-09-14,Thứ hai,08:00,2,8,2,12.1,Hoạt động
DV07,Xã Phú Điền,2026-09-14,Thứ hai,09:00,2,7,2,13.4,Hoạt động
DV07,Xã Phú Điền,2026-09-14,Thứ hai,10:00,2,7,1,11.0,Hoạt động
DV07,Xã Phú Điền,2026-09-14,Thứ hai,11:00,2,4,0,6.9,Hoạt động
DV07,Xã Phú Điền,2026-09-14,Thứ hai,13:00,2,5,1,11.8,Hoạt động
DV07,Xã Phú Điền,2026-09-14,Thứ hai,14:00,2,6,2,6.6,Hoạt động
DV07,Xã Phú Điền,2026-09-14,Thứ hai,15:00,2,6,0,7.1,Hoạt động
DV07,Xã Phú Điền,2026-09-14,Thứ hai,16:00,2,3,2,7.6,Hoạt động
DV07,Xã Phú Điền,2026-09-15,Thứ ba,07:00,2,3,2,9.1,Hoạt động
DV07,Xã Phú Điền,2026-09-15,Thứ ba,08:00,2,6,0,10.3,Hoạt động
DV07,Xã Phú Điền,2026-09-15,Thứ ba,09:00,2,7,3,12.0,Hoạt động
DV07,Xã Phú Điền,2026-09-15,Thứ ba,10:00,2,5,3,9.7,Hoạt động
DV07,Xã Phú Điền,2026-09-15,Thứ ba,11:00,2,3,0,8.7,Hoạt động
DV07,Xã Phú Điền,2026-09-15,Thứ ba,13:00,2,3,1,8.4,Hoạt động
DV07,Xã Phú Điền,2026-09-15,Thứ ba,14:00,2,5,2,8.1,Hoạt động
DV07,Xã Phú Điền,2026-09-15,Thứ ba,15:00,2,4,1,10.9,Hoạt động
DV07,Xã Phú Điền,2026-09-15,Thứ ba,16:00,2,2,2,14.0,Hoạt động
DV07,Xã Phú Điền,2026-09-16,Thứ tư,07:00,2,3,2,8.8,Hoạt động
DV07,Xã Phú Điền,2026-09-16,Thứ tư,08:00,2,7,1,9.5,Hoạt động
DV07,Xã Phú Điền,2026-09-16,Thứ tư,09:00,2,7,3,11.3,Hoạt động
DV07,Xã Phú Điền,2026-09-16,Thứ tư,10:00,2,6,3,8.6,Hoạt động
DV07,Xã Phú Điền,2026-09-16,Thứ tư,11:00,2,3,0,7.8,Hoạt động
DV07,Xã Phú Điền,2026-09-16,Thứ tư,13:00,2,3,0,7.4,Hoạt động
DV07,Xã Phú Điền,2026-09-16,Thứ tư,14:00,2,4,2,10.8,Hoạt động
DV07,Xã Phú Điền,2026-09-16,Thứ tư,15:00,2,4,1,7.3,Hoạt động
DV07,Xã Phú Điền,2026-09-16,Thứ tư,16:00,2,3,3,7.7,Hoạt động
DV07,Xã Phú Điền,2026-09-17,Thứ năm,07:00,2,2,2,8.0,Hoạt động
DV07,Xã Phú Điền,2026-09-17,Thứ năm,08:00,2,5,3,7.8,Hoạt động
DV07,Xã Phú Điền,2026-09-17,Thứ năm,09:00,2,7,0,11.6,Hoạt động
DV07,Xã Phú Điền,2026-09-17,Thứ năm,10:00,2,5,0,11.5,Hoạt động
DV07,Xã Phú Điền,2026-09-17,Thứ năm,11:00,2,4,2,7.5,Hoạt động
DV07,Xã Phú Điền,2026-09-17,Thứ năm,13:00,2,4,3,10.2,Hoạt động
DV07,Xã Phú Điền,2026-09-17,Thứ năm,14:00,2,5,3,8.4,Hoạt động
DV07,Xã Phú Điền,2026-09-17,Thứ năm,15:00,2,5,2,10.9,Hoạt động
DV07,Xã Phú Điền,2026-09-17,Thứ năm,16:00,2,2,2,7.4,Hoạt động
DV07,Xã Phú Điền,2026-09-18,Thứ sáu,07:00,2,2,2,6.7,Hoạt động
DV07,Xã Phú Điền,2026-09-18,Thứ sáu,08:00,2,5,2,4.3,Hoạt động
DV07,Xã Phú Điền,2026-09-18,Thứ sáu,09:00,2,6,2,10.4,Hoạt động
DV07,Xã Phú Điền,2026-09-18,Thứ sáu,10:00,2,4,0,7.6,Hoạt động
DV07,Xã Phú Điền,2026-09-18,Thứ sáu,11:00,2,3,2,9.3,Hoạt động
DV07,Xã Phú Điền,2026-09-18,Thứ sáu,13:00,2,2,0,11.3,Hoạt động
DV07,Xã Phú Điền,2026-09-18,Thứ sáu,14:00,2,5,1,9.2,Hoạt động
DV07,Xã Phú Điền,2026-09-18,Thứ sáu,15:00,2,3,2,10.6,Hoạt động
DV07,Xã Phú Điền,2026-09-18,Thứ sáu,16:00,2,2,1,9.4,Hoạt động
DV07,Xã Phú Điền,2026-09-21,Thứ hai,07:00,2,3,2,9.3,Hoạt động
DV07,Xã Phú Điền,2026-09-21,Thứ hai,08:00,2,7,1,5.2,Hoạt động
DV07,Xã Phú Điền,2026-09-21,Thứ hai,09:00,2,8,2,6.5,Hoạt động
DV07,Xã Phú Điền,2026-09-21,Thứ hai,10:00,2,6,2,10.6,Hoạt động
DV07,Xã Phú Điền,2026-09-21,Thứ hai,11:00,2,3,2,11.0,Hoạt động
DV07,Xã Phú Điền,2026-09-21,Thứ hai,13:00,2,4,2,8.8,Hoạt động
DV07,Xã Phú Điền,2026-09-21,Thứ hai,14:00,2,6,1,9.2,Hoạt động
DV07,Xã Phú Điền,2026-09-21,Thứ hai,15:00,2,5,0,8.6,Hoạt động
DV07,Xã Phú Điền,2026-09-21,Thứ hai,16:00,2,4,1,10.3,Hoạt động
DV07,Xã Phú Điền,2026-09-22,Thứ ba,07:00,2,3,3,10.1,Hoạt động
DV07,Xã Phú Điền,2026-09-22,Thứ ba,08:00,2,6,0,5.0,Hoạt động
DV07,Xã Phú Điền,2026-09-22,Thứ ba,09:00,2,6,2,7.8,Hoạt động
DV07,Xã Phú Điền,2026-09-22,Thứ ba,10:00,2,5,1,9.8,Hoạt động
DV07,Xã Phú Điền,2026-09-22,Thứ ba,11:00,2,3,3,13.1,Hoạt động
DV07,Xã Phú Điền,2026-09-22,Thứ ba,13:00,2,3,0,8.5,Hoạt động
DV07,Xã Phú Điền,2026-09-22,Thứ ba,14:00,2,5,2,9.5,Hoạt động
DV07,Xã Phú Điền,2026-09-22,Thứ ba,15:00,2,5,2,9.9,Hoạt động
DV07,Xã Phú Điền,2026-09-22,Thứ ba,16:00,2,3,3,4.0,Hoạt động
DV07,Xã Phú Điền,2026-09-23,Thứ tư,07:00,2,3,3,10.0,Hoạt động
DV07,Xã Phú Điền,2026-09-23,Thứ tư,08:00,2,6,2,7.1,Hoạt động
DV07,Xã Phú Điền,2026-09-23,Thứ tư,09:00,2,6,2,10.5,Hoạt động
DV07,Xã Phú Điền,2026-09-23,Thứ tư,10:00,2,5,2,9.5,Hoạt động
DV07,Xã Phú Điền,2026-09-23,Thứ tư,11:00,2,3,2,15.0,Hoạt động
DV07,Xã Phú Điền,2026-09-23,Thứ tư,13:00,2,3,1,8.6,Hoạt động
DV07,Xã Phú Điền,2026-09-23,Thứ tư,14:00,2,6,0,7.0,Hoạt động
DV07,Xã Phú Điền,2026-09-23,Thứ tư,15:00,2,4,3,6.5,Hoạt động
DV07,Xã Phú Điền,2026-09-23,Thứ tư,16:00,2,3,2,10.6,Hoạt động
DV07,Xã Phú Điền,2026-09-24,Thứ năm,07:00,2,3,2,12.8,Hoạt động
DV07,Xã Phú Điền,2026-09-24,Thứ năm,08:00,2,6,2,4.0,Hoạt động
DV07,Xã Phú Điền,2026-09-24,Thứ năm,09:00,2,6,1,8.1,Hoạt động
DV07,Xã Phú Điền,2026-09-24,Thứ năm,10:00,2,5,2,5.5,Hoạt động
DV07,Xã Phú Điền,2026-09-24,Thứ năm,11:00,2,3,2,8.4,Hoạt động
DV07,Xã Phú Điền,2026-09-24,Thứ năm,13:00,2,4,1,10.0,Hoạt động
DV07,Xã Phú Điền,2026-09-24,Thứ năm,14:00,2,6,2,12.4,Hoạt động
DV07,Xã Phú Điền,2026-09-24,Thứ năm,15:00,2,5,0,8.4,Hoạt động
DV07,Xã Phú Điền,2026-09-24,Thứ năm,16:00,2,3,1,8.6,Hoạt động
DV07,Xã Phú Điền,2026-09-25,Thứ sáu,07:00,2,1,3,7.3,Hoạt động
DV07,Xã Phú Điền,2026-09-25,Thứ sáu,08:00,2,6,1,9.7,Hoạt động
DV07,Xã Phú Điền,2026-09-25,Thứ sáu,09:00,2,5,1,10.8,Hoạt động
DV07,Xã Phú Điền,2026-09-25,Thứ sáu,10:00,2,4,1,13.3,Hoạt động
DV07,Xã Phú Điền,2026-09-25,Thứ sáu,11:00,2,2,1,7.0,Hoạt động
DV07,Xã Phú Điền,2026-09-25,Thứ sáu,13:00,2,4,0,14.6,Hoạt động
DV07,Xã Phú Điền,2026-09-25,Thứ sáu,14:00,2,5,2,10.8,Hoạt động
DV07,Xã Phú Điền,2026-09-25,Thứ sáu,15:00,2,4,2,9.0,Hoạt động
DV07,Xã Phú Điền,2026-09-25,Thứ sáu,16:00,2,2,2,7.4,Hoạt động
DV08,Xã Vĩnh Lộc,2026-09-14,Thứ hai,07:00,2,3,2,10.1,Hoạt động
DV08,Xã Vĩnh Lộc,2026-09-14,Thứ hai,08:00,2,10,5,23.8,Hoạt động
DV08,Xã Vĩnh Lộc,2026-09-14,Thứ hai,09:00,2,11,8,40.6,Hoạt động
DV08,Xã Vĩnh Lộc,2026-09-14,Thứ hai,10:00,2,8,5,47.4,Hoạt động
DV08,Xã Vĩnh Lộc,2026-09-14,Thứ hai,11:00,2,6,3,29.5,Hoạt động
DV08,Xã Vĩnh Lộc,2026-09-14,Thứ hai,13:00,2,4,0,7.3,Hoạt động
DV08,Xã Vĩnh Lộc,2026-09-14,Thứ hai,14:00,2,7,1,10.4,Hoạt động
DV08,Xã Vĩnh Lộc,2026-09-14,Thứ hai,15:00,2,7,1,7.6,Hoạt động
DV08,Xã Vĩnh Lộc,2026-09-14,Thứ hai,16:00,2,5,2,10.7,Hoạt động
DV08,Xã Vĩnh Lộc,2026-09-15,Thứ ba,07:00,2,4,3,8.9,Hoạt động
DV08,Xã Vĩnh Lộc,2026-09-15,Thứ ba,08:00,2,8,3,11.4,Hoạt động
DV08,Xã Vĩnh Lộc,2026-09-15,Thứ ba,09:00,2,9,4,17.8,Hoạt động
DV08,Xã Vĩnh Lộc,2026-09-15,Thứ ba,10:00,2,6,2,9.9,Hoạt động
DV08,Xã Vĩnh Lộc,2026-09-15,Thứ ba,11:00,2,3,2,12.5,Hoạt động
DV08,Xã Vĩnh Lộc,2026-09-15,Thứ ba,13:00,2,3,1,9.4,Hoạt động
DV08,Xã Vĩnh Lộc,2026-09-15,Thứ ba,14:00,2,6,0,9.2,Hoạt động
DV08,Xã Vĩnh Lộc,2026-09-15,Thứ ba,15:00,2,5,1,11.7,Hoạt động
DV08,Xã Vĩnh Lộc,2026-09-15,Thứ ba,16:00,2,3,2,7.1,Hoạt động
DV08,Xã Vĩnh Lộc,2026-09-16,Thứ tư,07:00,2,3,0,8.8,Hoạt động
DV08,Xã Vĩnh Lộc,2026-09-16,Thứ tư,08:00,2,7,1,12.7,Hoạt động
DV08,Xã Vĩnh Lộc,2026-09-16,Thứ tư,09:00,2,8,1,6.2,Hoạt động
DV08,Xã Vĩnh Lộc,2026-09-16,Thứ tư,10:00,2,7,1,9.2,Hoạt động
DV08,Xã Vĩnh Lộc,2026-09-16,Thứ tư,11:00,2,4,1,6.2,Hoạt động
DV08,Xã Vĩnh Lộc,2026-09-16,Thứ tư,13:00,2,3,0,7.6,Hoạt động
DV08,Xã Vĩnh Lộc,2026-09-16,Thứ tư,14:00,2,6,3,5.9,Hoạt động
DV08,Xã Vĩnh Lộc,2026-09-16,Thứ tư,15:00,2,5,0,9.5,Hoạt động
DV08,Xã Vĩnh Lộc,2026-09-16,Thứ tư,16:00,2,4,1,10.8,Hoạt động
DV08,Xã Vĩnh Lộc,2026-09-17,Thứ năm,07:00,2,3,2,11.5,Hoạt động
DV08,Xã Vĩnh Lộc,2026-09-17,Thứ năm,08:00,2,6,1,9.8,Hoạt động
DV08,Xã Vĩnh Lộc,2026-09-17,Thứ năm,09:00,2,7,2,7.9,Hoạt động
DV08,Xã Vĩnh Lộc,2026-09-17,Thứ năm,10:00,2,7,2,8.8,Hoạt động
DV08,Xã Vĩnh Lộc,2026-09-17,Thứ năm,11:00,2,3,0,9.0,Hoạt động
DV08,Xã Vĩnh Lộc,2026-09-17,Thứ năm,13:00,2,5,0,6.9,Hoạt động
DV08,Xã Vĩnh Lộc,2026-09-17,Thứ năm,14:00,2,7,1,10.9,Hoạt động
DV08,Xã Vĩnh Lộc,2026-09-17,Thứ năm,15:00,2,4,2,10.2,Hoạt động
DV08,Xã Vĩnh Lộc,2026-09-17,Thứ năm,16:00,2,3,2,4.0,Hoạt động
DV08,Xã Vĩnh Lộc,2026-09-18,Thứ sáu,07:00,2,3,2,8.3,Hoạt động
DV08,Xã Vĩnh Lộc,2026-09-18,Thứ sáu,08:00,2,6,1,6.2,Hoạt động
DV08,Xã Vĩnh Lộc,2026-09-18,Thứ sáu,09:00,2,7,2,10.0,Hoạt động
DV08,Xã Vĩnh Lộc,2026-09-18,Thứ sáu,10:00,2,5,2,5.5,Hoạt động
DV08,Xã Vĩnh Lộc,2026-09-18,Thứ sáu,11:00,2,3,2,14.9,Hoạt động
DV08,Xã Vĩnh Lộc,2026-09-18,Thứ sáu,13:00,2,3,1,10.1,Hoạt động
DV08,Xã Vĩnh Lộc,2026-09-18,Thứ sáu,14:00,2,6,0,14.1,Hoạt động
DV08,Xã Vĩnh Lộc,2026-09-18,Thứ sáu,15:00,2,5,1,12.3,Hoạt động
DV08,Xã Vĩnh Lộc,2026-09-18,Thứ sáu,16:00,2,3,0,14.1,Hoạt động
DV08,Xã Vĩnh Lộc,2026-09-21,Thứ hai,07:00,2,3,3,12.2,Hoạt động
DV08,Xã Vĩnh Lộc,2026-09-21,Thứ hai,08:00,2,9,1,14.0,Hoạt động
DV08,Xã Vĩnh Lộc,2026-09-21,Thứ hai,09:00,2,11,6,43.3,Hoạt động
DV08,Xã Vĩnh Lộc,2026-09-21,Thứ hai,10:00,2,7,4,31.0,Hoạt động
DV08,Xã Vĩnh Lộc,2026-09-21,Thứ hai,11:00,2,5,1,7.9,Hoạt động
DV08,Xã Vĩnh Lộc,2026-09-21,Thứ hai,13:00,2,5,2,10.9,Hoạt động
DV08,Xã Vĩnh Lộc,2026-09-21,Thứ hai,14:00,2,7,0,10.0,Hoạt động
DV08,Xã Vĩnh Lộc,2026-09-21,Thứ hai,15:00,2,7,0,7.0,Hoạt động
DV08,Xã Vĩnh Lộc,2026-09-21,Thứ hai,16:00,2,4,1,4.7,Hoạt động
DV08,Xã Vĩnh Lộc,2026-09-22,Thứ ba,07:00,2,4,1,6.2,Hoạt động
DV08,Xã Vĩnh Lộc,2026-09-22,Thứ ba,08:00,2,7,0,9.5,Hoạt động
DV08,Xã Vĩnh Lộc,2026-09-22,Thứ ba,09:00,2,8,1,4.0,Hoạt động
DV08,Xã Vĩnh Lộc,2026-09-22,Thứ ba,10:00,2,6,1,6.1,Hoạt động
DV08,Xã Vĩnh Lộc,2026-09-22,Thứ ba,11:00,2,4,2,12.7,Hoạt động
DV08,Xã Vĩnh Lộc,2026-09-22,Thứ ba,13:00,2,3,0,4.2,Hoạt động
DV08,Xã Vĩnh Lộc,2026-09-22,Thứ ba,14:00,2,5,3,6.7,Hoạt động
DV08,Xã Vĩnh Lộc,2026-09-22,Thứ ba,15:00,2,6,0,13.6,Hoạt động
DV08,Xã Vĩnh Lộc,2026-09-22,Thứ ba,16:00,2,4,2,10.7,Hoạt động
DV08,Xã Vĩnh Lộc,2026-09-23,Thứ tư,07:00,2,2,3,4.0,Hoạt động
DV08,Xã Vĩnh Lộc,2026-09-23,Thứ tư,08:00,2,7,2,9.7,Hoạt động
DV08,Xã Vĩnh Lộc,2026-09-23,Thứ tư,09:00,2,6,1,8.9,Hoạt động
DV08,Xã Vĩnh Lộc,2026-09-23,Thứ tư,10:00,2,5,1,8.2,Hoạt động
DV08,Xã Vĩnh Lộc,2026-09-23,Thứ tư,11:00,2,3,2,7.2,Hoạt động
DV08,Xã Vĩnh Lộc,2026-09-23,Thứ tư,13:00,2,3,2,5.9,Hoạt động
DV08,Xã Vĩnh Lộc,2026-09-23,Thứ tư,14:00,2,7,2,10.4,Hoạt động
DV08,Xã Vĩnh Lộc,2026-09-23,Thứ tư,15:00,2,6,1,12.1,Hoạt động
DV08,Xã Vĩnh Lộc,2026-09-23,Thứ tư,16:00,2,4,0,7.0,Hoạt động
DV08,Xã Vĩnh Lộc,2026-09-24,Thứ năm,07:00,2,3,0,7.4,Hoạt động
DV08,Xã Vĩnh Lộc,2026-09-24,Thứ năm,08:00,2,7,1,10.9,Hoạt động
DV08,Xã Vĩnh Lộc,2026-09-24,Thứ năm,09:00,2,9,1,16.2,Hoạt động
DV08,Xã Vĩnh Lộc,2026-09-24,Thứ năm,10:00,2,6,0,10.2,Hoạt động
DV08,Xã Vĩnh Lộc,2026-09-24,Thứ năm,11:00,2,4,0,10.2,Hoạt động
DV08,Xã Vĩnh Lộc,2026-09-24,Thứ năm,13:00,2,3,0,8.5,Hoạt động
DV08,Xã Vĩnh Lộc,2026-09-24,Thứ năm,14:00,2,6,2,8.1,Hoạt động
DV08,Xã Vĩnh Lộc,2026-09-24,Thứ năm,15:00,2,5,3,4.0,Hoạt động
DV08,Xã Vĩnh Lộc,2026-09-24,Thứ năm,16:00,2,3,1,6.6,Hoạt động
DV08,Xã Vĩnh Lộc,2026-09-25,Thứ sáu,07:00,2,3,2,13.8,Hoạt động
DV08,Xã Vĩnh Lộc,2026-09-25,Thứ sáu,08:00,2,7,1,13.1,Hoạt động
DV08,Xã Vĩnh Lộc,2026-09-25,Thứ sáu,09:00,2,8,3,11.2,Hoạt động
DV08,Xã Vĩnh Lộc,2026-09-25,Thứ sáu,10:00,2,5,1,9.4,Hoạt động
DV08,Xã Vĩnh Lộc,2026-09-25,Thứ sáu,11:00,2,3,1,7.3,Hoạt động
DV08,Xã Vĩnh Lộc,2026-09-25,Thứ sáu,13:00,2,3,1,7.6,Hoạt động
DV08,Xã Vĩnh Lộc,2026-09-25,Thứ sáu,14:00,2,5,1,11.0,Hoạt động
DV08,Xã Vĩnh Lộc,2026-09-25,Thứ sáu,15:00,2,4,1,7.8,Hoạt động
DV08,Xã Vĩnh Lộc,2026-09-25,Thứ sáu,16:00,2,3,1,8.1,Hoạt động
DV09,Xã An Cư,2026-09-14,Thứ hai,07:00,2,3,0,6.8,Hoạt động
DV09,Xã An Cư,2026-09-14,Thứ hai,08:00,2,7,3,8.9,Hoạt động
DV09,Xã An Cư,2026-09-14,Thứ hai,09:00,2,7,2,9.5,Hoạt động
DV09,Xã An Cư,2026-09-14,Thứ hai,10:00,2,5,3,11.8,Hoạt động
DV09,Xã An Cư,2026-09-14,Thứ hai,11:00,2,4,2,5.9,Hoạt động
DV09,Xã An Cư,2026-09-14,Thứ hai,13:00,2,4,0,10.2,Hoạt động
DV09,Xã An Cư,2026-09-14,Thứ hai,14:00,2,5,2,8.7,Hoạt động
DV09,Xã An Cư,2026-09-14,Thứ hai,15:00,2,5,3,10.0,Hoạt động
DV09,Xã An Cư,2026-09-14,Thứ hai,16:00,2,3,1,9.0,Hoạt động
DV09,Xã An Cư,2026-09-15,Thứ ba,07:00,2,2,2,8.5,Hoạt động
DV09,Xã An Cư,2026-09-15,Thứ ba,08:00,2,6,3,10.5,Hoạt động
DV09,Xã An Cư,2026-09-15,Thứ ba,09:00,2,5,1,7.6,Hoạt động
DV09,Xã An Cư,2026-09-15,Thứ ba,10:00,2,4,1,12.6,Hoạt động
DV09,Xã An Cư,2026-09-15,Thứ ba,11:00,2,2,1,11.9,Hoạt động
DV09,Xã An Cư,2026-09-15,Thứ ba,13:00,2,4,2,10.1,Hoạt động
DV09,Xã An Cư,2026-09-15,Thứ ba,14:00,2,5,0,7.6,Hoạt động
DV09,Xã An Cư,2026-09-15,Thứ ba,15:00,2,4,3,12.3,Hoạt động
DV09,Xã An Cư,2026-09-15,Thứ ba,16:00,2,2,2,10.2,Hoạt động
DV09,Xã An Cư,2026-09-16,Thứ tư,07:00,2,2,2,7.1,Hoạt động
DV09,Xã An Cư,2026-09-16,Thứ tư,08:00,2,6,3,8.1,Hoạt động
DV09,Xã An Cư,2026-09-16,Thứ tư,09:00,2,6,2,9.2,Hoạt động
DV09,Xã An Cư,2026-09-16,Thứ tư,10:00,2,5,2,7.7,Hoạt động
DV09,Xã An Cư,2026-09-16,Thứ tư,11:00,2,3,1,11.0,Hoạt động
DV09,Xã An Cư,2026-09-16,Thứ tư,13:00,2,3,1,10.6,Hoạt động
DV09,Xã An Cư,2026-09-16,Thứ tư,14:00,2,5,1,8.6,Hoạt động
DV09,Xã An Cư,2026-09-16,Thứ tư,15:00,2,3,2,12.4,Hoạt động
DV09,Xã An Cư,2026-09-16,Thứ tư,16:00,2,2,2,10.3,Hoạt động
DV09,Xã An Cư,2026-09-17,Thứ năm,07:00,2,,,,Mất kết nối
DV09,Xã An Cư,2026-09-17,Thứ năm,08:00,2,,,,Mất kết nối
DV09,Xã An Cư,2026-09-17,Thứ năm,09:00,2,,,,Mất kết nối
DV09,Xã An Cư,2026-09-17,Thứ năm,10:00,2,,,,Mất kết nối
DV09,Xã An Cư,2026-09-17,Thứ năm,11:00,2,,,,Mất kết nối
DV09,Xã An Cư,2026-09-17,Thứ năm,13:00,2,,,,Mất kết nối
DV09,Xã An Cư,2026-09-17,Thứ năm,14:00,2,,,,Mất kết nối
DV09,Xã An Cư,2026-09-17,Thứ năm,15:00,2,,,,Mất kết nối
DV09,Xã An Cư,2026-09-17,Thứ năm,16:00,2,,,,Mất kết nối
DV09,Xã An Cư,2026-09-18,Thứ sáu,07:00,2,1,2,8.6,Hoạt động
DV09,Xã An Cư,2026-09-18,Thứ sáu,08:00,2,4,3,7.1,Hoạt động
DV09,Xã An Cư,2026-09-18,Thứ sáu,09:00,2,5,0,4.0,Hoạt động
DV09,Xã An Cư,2026-09-18,Thứ sáu,10:00,2,4,1,6.9,Hoạt động
DV09,Xã An Cư,2026-09-18,Thứ sáu,11:00,2,2,0,6.6,Hoạt động
DV09,Xã An Cư,2026-09-18,Thứ sáu,13:00,2,3,2,8.4,Hoạt động
DV09,Xã An Cư,2026-09-18,Thứ sáu,14:00,2,4,2,10.4,Hoạt động
DV09,Xã An Cư,2026-09-18,Thứ sáu,15:00,2,4,1,7.3,Hoạt động
DV09,Xã An Cư,2026-09-18,Thứ sáu,16:00,2,1,2,11.0,Hoạt động
DV09,Xã An Cư,2026-09-21,Thứ hai,07:00,2,3,3,11.8,Hoạt động
DV09,Xã An Cư,2026-09-21,Thứ hai,08:00,2,6,1,8.2,Hoạt động
DV09,Xã An Cư,2026-09-21,Thứ hai,09:00,2,7,0,9.7,Hoạt động
DV09,Xã An Cư,2026-09-21,Thứ hai,10:00,2,4,2,10.7,Hoạt động
DV09,Xã An Cư,2026-09-21,Thứ hai,11:00,2,3,0,12.4,Hoạt động
DV09,Xã An Cư,2026-09-21,Thứ hai,13:00,2,4,0,8.9,Hoạt động
DV09,Xã An Cư,2026-09-21,Thứ hai,14:00,2,6,2,8.2,Hoạt động
DV09,Xã An Cư,2026-09-21,Thứ hai,15:00,2,5,0,8.9,Hoạt động
DV09,Xã An Cư,2026-09-21,Thứ hai,16:00,2,3,1,4.7,Hoạt động
DV09,Xã An Cư,2026-09-22,Thứ ba,07:00,2,2,1,10.9,Hoạt động
DV09,Xã An Cư,2026-09-22,Thứ ba,08:00,2,4,2,4.3,Hoạt động
DV09,Xã An Cư,2026-09-22,Thứ ba,09:00,2,5,0,12.2,Hoạt động
DV09,Xã An Cư,2026-09-22,Thứ ba,10:00,2,5,1,7.3,Hoạt động
DV09,Xã An Cư,2026-09-22,Thứ ba,11:00,2,3,3,6.7,Hoạt động
DV09,Xã An Cư,2026-09-22,Thứ ba,13:00,2,2,3,11.8,Hoạt động
DV09,Xã An Cư,2026-09-22,Thứ ba,14:00,2,5,2,6.5,Hoạt động
DV09,Xã An Cư,2026-09-22,Thứ ba,15:00,2,5,3,12.3,Hoạt động
DV09,Xã An Cư,2026-09-22,Thứ ba,16:00,2,2,1,7.9,Hoạt động
DV09,Xã An Cư,2026-09-23,Thứ tư,07:00,2,3,1,7.8,Hoạt động
DV09,Xã An Cư,2026-09-23,Thứ tư,08:00,2,6,0,7.4,Hoạt động
DV09,Xã An Cư,2026-09-23,Thứ tư,09:00,2,5,3,7.3,Hoạt động
DV09,Xã An Cư,2026-09-23,Thứ tư,10:00,2,4,1,11.4,Hoạt động
DV09,Xã An Cư,2026-09-23,Thứ tư,11:00,2,3,3,11.6,Hoạt động
DV09,Xã An Cư,2026-09-23,Thứ tư,13:00,2,3,3,11.2,Hoạt động
DV09,Xã An Cư,2026-09-23,Thứ tư,14:00,2,5,3,13.2,Hoạt động
DV09,Xã An Cư,2026-09-23,Thứ tư,15:00,2,4,2,14.2,Hoạt động
DV09,Xã An Cư,2026-09-23,Thứ tư,16:00,2,3,1,12.6,Hoạt động
DV09,Xã An Cư,2026-09-24,Thứ năm,07:00,2,2,2,8.5,Hoạt động
DV09,Xã An Cư,2026-09-24,Thứ năm,08:00,2,5,1,8.2,Hoạt động
DV09,Xã An Cư,2026-09-24,Thứ năm,09:00,2,6,3,7.0,Hoạt động
DV09,Xã An Cư,2026-09-24,Thứ năm,10:00,2,5,2,13.5,Hoạt động
DV09,Xã An Cư,2026-09-24,Thứ năm,11:00,2,3,2,10.0,Hoạt động
DV09,Xã An Cư,2026-09-24,Thứ năm,13:00,2,3,1,5.2,Hoạt động
DV09,Xã An Cư,2026-09-24,Thứ năm,14:00,2,5,0,10.5,Hoạt động
DV09,Xã An Cư,2026-09-24,Thứ năm,15:00,2,4,2,7.2,Hoạt động
DV09,Xã An Cư,2026-09-24,Thứ năm,16:00,2,2,1,10.0,Hoạt động
DV09,Xã An Cư,2026-09-25,Thứ sáu,07:00,2,3,2,5.1,Hoạt động
DV09,Xã An Cư,2026-09-25,Thứ sáu,08:00,2,5,3,12.1,Hoạt động
DV09,Xã An Cư,2026-09-25,Thứ sáu,09:00,2,4,2,9.5,Hoạt động
DV09,Xã An Cư,2026-09-25,Thứ sáu,10:00,2,4,0,8.0,Hoạt động
DV09,Xã An Cư,2026-09-25,Thứ sáu,11:00,2,3,0,5.6,Hoạt động
DV09,Xã An Cư,2026-09-25,Thứ sáu,13:00,2,2,2,4.9,Hoạt động
DV09,Xã An Cư,2026-09-25,Thứ sáu,14:00,2,4,0,6.1,Hoạt động
DV09,Xã An Cư,2026-09-25,Thứ sáu,15:00,2,4,2,8.5,Hoạt động
DV09,Xã An Cư,2026-09-25,Thứ sáu,16:00,2,3,2,6.9,Hoạt động
DV10,Xã Thanh Sơn,2026-09-14,Thứ hai,07:00,2,3,0,13.6,Hoạt động
DV10,Xã Thanh Sơn,2026-09-14,Thứ hai,08:00,2,6,1,11.0,Hoạt động
DV10,Xã Thanh Sơn,2026-09-14,Thứ hai,09:00,2,6,0,7.6,Hoạt động
DV10,Xã Thanh Sơn,2026-09-14,Thứ hai,10:00,2,5,2,9.5,Hoạt động
DV10,Xã Thanh Sơn,2026-09-14,Thứ hai,11:00,2,3,2,12.5,Hoạt động
DV10,Xã Thanh Sơn,2026-09-14,Thứ hai,13:00,2,3,2,13.7,Hoạt động
DV10,Xã Thanh Sơn,2026-09-14,Thứ hai,14:00,2,5,1,8.0,Hoạt động
DV10,Xã Thanh Sơn,2026-09-14,Thứ hai,15:00,2,5,3,10.2,Hoạt động
DV10,Xã Thanh Sơn,2026-09-14,Thứ hai,16:00,2,2,0,9.8,Hoạt động
DV10,Xã Thanh Sơn,2026-09-15,Thứ ba,07:00,2,2,1,12.2,Hoạt động
DV10,Xã Thanh Sơn,2026-09-15,Thứ ba,08:00,2,5,2,8.9,Hoạt động
DV10,Xã Thanh Sơn,2026-09-15,Thứ ba,09:00,2,6,3,12.6,Hoạt động
DV10,Xã Thanh Sơn,2026-09-15,Thứ ba,10:00,2,4,2,8.9,Hoạt động
DV10,Xã Thanh Sơn,2026-09-15,Thứ ba,11:00,2,3,1,6.5,Hoạt động
DV10,Xã Thanh Sơn,2026-09-15,Thứ ba,13:00,2,2,2,8.4,Hoạt động
DV10,Xã Thanh Sơn,2026-09-15,Thứ ba,14:00,2,3,2,10.6,Hoạt động
DV10,Xã Thanh Sơn,2026-09-15,Thứ ba,15:00,2,4,3,9.8,Hoạt động
DV10,Xã Thanh Sơn,2026-09-15,Thứ ba,16:00,2,2,2,10.5,Hoạt động
DV10,Xã Thanh Sơn,2026-09-16,Thứ tư,07:00,2,2,3,10.5,Hoạt động
DV10,Xã Thanh Sơn,2026-09-16,Thứ tư,08:00,2,5,2,10.2,Hoạt động
DV10,Xã Thanh Sơn,2026-09-16,Thứ tư,09:00,2,5,2,8.2,Hoạt động
DV10,Xã Thanh Sơn,2026-09-16,Thứ tư,10:00,2,3,0,6.3,Hoạt động
DV10,Xã Thanh Sơn,2026-09-16,Thứ tư,11:00,2,2,1,11.1,Hoạt động
DV10,Xã Thanh Sơn,2026-09-16,Thứ tư,13:00,2,3,1,7.1,Hoạt động
DV10,Xã Thanh Sơn,2026-09-16,Thứ tư,14:00,2,4,3,8.7,Hoạt động
DV10,Xã Thanh Sơn,2026-09-16,Thứ tư,15:00,2,4,1,8.9,Hoạt động
DV10,Xã Thanh Sơn,2026-09-16,Thứ tư,16:00,2,1,2,7.6,Hoạt động
DV10,Xã Thanh Sơn,2026-09-17,Thứ năm,07:00,2,2,2,8.2,Hoạt động
DV10,Xã Thanh Sơn,2026-09-17,Thứ năm,08:00,2,4,0,6.2,Hoạt động
DV10,Xã Thanh Sơn,2026-09-17,Thứ năm,09:00,2,5,3,7.4,Hoạt động
DV10,Xã Thanh Sơn,2026-09-17,Thứ năm,10:00,2,4,2,8.3,Hoạt động
DV10,Xã Thanh Sơn,2026-09-17,Thứ năm,11:00,2,2,0,11.0,Hoạt động
DV10,Xã Thanh Sơn,2026-09-17,Thứ năm,13:00,2,3,2,8.8,Hoạt động
DV10,Xã Thanh Sơn,2026-09-17,Thứ năm,14:00,2,4,3,10.2,Hoạt động
DV10,Xã Thanh Sơn,2026-09-17,Thứ năm,15:00,2,4,3,13.1,Hoạt động
DV10,Xã Thanh Sơn,2026-09-17,Thứ năm,16:00,2,2,2,13.0,Hoạt động
DV10,Xã Thanh Sơn,2026-09-18,Thứ sáu,07:00,2,2,2,8.9,Hoạt động
DV10,Xã Thanh Sơn,2026-09-18,Thứ sáu,08:00,2,4,2,6.2,Hoạt động
DV10,Xã Thanh Sơn,2026-09-18,Thứ sáu,09:00,2,5,3,6.3,Hoạt động
DV10,Xã Thanh Sơn,2026-09-18,Thứ sáu,10:00,2,3,2,5.6,Hoạt động
DV10,Xã Thanh Sơn,2026-09-18,Thứ sáu,11:00,2,3,3,4.0,Hoạt động
DV10,Xã Thanh Sơn,2026-09-18,Thứ sáu,13:00,2,2,1,10.7,Hoạt động
DV10,Xã Thanh Sơn,2026-09-18,Thứ sáu,14:00,2,3,2,9.7,Hoạt động
DV10,Xã Thanh Sơn,2026-09-18,Thứ sáu,15:00,2,3,2,11.6,Hoạt động
DV10,Xã Thanh Sơn,2026-09-18,Thứ sáu,16:00,2,3,1,9.1,Hoạt động
DV10,Xã Thanh Sơn,2026-09-21,Thứ hai,07:00,2,2,0,8.1,Hoạt động
DV10,Xã Thanh Sơn,2026-09-21,Thứ hai,08:00,2,6,2,4.0,Hoạt động
DV10,Xã Thanh Sơn,2026-09-21,Thứ hai,09:00,2,7,3,9.9,Hoạt động
DV10,Xã Thanh Sơn,2026-09-21,Thứ hai,10:00,2,6,1,10.9,Hoạt động
DV10,Xã Thanh Sơn,2026-09-21,Thứ hai,11:00,2,4,2,11.1,Hoạt động
DV10,Xã Thanh Sơn,2026-09-21,Thứ hai,13:00,2,4,2,10.9,Hoạt động
DV10,Xã Thanh Sơn,2026-09-21,Thứ hai,14:00,2,5,2,9.7,Hoạt động
DV10,Xã Thanh Sơn,2026-09-21,Thứ hai,15:00,2,4,1,7.2,Hoạt động
DV10,Xã Thanh Sơn,2026-09-21,Thứ hai,16:00,2,3,2,4.0,Hoạt động
DV10,Xã Thanh Sơn,2026-09-22,Thứ ba,07:00,2,2,1,9.1,Hoạt động
DV10,Xã Thanh Sơn,2026-09-22,Thứ ba,08:00,2,5,1,6.2,Hoạt động
DV10,Xã Thanh Sơn,2026-09-22,Thứ ba,09:00,2,5,3,9.3,Hoạt động
DV10,Xã Thanh Sơn,2026-09-22,Thứ ba,10:00,2,5,3,4.9,Hoạt động
DV10,Xã Thanh Sơn,2026-09-22,Thứ ba,11:00,2,3,3,9.5,Hoạt động
DV10,Xã Thanh Sơn,2026-09-22,Thứ ba,13:00,2,3,0,4.0,Hoạt động
DV10,Xã Thanh Sơn,2026-09-22,Thứ ba,14:00,2,4,0,8.2,Hoạt động
DV10,Xã Thanh Sơn,2026-09-22,Thứ ba,15:00,2,4,2,11.8,Hoạt động
DV10,Xã Thanh Sơn,2026-09-22,Thứ ba,16:00,2,3,1,8.9,Hoạt động
DV10,Xã Thanh Sơn,2026-09-23,Thứ tư,07:00,2,2,1,6.7,Hoạt động
DV10,Xã Thanh Sơn,2026-09-23,Thứ tư,08:00,2,5,1,15.1,Hoạt động
DV10,Xã Thanh Sơn,2026-09-23,Thứ tư,09:00,2,5,2,4.0,Hoạt động
DV10,Xã Thanh Sơn,2026-09-23,Thứ tư,10:00,2,4,3,11.7,Hoạt động
DV10,Xã Thanh Sơn,2026-09-23,Thứ tư,11:00,2,2,1,7.5,Hoạt động
DV10,Xã Thanh Sơn,2026-09-23,Thứ tư,13:00,2,3,2,8.5,Hoạt động
DV10,Xã Thanh Sơn,2026-09-23,Thứ tư,14:00,2,4,2,4.9,Hoạt động
DV10,Xã Thanh Sơn,2026-09-23,Thứ tư,15:00,2,4,1,14.0,Hoạt động
DV10,Xã Thanh Sơn,2026-09-23,Thứ tư,16:00,2,3,1,11.2,Hoạt động
DV10,Xã Thanh Sơn,2026-09-24,Thứ năm,07:00,2,1,0,7.9,Hoạt động
DV10,Xã Thanh Sơn,2026-09-24,Thứ năm,08:00,2,5,1,6.9,Hoạt động
DV10,Xã Thanh Sơn,2026-09-24,Thứ năm,09:00,2,6,2,12.6,Hoạt động
DV10,Xã Thanh Sơn,2026-09-24,Thứ năm,10:00,2,3,1,11.4,Hoạt động
DV10,Xã Thanh Sơn,2026-09-24,Thứ năm,11:00,2,3,3,11.1,Hoạt động
DV10,Xã Thanh Sơn,2026-09-24,Thứ năm,13:00,2,3,0,7.3,Hoạt động
DV10,Xã Thanh Sơn,2026-09-24,Thứ năm,14:00,2,4,1,11.8,Hoạt động
DV10,Xã Thanh Sơn,2026-09-24,Thứ năm,15:00,2,4,0,8.5,Hoạt động
DV10,Xã Thanh Sơn,2026-09-24,Thứ năm,16:00,2,2,2,5.1,Hoạt động
DV10,Xã Thanh Sơn,2026-09-25,Thứ sáu,07:00,2,2,3,5.6,Hoạt động
DV10,Xã Thanh Sơn,2026-09-25,Thứ sáu,08:00,2,4,1,8.3,Hoạt động
DV10,Xã Thanh Sơn,2026-09-25,Thứ sáu,09:00,2,5,2,10.9,Hoạt động
DV10,Xã Thanh Sơn,2026-09-25,Thứ sáu,10:00,2,3,3,7.9,Hoạt động
DV10,Xã Thanh Sơn,2026-09-25,Thứ sáu,11:00,2,1,3,6.3,Hoạt động
DV10,Xã Thanh Sơn,2026-09-25,Thứ sáu,13:00,2,2,3,5.9,Hoạt động
DV10,Xã Thanh Sơn,2026-09-25,Thứ sáu,14:00,2,4,2,7.6,Hoạt động
DV10,Xã Thanh Sơn,2026-09-25,Thứ sáu,15:00,2,3,1,10.9,Hoạt động
DV10,Xã Thanh Sơn,2026-09-25,Thứ sáu,16:00,2,2,3,14.1,Hoạt động
DV11,Xã Mỹ Khánh,2026-09-14,Thứ hai,07:00,3,4,2,6.7,Hoạt động
DV11,Xã Mỹ Khánh,2026-09-14,Thứ hai,08:00,3,10,0,12.0,Hoạt động
DV11,Xã Mỹ Khánh,2026-09-14,Thứ hai,09:00,3,12,3,10.0,Hoạt động
DV11,Xã Mỹ Khánh,2026-09-14,Thứ hai,10:00,3,11,2,9.3,Hoạt động
DV11,Xã Mỹ Khánh,2026-09-14,Thứ hai,11:00,3,6,2,10.1,Hoạt động
DV11,Xã Mỹ Khánh,2026-09-14,Thứ hai,13:00,3,6,3,8.2,Hoạt động
DV11,Xã Mỹ Khánh,2026-09-14,Thứ hai,14:00,3,9,3,12.4,Hoạt động
DV11,Xã Mỹ Khánh,2026-09-14,Thứ hai,15:00,3,6,2,12.7,Hoạt động
DV11,Xã Mỹ Khánh,2026-09-14,Thứ hai,16:00,3,5,2,5.9,Hoạt động
DV11,Xã Mỹ Khánh,2026-09-15,Thứ ba,07:00,3,4,1,7.0,Hoạt động
DV11,Xã Mỹ Khánh,2026-09-15,Thứ ba,08:00,3,10,1,7.6,Hoạt động
DV11,Xã Mỹ Khánh,2026-09-15,Thứ ba,09:00,3,9,2,4.0,Hoạt động
DV11,Xã Mỹ Khánh,2026-09-15,Thứ ba,10:00,3,7,1,4.4,Hoạt động
DV11,Xã Mỹ Khánh,2026-09-15,Thứ ba,11:00,3,4,1,7.2,Hoạt động
DV11,Xã Mỹ Khánh,2026-09-15,Thứ ba,13:00,3,5,3,11.7,Hoạt động
DV11,Xã Mỹ Khánh,2026-09-15,Thứ ba,14:00,3,8,3,15.0,Hoạt động
DV11,Xã Mỹ Khánh,2026-09-15,Thứ ba,15:00,3,6,3,7.8,Hoạt động
DV11,Xã Mỹ Khánh,2026-09-15,Thứ ba,16:00,3,2,1,10.4,Hoạt động
DV11,Xã Mỹ Khánh,2026-09-16,Thứ tư,07:00,3,4,2,6.6,Hoạt động
DV11,Xã Mỹ Khánh,2026-09-16,Thứ tư,08:00,3,8,1,5.4,Hoạt động
DV11,Xã Mỹ Khánh,2026-09-16,Thứ tư,09:00,3,9,2,11.7,Hoạt động
DV11,Xã Mỹ Khánh,2026-09-16,Thứ tư,10:00,3,7,2,11.5,Hoạt động
DV11,Xã Mỹ Khánh,2026-09-16,Thứ tư,11:00,3,6,1,12.2,Hoạt động
DV11,Xã Mỹ Khánh,2026-09-16,Thứ tư,13:00,3,5,1,10.2,Hoạt động
DV11,Xã Mỹ Khánh,2026-09-16,Thứ tư,14:00,3,8,3,10.8,Hoạt động
DV11,Xã Mỹ Khánh,2026-09-16,Thứ tư,15:00,3,7,2,11.4,Hoạt động
DV11,Xã Mỹ Khánh,2026-09-16,Thứ tư,16:00,3,5,2,8.6,Hoạt động
DV11,Xã Mỹ Khánh,2026-09-17,Thứ năm,07:00,3,3,1,11.0,Hoạt động
DV11,Xã Mỹ Khánh,2026-09-17,Thứ năm,08:00,3,8,1,12.9,Hoạt động
DV11,Xã Mỹ Khánh,2026-09-17,Thứ năm,09:00,3,9,2,6.9,Hoạt động
DV11,Xã Mỹ Khánh,2026-09-17,Thứ năm,10:00,3,8,2,9.0,Hoạt động
DV11,Xã Mỹ Khánh,2026-09-17,Thứ năm,11:00,3,4,2,9.5,Hoạt động
DV11,Xã Mỹ Khánh,2026-09-17,Thứ năm,13:00,3,5,1,4.9,Hoạt động
DV11,Xã Mỹ Khánh,2026-09-17,Thứ năm,14:00,3,7,0,8.4,Hoạt động
DV11,Xã Mỹ Khánh,2026-09-17,Thứ năm,15:00,3,6,1,9.7,Hoạt động
DV11,Xã Mỹ Khánh,2026-09-17,Thứ năm,16:00,3,6,2,8.6,Hoạt động
DV11,Xã Mỹ Khánh,2026-09-18,Thứ sáu,07:00,3,2,3,6.4,Hoạt động
DV11,Xã Mỹ Khánh,2026-09-18,Thứ sáu,08:00,3,9,1,6.0,Hoạt động
DV11,Xã Mỹ Khánh,2026-09-18,Thứ sáu,09:00,3,8,0,6.5,Hoạt động
DV11,Xã Mỹ Khánh,2026-09-18,Thứ sáu,10:00,3,7,0,7.7,Hoạt động
DV11,Xã Mỹ Khánh,2026-09-18,Thứ sáu,11:00,3,5,1,12.7,Hoạt động
DV11,Xã Mỹ Khánh,2026-09-18,Thứ sáu,13:00,3,4,0,6.9,Hoạt động
DV11,Xã Mỹ Khánh,2026-09-18,Thứ sáu,14:00,3,5,0,10.8,Hoạt động
DV11,Xã Mỹ Khánh,2026-09-18,Thứ sáu,15:00,3,5,0,7.2,Hoạt động
DV11,Xã Mỹ Khánh,2026-09-18,Thứ sáu,16:00,3,3,2,10.3,Hoạt động
DV11,Xã Mỹ Khánh,2026-09-21,Thứ hai,07:00,3,5,1,9.9,Hoạt động
DV11,Xã Mỹ Khánh,2026-09-21,Thứ hai,08:00,3,12,0,10.8,Hoạt động
DV11,Xã Mỹ Khánh,2026-09-21,Thứ hai,09:00,3,11,1,8.2,Hoạt động
DV11,Xã Mỹ Khánh,2026-09-21,Thứ hai,10:00,3,10,3,10.3,Hoạt động
DV11,Xã Mỹ Khánh,2026-09-21,Thứ hai,11:00,3,5,3,8.7,Hoạt động
DV11,Xã Mỹ Khánh,2026-09-21,Thứ hai,13:00,3,6,2,11.1,Hoạt động
DV11,Xã Mỹ Khánh,2026-09-21,Thứ hai,14:00,3,9,2,12.1,Hoạt động
DV11,Xã Mỹ Khánh,2026-09-21,Thứ hai,15:00,3,10,2,11.1,Hoạt động
DV11,Xã Mỹ Khánh,2026-09-21,Thứ hai,16:00,3,5,1,7.5,Hoạt động
DV11,Xã Mỹ Khánh,2026-09-22,Thứ ba,07:00,3,3,0,5.0,Hoạt động
DV11,Xã Mỹ Khánh,2026-09-22,Thứ ba,08:00,3,8,1,6.1,Hoạt động
DV11,Xã Mỹ Khánh,2026-09-22,Thứ ba,09:00,3,9,0,7.7,Hoạt động
DV11,Xã Mỹ Khánh,2026-09-22,Thứ ba,10:00,3,6,2,10.4,Hoạt động
DV11,Xã Mỹ Khánh,2026-09-22,Thứ ba,11:00,3,6,3,8.2,Hoạt động
DV11,Xã Mỹ Khánh,2026-09-22,Thứ ba,13:00,3,6,1,12.4,Hoạt động
DV11,Xã Mỹ Khánh,2026-09-22,Thứ ba,14:00,3,7,2,9.7,Hoạt động
DV11,Xã Mỹ Khánh,2026-09-22,Thứ ba,15:00,3,7,1,7.9,Hoạt động
DV11,Xã Mỹ Khánh,2026-09-22,Thứ ba,16:00,3,3,0,10.9,Hoạt động
DV11,Xã Mỹ Khánh,2026-09-23,Thứ tư,07:00,3,2,2,8.4,Hoạt động
DV11,Xã Mỹ Khánh,2026-09-23,Thứ tư,08:00,3,8,3,12.7,Hoạt động
DV11,Xã Mỹ Khánh,2026-09-23,Thứ tư,09:00,3,9,1,8.5,Hoạt động
DV11,Xã Mỹ Khánh,2026-09-23,Thứ tư,10:00,3,6,1,7.5,Hoạt động
DV11,Xã Mỹ Khánh,2026-09-23,Thứ tư,11:00,3,4,2,5.8,Hoạt động
DV11,Xã Mỹ Khánh,2026-09-23,Thứ tư,13:00,3,5,0,10.6,Hoạt động
DV11,Xã Mỹ Khánh,2026-09-23,Thứ tư,14:00,3,6,1,12.3,Hoạt động
DV11,Xã Mỹ Khánh,2026-09-23,Thứ tư,15:00,3,8,2,5.1,Hoạt động
DV11,Xã Mỹ Khánh,2026-09-23,Thứ tư,16:00,3,4,3,12.5,Hoạt động
DV11,Xã Mỹ Khánh,2026-09-24,Thứ năm,07:00,3,4,2,11.4,Hoạt động
DV11,Xã Mỹ Khánh,2026-09-24,Thứ năm,08:00,3,9,1,12.6,Hoạt động
DV11,Xã Mỹ Khánh,2026-09-24,Thứ năm,09:00,3,9,3,8.6,Hoạt động
DV11,Xã Mỹ Khánh,2026-09-24,Thứ năm,10:00,3,8,3,11.7,Hoạt động
DV11,Xã Mỹ Khánh,2026-09-24,Thứ năm,11:00,3,4,3,10.2,Hoạt động
DV11,Xã Mỹ Khánh,2026-09-24,Thứ năm,13:00,3,4,0,10.1,Hoạt động
DV11,Xã Mỹ Khánh,2026-09-24,Thứ năm,14:00,3,7,1,5.7,Hoạt động
DV11,Xã Mỹ Khánh,2026-09-24,Thứ năm,15:00,3,7,3,9.0,Hoạt động
DV11,Xã Mỹ Khánh,2026-09-24,Thứ năm,16:00,3,3,0,9.0,Hoạt động
DV11,Xã Mỹ Khánh,2026-09-25,Thứ sáu,07:00,3,2,1,12.2,Hoạt động
DV11,Xã Mỹ Khánh,2026-09-25,Thứ sáu,08:00,3,8,1,8.4,Hoạt động
DV11,Xã Mỹ Khánh,2026-09-25,Thứ sáu,09:00,3,10,2,9.1,Hoạt động
DV11,Xã Mỹ Khánh,2026-09-25,Thứ sáu,10:00,3,5,0,9.3,Hoạt động
DV11,Xã Mỹ Khánh,2026-09-25,Thứ sáu,11:00,3,4,3,8.8,Hoạt động
DV11,Xã Mỹ Khánh,2026-09-25,Thứ sáu,13:00,3,5,1,8.8,Hoạt động
DV11,Xã Mỹ Khánh,2026-09-25,Thứ sáu,14:00,3,6,1,7.4,Hoạt động
DV11,Xã Mỹ Khánh,2026-09-25,Thứ sáu,15:00,3,6,1,4.0,Hoạt động
DV11,Xã Mỹ Khánh,2026-09-25,Thứ sáu,16:00,3,5,0,13.1,Hoạt động
DV12,Xã Hương Trà,2026-09-14,Thứ hai,07:00,2,3,2,11.0,Hoạt động
DV12,Xã Hương Trà,2026-09-14,Thứ hai,08:00,2,9,4,17.8,Hoạt động
DV12,Xã Hương Trà,2026-09-14,Thứ hai,09:00,2,9,5,25.8,Hoạt động
DV12,Xã Hương Trà,2026-09-14,Thứ hai,10:00,2,6,3,11.8,Hoạt động
DV12,Xã Hương Trà,2026-09-14,Thứ hai,11:00,2,5,2,7.6,Hoạt động
DV12,Xã Hương Trà,2026-09-14,Thứ hai,13:00,2,4,3,6.9,Hoạt động
DV12,Xã Hương Trà,2026-09-14,Thứ hai,14:00,2,6,1,10.1,Hoạt động
DV12,Xã Hương Trà,2026-09-14,Thứ hai,15:00,2,6,2,6.9,Hoạt động
DV12,Xã Hương Trà,2026-09-14,Thứ hai,16:00,2,4,2,16.5,Hoạt động
DV12,Xã Hương Trà,2026-09-15,Thứ ba,07:00,2,4,1,8.8,Hoạt động
DV12,Xã Hương Trà,2026-09-15,Thứ ba,08:00,2,6,3,7.9,Hoạt động
DV12,Xã Hương Trà,2026-09-15,Thứ ba,09:00,2,7,3,14.4,Hoạt động
DV12,Xã Hương Trà,2026-09-15,Thứ ba,10:00,2,6,1,7.2,Hoạt động
DV12,Xã Hương Trà,2026-09-15,Thứ ba,11:00,2,3,1,10.1,Hoạt động
DV12,Xã Hương Trà,2026-09-15,Thứ ba,13:00,2,3,3,13.2,Hoạt động
DV12,Xã Hương Trà,2026-09-15,Thứ ba,14:00,2,6,2,10.0,Hoạt động
DV12,Xã Hương Trà,2026-09-15,Thứ ba,15:00,2,5,2,7.0,Hoạt động
DV12,Xã Hương Trà,2026-09-15,Thứ ba,16:00,2,3,1,6.9,Hoạt động
DV12,Xã Hương Trà,2026-09-16,Thứ tư,07:00,2,3,1,12.3,Hoạt động
DV12,Xã Hương Trà,2026-09-16,Thứ tư,08:00,2,6,0,7.5,Hoạt động
DV12,Xã Hương Trà,2026-09-16,Thứ tư,09:00,2,7,2,6.9,Hoạt động
DV12,Xã Hương Trà,2026-09-16,Thứ tư,10:00,2,5,2,10.2,Hoạt động
DV12,Xã Hương Trà,2026-09-16,Thứ tư,11:00,2,4,2,6.4,Hoạt động
DV12,Xã Hương Trà,2026-09-16,Thứ tư,13:00,2,4,3,12.3,Hoạt động
DV12,Xã Hương Trà,2026-09-16,Thứ tư,14:00,2,5,3,7.5,Hoạt động
DV12,Xã Hương Trà,2026-09-16,Thứ tư,15:00,2,5,3,8.0,Hoạt động
DV12,Xã Hương Trà,2026-09-16,Thứ tư,16:00,2,2,0,11.6,Hoạt động
DV12,Xã Hương Trà,2026-09-17,Thứ năm,07:00,2,2,1,9.1,Hoạt động
DV12,Xã Hương Trà,2026-09-17,Thứ năm,08:00,2,6,3,9.6,Hoạt động
DV12,Xã Hương Trà,2026-09-17,Thứ năm,09:00,2,7,1,10.2,Hoạt động
DV12,Xã Hương Trà,2026-09-17,Thứ năm,10:00,2,5,2,8.0,Hoạt động
DV12,Xã Hương Trà,2026-09-17,Thứ năm,11:00,2,3,0,9.7,Hoạt động
DV12,Xã Hương Trà,2026-09-17,Thứ năm,13:00,2,4,2,7.2,Hoạt động
DV12,Xã Hương Trà,2026-09-17,Thứ năm,14:00,2,6,2,11.9,Hoạt động
DV12,Xã Hương Trà,2026-09-17,Thứ năm,15:00,2,6,3,11.1,Hoạt động
DV12,Xã Hương Trà,2026-09-17,Thứ năm,16:00,2,3,2,8.2,Hoạt động
DV12,Xã Hương Trà,2026-09-18,Thứ sáu,07:00,2,2,3,8.9,Hoạt động
DV12,Xã Hương Trà,2026-09-18,Thứ sáu,08:00,2,6,1,4.0,Hoạt động
DV12,Xã Hương Trà,2026-09-18,Thứ sáu,09:00,2,7,1,9.9,Hoạt động
DV12,Xã Hương Trà,2026-09-18,Thứ sáu,10:00,2,4,1,11.4,Hoạt động
DV12,Xã Hương Trà,2026-09-18,Thứ sáu,11:00,2,3,2,7.6,Hoạt động
DV12,Xã Hương Trà,2026-09-18,Thứ sáu,13:00,2,4,1,9.7,Hoạt động
DV12,Xã Hương Trà,2026-09-18,Thứ sáu,14:00,2,5,1,10.6,Hoạt động
DV12,Xã Hương Trà,2026-09-18,Thứ sáu,15:00,2,4,1,10.7,Hoạt động
DV12,Xã Hương Trà,2026-09-18,Thứ sáu,16:00,2,3,3,11.0,Hoạt động
DV12,Xã Hương Trà,2026-09-21,Thứ hai,07:00,2,3,0,4.5,Hoạt động
DV12,Xã Hương Trà,2026-09-21,Thứ hai,08:00,2,8,1,10.2,Hoạt động
DV12,Xã Hương Trà,2026-09-21,Thứ hai,09:00,2,8,1,9.1,Hoạt động
DV12,Xã Hương Trà,2026-09-21,Thứ hai,10:00,2,7,2,5.6,Hoạt động
DV12,Xã Hương Trà,2026-09-21,Thứ hai,11:00,2,4,2,10.6,Hoạt động
DV12,Xã Hương Trà,2026-09-21,Thứ hai,13:00,2,4,1,9.5,Hoạt động
DV12,Xã Hương Trà,2026-09-21,Thứ hai,14:00,2,7,0,12.9,Hoạt động
DV12,Xã Hương Trà,2026-09-21,Thứ hai,15:00,2,6,3,8.1,Hoạt động
DV12,Xã Hương Trà,2026-09-21,Thứ hai,16:00,2,4,3,9.5,Hoạt động
DV12,Xã Hương Trà,2026-09-22,Thứ ba,07:00,2,2,1,9.2,Hoạt động
DV12,Xã Hương Trà,2026-09-22,Thứ ba,08:00,2,7,2,5.1,Hoạt động
DV12,Xã Hương Trà,2026-09-22,Thứ ba,09:00,2,7,0,10.7,Hoạt động
DV12,Xã Hương Trà,2026-09-22,Thứ ba,10:00,2,6,1,11.3,Hoạt động
DV12,Xã Hương Trà,2026-09-22,Thứ ba,11:00,2,3,2,5.8,Hoạt động
DV12,Xã Hương Trà,2026-09-22,Thứ ba,13:00,2,4,2,8.4,Hoạt động
DV12,Xã Hương Trà,2026-09-22,Thứ ba,14:00,2,6,2,7.1,Hoạt động
DV12,Xã Hương Trà,2026-09-22,Thứ ba,15:00,2,5,2,7.9,Hoạt động
DV12,Xã Hương Trà,2026-09-22,Thứ ba,16:00,2,3,2,7.9,Hoạt động
DV12,Xã Hương Trà,2026-09-23,Thứ tư,07:00,2,3,1,8.6,Hoạt động
DV12,Xã Hương Trà,2026-09-23,Thứ tư,08:00,2,7,2,8.6,Hoạt động
DV12,Xã Hương Trà,2026-09-23,Thứ tư,09:00,2,6,1,6.9,Hoạt động
DV12,Xã Hương Trà,2026-09-23,Thứ tư,10:00,2,6,1,10.3,Hoạt động
DV12,Xã Hương Trà,2026-09-23,Thứ tư,11:00,2,2,1,9.5,Hoạt động
DV12,Xã Hương Trà,2026-09-23,Thứ tư,13:00,2,3,0,11.0,Hoạt động
DV12,Xã Hương Trà,2026-09-23,Thứ tư,14:00,2,5,1,4.0,Hoạt động
DV12,Xã Hương Trà,2026-09-23,Thứ tư,15:00,2,5,2,10.0,Hoạt động
DV12,Xã Hương Trà,2026-09-23,Thứ tư,16:00,2,3,1,5.3,Hoạt động
DV12,Xã Hương Trà,2026-09-24,Thứ năm,07:00,2,3,2,9.3,Hoạt động
DV12,Xã Hương Trà,2026-09-24,Thứ năm,08:00,2,6,1,10.2,Hoạt động
DV12,Xã Hương Trà,2026-09-24,Thứ năm,09:00,2,8,2,5.8,Hoạt động
DV12,Xã Hương Trà,2026-09-24,Thứ năm,10:00,2,5,0,5.5,Hoạt động
DV12,Xã Hương Trà,2026-09-24,Thứ năm,11:00,2,3,0,8.9,Hoạt động
DV12,Xã Hương Trà,2026-09-24,Thứ năm,13:00,2,4,2,4.2,Hoạt động
DV12,Xã Hương Trà,2026-09-24,Thứ năm,14:00,2,6,2,7.0,Hoạt động
DV12,Xã Hương Trà,2026-09-24,Thứ năm,15:00,2,6,0,11.8,Hoạt động
DV12,Xã Hương Trà,2026-09-24,Thứ năm,16:00,2,3,2,5.4,Hoạt động
DV12,Xã Hương Trà,2026-09-25,Thứ sáu,07:00,2,3,2,7.4,Hoạt động
DV12,Xã Hương Trà,2026-09-25,Thứ sáu,08:00,2,5,0,8.2,Hoạt động
DV12,Xã Hương Trà,2026-09-25,Thứ sáu,09:00,2,6,0,11.4,Hoạt động
DV12,Xã Hương Trà,2026-09-25,Thứ sáu,10:00,2,5,2,8.0,Hoạt động
DV12,Xã Hương Trà,2026-09-25,Thứ sáu,11:00,2,4,2,8.9,Hoạt động
DV12,Xã Hương Trà,2026-09-25,Thứ sáu,13:00,2,4,1,10.4,Hoạt động
DV12,Xã Hương Trà,2026-09-25,Thứ sáu,14:00,2,5,2,10.3,Hoạt động
DV12,Xã Hương Trà,2026-09-25,Thứ sáu,15:00,2,5,0,5.8,Hoạt động
DV12,Xã Hương Trà,2026-09-25,Thứ sáu,16:00,2,2,1,9.5,Hoạt động
