ma_don_vi,ten_don_vi,linh_vuc,so_ho_so,so_lan_xin_y_kien_tb,ty_le_tre_han,ty_le_tra_lai_bo_sung,so_phan_anh_yeu_cau_giay_to_ngoai_quy_dinh,ty_le_nop_truc_tuyen
DV01,Phường Hoà Thuận,Đất đai,188,2.5,0.269,0.165,4,0.385
DV01,Phường Hoà Thuận,Xây dựng,180,1.92,0.22,0.09,0,0.411
DV01,Phường Hoà Thuận,Hộ tịch,58,0.11,0.056,0.042,0,0.637
DV01,Phường Hoà Thuận,Đăng ký kinh doanh,75,0.46,0.103,0.105,3,0.577
DV01,Phường Hoà Thuận,An sinh xã hội,68,1.36,0.141,0.084,1,0.627
DV02,Phường Tân Hoà,Đất đai,158,2.28,0.179,0.108,1,0.48
DV02,Phường Tân Hoà,Xây dựng,177,2.17,0.225,0.113,0,0.426
DV02,Phường Tân Hoà,Hộ tịch,54,0.1,0.044,0.091,3,0.624
DV02,Phường Tân Hoà,Đăng ký kinh doanh,83,0.6,0.085,0.087,0,0.722
DV02,Phường Tân Hoà,An sinh xã hội,94,0.92,0.125,0.074,3,0.547
DV03,Phường Đông Giang,Đất đai,114,3.02,0.278,0.137,4,0.371
DV03,Phường Đông Giang,Xây dựng,109,2.76,0.261,0.123,2,0.316
DV03,Phường Đông Giang,Hộ tịch,42,0.13,0.043,0.057,0,0.672
DV03,Phường Đông Giang,Đăng ký kinh doanh,55,0.9,0.11,0.053,0,0.659
DV03,Phường Đông Giang,An sinh xã hội,76,1.1,0.114,0.077,0,0.599
DV04,Phường Nam Phong,Đất đai,202,2.61,0.252,0.161,2,0.416
DV04,Phường Nam Phong,Xây dựng,191,2.54,0.26,0.183,2,0.393
DV04,Phường Nam Phong,Hộ tịch,43,0.38,0.082,0.055,3,0.629
DV04,Phường Nam Phong,Đăng ký kinh doanh,85,0.28,0.065,0.049,2,0.63
DV04,Phường Nam Phong,An sinh xã hội,97,0.96,0.128,0.042,0,0.58
DV05,Xã Bình An,Đất đai,70,2.54,0.228,0.123,2,0.289
DV05,Xã Bình An,Xây dựng,82,1.81,0.185,0.118,0,0.266
DV05,Xã Bình An,Hộ tịch,22,0.83,0.08,0.076,0,0.507
DV05,Xã Bình An,Đăng ký kinh doanh,27,0.88,0.124,0.057,1,0.525
DV05,Xã Bình An,An sinh xã hội,47,1.1,0.109,0.077,0,0.522
DV06,Xã Long Thành,Đất đai,81,2.38,0.207,0.145,1,0.272
DV06,Xã Long Thành,Xây dựng,75,2.19,0.204,0.109,0,0.228
DV06,Xã Long Thành,Hộ tịch,35,0.72,0.079,0.081,0,0.528
DV06,Xã Long Thành,Đăng ký kinh doanh,43,0.21,0.035,0.069,1,0.512
DV06,Xã Long Thành,An sinh xã hội,42,1.0,0.116,0.122,0,0.428
DV07,Xã Phú Điền,Đất đai,70,2.52,0.259,0.154,0,0.211
DV07,Xã Phú Điền,Xây dựng,56,1.71,0.159,0.119,0,0.188
DV07,Xã Phú Điền,Hộ tịch,22,0.42,0.068,0.072,0,0.458
DV07,Xã Phú Điền,Đăng ký kinh doanh,27,0.65,0.083,0.074,0,0.468
DV07,Xã Phú Điền,An sinh xã hội,25,1.17,0.131,0.117,0,0.471
DV08,Xã Vĩnh Lộc,Đất đai,64,3.13,0.29,0.121,0,0.116
DV08,Xã Vĩnh Lộc,Xây dựng,78,2.63,0.256,0.119,0,0.21
DV08,Xã Vĩnh Lộc,Hộ tịch,26,0.15,0.046,0.09,0,0.437
DV08,Xã Vĩnh Lộc,Đăng ký kinh doanh,27,0.68,0.107,0.044,0,0.419
DV08,Xã Vĩnh Lộc,An sinh xã hội,44,1.26,0.132,0.108,0,0.437
DV09,Xã An Cư,Đất đai,55,2.32,0.222,0.138,2,0.139
DV09,Xã An Cư,Xây dựng,42,1.98,0.219,0.104,0,0.082
DV09,Xã An Cư,Hộ tịch,19,0.63,0.075,0.057,0,0.385
DV09,Xã An Cư,Đăng ký kinh doanh,23,0.73,0.096,0.088,0,0.545
DV09,Xã An Cư,An sinh xã hội,28,1.08,0.125,0.112,0,0.395
DV10,Xã Thanh Sơn,Đất đai,48,1.76,0.18,0.124,0,0.08
DV10,Xã Thanh Sơn,Xây dựng,56,1.94,0.176,0.142,0,0.138
DV10,Xã Thanh Sơn,Hộ tịch,18,0.13,0.048,0.045,2,0.336
DV10,Xã Thanh Sơn,Đăng ký kinh doanh,20,0.54,0.058,0.077,0,0.276
DV10,Xã Thanh Sơn,An sinh xã hội,22,1.11,0.129,0.094,1,0.343
DV11,Xã Mỹ Khánh,Đất đai,81,2.07,0.177,0.126,1,0.247
DV11,Xã Mỹ Khánh,Xây dựng,99,2.01,0.252,0.149,1,0.303
DV11,Xã Mỹ Khánh,Hộ tịch,32,0.44,0.095,0.09,0,0.523
DV11,Xã Mỹ Khánh,Đăng ký kinh doanh,41,0.3,0.064,0.039,1,0.567
DV11,Xã Mỹ Khánh,An sinh xã hội,52,0.95,0.112,0.113,2,0.493
DV12,Xã Hương Trà,Đất đai,75,2.33,0.221,0.126,0,0.233
DV12,Xã Hương Trà,Xây dựng,52,1.72,0.198,0.102,0,0.151
DV12,Xã Hương Trà,Hộ tịch,16,0.1,0.06,0.03,0,0.406
DV12,Xã Hương Trà,Đăng ký kinh doanh,29,0.58,0.105,0.087,1,0.349
DV12,Xã Hương Trà,An sinh xã hội,29,1.53,0.138,0.1,0,0.377
