ma_truong,ten_truong,cap_hoc,ngay,gio,si_so_lop_do,co2_ppm,nhiet_do_c,do_on_db,trang_thai
TH01,Tiểu học Hoà Thuận,Tiểu học,2026-09-14,07:00,38,1003,29.3,71.8,OK
TH01,Tiểu học Hoà Thuận,Tiểu học,2026-09-14,08:00,38,1337,30.8,72.9,OK
TH01,Tiểu học Hoà Thuận,Tiểu học,2026-09-14,09:00,38,1500,30.0,69.5,OK
TH01,Tiểu học Hoà Thuận,Tiểu học,2026-09-14,10:00,38,1580,30.6,74.4,OK
TH01,Tiểu học Hoà Thuận,Tiểu học,2026-09-14,13:00,38,986,31.4,71.2,OK
TH01,Tiểu học Hoà Thuận,Tiểu học,2026-09-14,14:00,38,1162,31.5,72.8,OK
TH01,Tiểu học Hoà Thuận,Tiểu học,2026-09-14,15:00,38,1499,30.3,70.0,OK
TH01,Tiểu học Hoà Thuận,Tiểu học,2026-09-14,16:00,38,1739,30.1,68.2,OK
TH01,Tiểu học Hoà Thuận,Tiểu học,2026-09-15,07:00,38,1014,28.8,71.9,OK
TH01,Tiểu học Hoà Thuận,Tiểu học,2026-09-15,08:00,38,1214,30.3,70.5,OK
TH01,Tiểu học Hoà Thuận,Tiểu học,2026-09-15,09:00,38,1578,29.2,66.1,OK
TH01,Tiểu học Hoà Thuận,Tiểu học,2026-09-15,10:00,38,1853,30.5,73.5,OK
TH01,Tiểu học Hoà Thuận,Tiểu học,2026-09-15,13:00,38,1020,32.9,72.3,OK
TH01,Tiểu học Hoà Thuận,Tiểu học,2026-09-15,14:00,38,1153,30.4,62.6,OK
TH01,Tiểu học Hoà Thuận,Tiểu học,2026-09-15,15:00,38,1533,28.6,69.4,OK
TH01,Tiểu học Hoà Thuận,Tiểu học,2026-09-15,16:00,38,1670,30.3,69.6,OK
TH01,Tiểu học Hoà Thuận,Tiểu học,2026-09-16,07:00,38,1049,30.6,67.3,OK
TH01,Tiểu học Hoà Thuận,Tiểu học,2026-09-16,08:00,38,1263,29.8,67.4,OK
TH01,Tiểu học Hoà Thuận,Tiểu học,2026-09-16,09:00,38,1474,29.2,74.1,OK
TH01,Tiểu học Hoà Thuận,Tiểu học,2026-09-16,10:00,38,1640,29.9,71.1,OK
TH01,Tiểu học Hoà Thuận,Tiểu học,2026-09-16,13:00,38,1161,32.4,68.8,OK
TH01,Tiểu học Hoà Thuận,Tiểu học,2026-09-16,14:00,38,1306,31.1,69.7,OK
TH01,Tiểu học Hoà Thuận,Tiểu học,2026-09-16,15:00,38,1486,29.5,73.6,OK
TH01,Tiểu học Hoà Thuận,Tiểu học,2026-09-16,16:00,38,1723,29.8,69.3,OK
TH01,Tiểu học Hoà Thuận,Tiểu học,2026-09-17,07:00,38,1118,29.6,73.2,OK
TH01,Tiểu học Hoà Thuận,Tiểu học,2026-09-17,08:00,38,1189,28.8,70.8,OK
TH01,Tiểu học Hoà Thuận,Tiểu học,2026-09-17,09:00,38,1491,29.0,68.6,OK
TH01,Tiểu học Hoà Thuận,Tiểu học,2026-09-17,10:00,38,1691,28.7,68.0,OK
TH01,Tiểu học Hoà Thuận,Tiểu học,2026-09-17,13:00,38,1032,31.7,75.2,OK
TH01,Tiểu học Hoà Thuận,Tiểu học,2026-09-17,14:00,38,1181,31.6,74.1,OK
TH01,Tiểu học Hoà Thuận,Tiểu học,2026-09-17,15:00,38,1570,30.7,74.7,OK
TH01,Tiểu học Hoà Thuận,Tiểu học,2026-09-17,16:00,38,1706,29.7,70.5,OK
TH01,Tiểu học Hoà Thuận,Tiểu học,2026-09-18,07:00,38,1128,29.3,70.8,OK
TH01,Tiểu học Hoà Thuận,Tiểu học,2026-09-18,08:00,38,1249,28.6,72.9,OK
TH01,Tiểu học Hoà Thuận,Tiểu học,2026-09-18,09:00,38,1442,29.8,68.6,OK
TH01,Tiểu học Hoà Thuận,Tiểu học,2026-09-18,10:00,38,1707,30.1,65.8,OK
TH01,Tiểu học Hoà Thuận,Tiểu học,2026-09-18,13:00,38,1065,31.0,70.1,OK
TH01,Tiểu học Hoà Thuận,Tiểu học,2026-09-18,14:00,38,1300,32.2,63.8,OK
TH01,Tiểu học Hoà Thuận,Tiểu học,2026-09-18,15:00,38,1460,29.4,68.7,OK
TH01,Tiểu học Hoà Thuận,Tiểu học,2026-09-18,16:00,38,1769,29.9,76.9,OK
TH01,Tiểu học Hoà Thuận,Tiểu học,2026-09-21,07:00,38,994,30.3,74.4,OK
TH01,Tiểu học Hoà Thuận,Tiểu học,2026-09-21,08:00,38,1368,28.5,72.6,OK
TH01,Tiểu học Hoà Thuận,Tiểu học,2026-09-21,09:00,38,1522,29.9,70.4,OK
TH01,Tiểu học Hoà Thuận,Tiểu học,2026-09-21,10:00,38,1688,28.8,74.2,OK
TH01,Tiểu học Hoà Thuận,Tiểu học,2026-09-21,13:00,38,1152,31.8,77.4,OK
TH01,Tiểu học Hoà Thuận,Tiểu học,2026-09-21,14:00,38,1200,31.0,72.3,OK
TH01,Tiểu học Hoà Thuận,Tiểu học,2026-09-21,15:00,38,1460,31.0,69.2,OK
TH01,Tiểu học Hoà Thuận,Tiểu học,2026-09-21,16:00,38,1711,29.1,71.4,OK
TH01,Tiểu học Hoà Thuận,Tiểu học,2026-09-22,07:00,38,1140,30.0,72.6,OK
TH01,Tiểu học Hoà Thuận,Tiểu học,2026-09-22,08:00,38,1285,30.2,70.1,OK
TH01,Tiểu học Hoà Thuận,Tiểu học,2026-09-22,09:00,38,1551,29.6,69.1,OK
TH01,Tiểu học Hoà Thuận,Tiểu học,2026-09-22,10:00,38,1625,30.0,71.4,OK
TH01,Tiểu học Hoà Thuận,Tiểu học,2026-09-22,13:00,38,1146,31.1,74.3,OK
TH01,Tiểu học Hoà Thuận,Tiểu học,2026-09-22,14:00,38,1290,31.9,68.4,OK
TH01,Tiểu học Hoà Thuận,Tiểu học,2026-09-22,15:00,38,1373,29.6,67.5,OK
TH01,Tiểu học Hoà Thuận,Tiểu học,2026-09-22,16:00,38,1705,30.5,67.1,OK
TH01,Tiểu học Hoà Thuận,Tiểu học,2026-09-23,07:00,38,1052,30.6,72.7,OK
TH01,Tiểu học Hoà Thuận,Tiểu học,2026-09-23,08:00,38,1201,28.9,68.0,OK
TH01,Tiểu học Hoà Thuận,Tiểu học,2026-09-23,09:00,38,1417,29.2,66.9,OK
TH01,Tiểu học Hoà Thuận,Tiểu học,2026-09-23,10:00,38,1648,31.0,69.4,OK
TH01,Tiểu học Hoà Thuận,Tiểu học,2026-09-23,13:00,38,1049,31.6,64.7,OK
TH01,Tiểu học Hoà Thuận,Tiểu học,2026-09-23,14:00,38,1215,33.9,74.1,OK
TH01,Tiểu học Hoà Thuận,Tiểu học,2026-09-23,15:00,38,1484,29.7,72.4,OK
TH01,Tiểu học Hoà Thuận,Tiểu học,2026-09-23,16:00,38,1761,29.3,71.0,OK
TH01,Tiểu học Hoà Thuận,Tiểu học,2026-09-24,07:00,38,999,30.2,71.7,OK
TH01,Tiểu học Hoà Thuận,Tiểu học,2026-09-24,08:00,38,1331,30.5,77.5,OK
TH01,Tiểu học Hoà Thuận,Tiểu học,2026-09-24,09:00,38,1477,30.0,69.2,OK
TH01,Tiểu học Hoà Thuận,Tiểu học,2026-09-24,10:00,38,1880,29.4,70.4,OK
TH01,Tiểu học Hoà Thuận,Tiểu học,2026-09-24,13:00,38,1153,32.0,73.3,OK
TH01,Tiểu học Hoà Thuận,Tiểu học,2026-09-24,14:00,38,1266,31.7,69.6,OK
TH01,Tiểu học Hoà Thuận,Tiểu học,2026-09-24,15:00,38,1549,30.0,71.3,OK
TH01,Tiểu học Hoà Thuận,Tiểu học,2026-09-24,16:00,38,1659,30.2,70.2,OK
TH01,Tiểu học Hoà Thuận,Tiểu học,2026-09-25,07:00,38,977,29.8,71.3,OK
TH01,Tiểu học Hoà Thuận,Tiểu học,2026-09-25,08:00,38,1274,29.7,67.9,OK
TH01,Tiểu học Hoà Thuận,Tiểu học,2026-09-25,09:00,38,1520,30.7,72.9,OK
TH01,Tiểu học Hoà Thuận,Tiểu học,2026-09-25,10:00,38,1758,29.4,70.5,OK
TH01,Tiểu học Hoà Thuận,Tiểu học,2026-09-25,13:00,38,998,32.9,74.4,OK
TH01,Tiểu học Hoà Thuận,Tiểu học,2026-09-25,14:00,38,1242,32.7,75.1,OK
TH01,Tiểu học Hoà Thuận,Tiểu học,2026-09-25,15:00,38,1501,30.4,69.6,OK
TH01,Tiểu học Hoà Thuận,Tiểu học,2026-09-25,16:00,38,1725,31.7,75.2,OK
TH02,Tiểu học Tân Hoà,Tiểu học,2026-09-14,07:00,43,1142,30.8,73.9,OK
TH02,Tiểu học Tân Hoà,Tiểu học,2026-09-14,08:00,43,1338,28.8,76.0,OK
TH02,Tiểu học Tân Hoà,Tiểu học,2026-09-14,09:00,43,1533,28.8,69.9,OK
TH02,Tiểu học Tân Hoà,Tiểu học,2026-09-14,10:00,43,1866,30.2,74.0,OK
TH02,Tiểu học Tân Hoà,Tiểu học,2026-09-14,13:00,43,1099,32.2,76.6,OK
TH02,Tiểu học Tân Hoà,Tiểu học,2026-09-14,14:00,43,1344,32.7,71.3,OK
TH02,Tiểu học Tân Hoà,Tiểu học,2026-09-14,15:00,43,1577,30.3,77.5,OK
TH02,Tiểu học Tân Hoà,Tiểu học,2026-09-14,16:00,43,1851,30.1,74.0,OK
TH02,Tiểu học Tân Hoà,Tiểu học,2026-09-15,07:00,43,1036,28.3,69.8,OK
TH02,Tiểu học Tân Hoà,Tiểu học,2026-09-15,08:00,43,1454,29.0,75.9,OK
TH02,Tiểu học Tân Hoà,Tiểu học,2026-09-15,09:00,43,1547,30.7,74.9,OK
TH02,Tiểu học Tân Hoà,Tiểu học,2026-09-15,10:00,43,1854,29.1,77.7,OK
TH02,Tiểu học Tân Hoà,Tiểu học,2026-09-15,13:00,43,1096,31.9,71.8,OK
TH02,Tiểu học Tân Hoà,Tiểu học,2026-09-15,14:00,43,1235,32.4,75.9,OK
TH02,Tiểu học Tân Hoà,Tiểu học,2026-09-15,15:00,43,1663,30.6,70.8,OK
TH02,Tiểu học Tân Hoà,Tiểu học,2026-09-15,16:00,43,1707,29.9,80.0,OK
TH02,Tiểu học Tân Hoà,Tiểu học,2026-09-16,07:00,43,1162,29.5,75.1,OK
TH02,Tiểu học Tân Hoà,Tiểu học,2026-09-16,08:00,43,1311,29.6,74.2,OK
TH02,Tiểu học Tân Hoà,Tiểu học,2026-09-16,09:00,43,1618,30.1,72.3,OK
TH02,Tiểu học Tân Hoà,Tiểu học,2026-09-16,10:00,43,1862,30.8,75.6,OK
TH02,Tiểu học Tân Hoà,Tiểu học,2026-09-16,13:00,43,1164,33.0,76.7,OK
TH02,Tiểu học Tân Hoà,Tiểu học,2026-09-16,14:00,43,1299,32.8,68.4,OK
TH02,Tiểu học Tân Hoà,Tiểu học,2026-09-16,15:00,43,1671,30.2,75.7,OK
TH02,Tiểu học Tân Hoà,Tiểu học,2026-09-16,16:00,43,1900,30.1,75.4,OK
TH02,Tiểu học Tân Hoà,Tiểu học,2026-09-17,07:00,43,1044,29.6,70.1,OK
TH02,Tiểu học Tân Hoà,Tiểu học,2026-09-17,08:00,43,1315,28.7,77.4,OK
TH02,Tiểu học Tân Hoà,Tiểu học,2026-09-17,09:00,43,1667,30.4,74.6,OK
TH02,Tiểu học Tân Hoà,Tiểu học,2026-09-17,10:00,43,1760,30.3,76.1,OK
TH02,Tiểu học Tân Hoà,Tiểu học,2026-09-17,13:00,43,1061,32.1,73.8,OK
TH02,Tiểu học Tân Hoà,Tiểu học,2026-09-17,14:00,43,1271,32.6,76.0,OK
TH02,Tiểu học Tân Hoà,Tiểu học,2026-09-17,15:00,43,1553,28.9,72.3,OK
TH02,Tiểu học Tân Hoà,Tiểu học,2026-09-17,16:00,43,1862,29.6,71.9,OK
TH02,Tiểu học Tân Hoà,Tiểu học,2026-09-18,07:00,43,1055,30.7,65.3,OK
TH02,Tiểu học Tân Hoà,Tiểu học,2026-09-18,08:00,43,1339,30.4,71.1,OK
TH02,Tiểu học Tân Hoà,Tiểu học,2026-09-18,09:00,43,1540,28.9,72.8,OK
TH02,Tiểu học Tân Hoà,Tiểu học,2026-09-18,10:00,43,1827,30.4,75.0,OK
TH02,Tiểu học Tân Hoà,Tiểu học,2026-09-18,13:00,43,1066,31.9,74.4,OK
TH02,Tiểu học Tân Hoà,Tiểu học,2026-09-18,14:00,43,1435,33.0,70.6,OK
TH02,Tiểu học Tân Hoà,Tiểu học,2026-09-18,15:00,43,1484,29.4,72.3,OK
TH02,Tiểu học Tân Hoà,Tiểu học,2026-09-18,16:00,43,1773,29.1,73.5,OK
TH02,Tiểu học Tân Hoà,Tiểu học,2026-09-21,07:00,43,984,31.1,66.0,OK
TH02,Tiểu học Tân Hoà,Tiểu học,2026-09-21,08:00,43,1365,28.2,69.4,OK
TH02,Tiểu học Tân Hoà,Tiểu học,2026-09-21,09:00,43,1620,30.2,73.3,OK
TH02,Tiểu học Tân Hoà,Tiểu học,2026-09-21,10:00,43,1811,30.5,75.8,OK
TH02,Tiểu học Tân Hoà,Tiểu học,2026-09-21,13:00,43,1096,31.7,75.2,OK
TH02,Tiểu học Tân Hoà,Tiểu học,2026-09-21,14:00,43,1418,32.2,73.0,OK
TH02,Tiểu học Tân Hoà,Tiểu học,2026-09-21,15:00,43,1552,31.2,72.0,OK
TH02,Tiểu học Tân Hoà,Tiểu học,2026-09-21,16:00,43,1832,29.2,73.1,OK
TH02,Tiểu học Tân Hoà,Tiểu học,2026-09-22,07:00,43,1164,30.5,79.2,OK
TH02,Tiểu học Tân Hoà,Tiểu học,2026-09-22,08:00,43,1415,29.2,78.8,OK
TH02,Tiểu học Tân Hoà,Tiểu học,2026-09-22,09:00,43,1574,30.2,69.2,OK
TH02,Tiểu học Tân Hoà,Tiểu học,2026-09-22,10:00,43,1857,30.1,74.9,OK
TH02,Tiểu học Tân Hoà,Tiểu học,2026-09-22,13:00,43,1025,33.0,73.2,OK
TH02,Tiểu học Tân Hoà,Tiểu học,2026-09-22,14:00,43,1320,31.9,72.2,OK
TH02,Tiểu học Tân Hoà,Tiểu học,2026-09-22,15:00,43,1543,30.5,78.7,OK
TH02,Tiểu học Tân Hoà,Tiểu học,2026-09-22,16:00,43,1810,29.3,76.3,OK
TH02,Tiểu học Tân Hoà,Tiểu học,2026-09-23,07:00,43,1090,30.3,78.2,OK
TH02,Tiểu học Tân Hoà,Tiểu học,2026-09-23,08:00,43,1331,30.2,68.5,OK
TH02,Tiểu học Tân Hoà,Tiểu học,2026-09-23,09:00,43,1649,31.1,73.5,OK
TH02,Tiểu học Tân Hoà,Tiểu học,2026-09-23,10:00,43,1852,29.7,72.9,OK
TH02,Tiểu học Tân Hoà,Tiểu học,2026-09-23,13:00,43,1094,32.0,70.3,OK
TH02,Tiểu học Tân Hoà,Tiểu học,2026-09-23,14:00,43,1312,32.5,71.3,OK
TH02,Tiểu học Tân Hoà,Tiểu học,2026-09-23,15:00,43,1505,30.0,70.8,OK
TH02,Tiểu học Tân Hoà,Tiểu học,2026-09-23,16:00,43,1822,29.7,71.0,OK
TH02,Tiểu học Tân Hoà,Tiểu học,2026-09-24,07:00,43,1162,30.9,68.4,OK
TH02,Tiểu học Tân Hoà,Tiểu học,2026-09-24,08:00,43,1375,30.0,74.8,OK
TH02,Tiểu học Tân Hoà,Tiểu học,2026-09-24,09:00,43,1567,29.9,67.1,OK
TH02,Tiểu học Tân Hoà,Tiểu học,2026-09-24,10:00,43,1847,29.2,67.0,OK
TH02,Tiểu học Tân Hoà,Tiểu học,2026-09-24,13:00,43,1053,33.5,75.4,OK
TH02,Tiểu học Tân Hoà,Tiểu học,2026-09-24,14:00,43,1429,32.7,78.3,OK
TH02,Tiểu học Tân Hoà,Tiểu học,2026-09-24,15:00,43,1683,29.5,74.1,OK
TH02,Tiểu học Tân Hoà,Tiểu học,2026-09-24,16:00,43,1761,29.9,72.8,OK
TH02,Tiểu học Tân Hoà,Tiểu học,2026-09-25,07:00,43,1115,29.2,69.5,OK
TH02,Tiểu học Tân Hoà,Tiểu học,2026-09-25,08:00,43,1330,29.9,76.2,OK
TH02,Tiểu học Tân Hoà,Tiểu học,2026-09-25,09:00,43,1568,29.4,75.0,OK
TH02,Tiểu học Tân Hoà,Tiểu học,2026-09-25,10:00,43,1703,29.8,73.7,OK
TH02,Tiểu học Tân Hoà,Tiểu học,2026-09-25,13:00,43,1112,32.3,72.9,OK
TH02,Tiểu học Tân Hoà,Tiểu học,2026-09-25,14:00,43,1376,31.7,77.8,OK
TH02,Tiểu học Tân Hoà,Tiểu học,2026-09-25,15:00,43,1526,30.2,75.7,OK
TH02,Tiểu học Tân Hoà,Tiểu học,2026-09-25,16:00,43,1820,30.4,68.5,OK
TH03,Tiểu học Đông Giang,Tiểu học,2026-09-14,07:00,34,859,29.1,67.2,OK
TH03,Tiểu học Đông Giang,Tiểu học,2026-09-14,08:00,34,1074,31.0,66.8,OK
TH03,Tiểu học Đông Giang,Tiểu học,2026-09-14,09:00,34,1167,30.8,73.8,OK
TH03,Tiểu học Đông Giang,Tiểu học,2026-09-14,10:00,34,1381,28.9,68.0,OK
TH03,Tiểu học Đông Giang,Tiểu học,2026-09-14,13:00,34,813,31.1,72.0,OK
TH03,Tiểu học Đông Giang,Tiểu học,2026-09-14,14:00,34,1011,32.0,65.4,OK
TH03,Tiểu học Đông Giang,Tiểu học,2026-09-14,15:00,34,1226,30.5,70.8,OK
TH03,Tiểu học Đông Giang,Tiểu học,2026-09-14,16:00,34,1347,30.3,68.9,OK
TH03,Tiểu học Đông Giang,Tiểu học,2026-09-15,07:00,34,900,29.3,71.4,OK
TH03,Tiểu học Đông Giang,Tiểu học,2026-09-15,08:00,34,998,28.6,71.3,OK
TH03,Tiểu học Đông Giang,Tiểu học,2026-09-15,09:00,34,1210,29.7,66.0,OK
TH03,Tiểu học Đông Giang,Tiểu học,2026-09-15,10:00,34,1246,27.7,68.7,OK
TH03,Tiểu học Đông Giang,Tiểu học,2026-09-15,13:00,34,888,31.9,65.6,OK
TH03,Tiểu học Đông Giang,Tiểu học,2026-09-15,14:00,34,1005,30.7,70.3,OK
TH03,Tiểu học Đông Giang,Tiểu học,2026-09-15,15:00,34,1178,28.6,70.0,OK
TH03,Tiểu học Đông Giang,Tiểu học,2026-09-15,16:00,34,1280,28.7,73.4,OK
TH03,Tiểu học Đông Giang,Tiểu học,2026-09-16,07:00,34,978,29.9,69.9,OK
TH03,Tiểu học Đông Giang,Tiểu học,2026-09-16,08:00,34,1018,28.7,70.5,OK
TH03,Tiểu học Đông Giang,Tiểu học,2026-09-16,09:00,34,1224,29.5,71.3,OK
TH03,Tiểu học Đông Giang,Tiểu học,2026-09-16,10:00,34,1305,29.2,73.1,OK
TH03,Tiểu học Đông Giang,Tiểu học,2026-09-16,13:00,34,911,32.8,68.9,OK
TH03,Tiểu học Đông Giang,Tiểu học,2026-09-16,14:00,34,1050,31.0,70.2,OK
TH03,Tiểu học Đông Giang,Tiểu học,2026-09-16,15:00,34,1229,28.5,69.3,OK
TH03,Tiểu học Đông Giang,Tiểu học,2026-09-16,16:00,34,1288,29.2,70.2,OK
TH03,Tiểu học Đông Giang,Tiểu học,2026-09-17,07:00,34,917,29.5,75.1,OK
TH03,Tiểu học Đông Giang,Tiểu học,2026-09-17,08:00,34,994,29.9,62.9,OK
TH03,Tiểu học Đông Giang,Tiểu học,2026-09-17,09:00,34,1163,29.3,70.4,OK
TH03,Tiểu học Đông Giang,Tiểu học,2026-09-17,10:00,34,1285,28.9,66.5,OK
TH03,Tiểu học Đông Giang,Tiểu học,2026-09-17,13:00,34,824,31.7,73.0,OK
TH03,Tiểu học Đông Giang,Tiểu học,2026-09-17,14:00,34,928,31.8,70.3,OK
TH03,Tiểu học Đông Giang,Tiểu học,2026-09-17,15:00,34,1101,29.7,72.8,OK
TH03,Tiểu học Đông Giang,Tiểu học,2026-09-17,16:00,34,1346,28.3,70.0,OK
TH03,Tiểu học Đông Giang,Tiểu học,2026-09-18,07:00,34,850,29.6,64.8,OK
TH03,Tiểu học Đông Giang,Tiểu học,2026-09-18,08:00,34,1087,29.9,68.4,OK
TH03,Tiểu học Đông Giang,Tiểu học,2026-09-18,09:00,34,1118,29.4,69.2,OK
TH03,Tiểu học Đông Giang,Tiểu học,2026-09-18,10:00,34,1270,27.7,74.5,OK
TH03,Tiểu học Đông Giang,Tiểu học,2026-09-18,13:00,34,851,31.7,58.2,OK
TH03,Tiểu học Đông Giang,Tiểu học,2026-09-18,14:00,34,1061,31.4,71.3,OK
TH03,Tiểu học Đông Giang,Tiểu học,2026-09-18,15:00,34,1103,30.0,67.3,OK
TH03,Tiểu học Đông Giang,Tiểu học,2026-09-18,16:00,34,1234,28.9,68.2,OK
TH03,Tiểu học Đông Giang,Tiểu học,2026-09-21,07:00,34,767,29.8,71.0,OK
TH03,Tiểu học Đông Giang,Tiểu học,2026-09-21,08:00,34,970,29.0,70.1,OK
TH03,Tiểu học Đông Giang,Tiểu học,2026-09-21,09:00,34,1089,29.6,67.1,OK
TH03,Tiểu học Đông Giang,Tiểu học,2026-09-21,10:00,34,1476,29.6,67.7,OK
TH03,Tiểu học Đông Giang,Tiểu học,2026-09-21,13:00,34,832,32.1,69.2,OK
TH03,Tiểu học Đông Giang,Tiểu học,2026-09-21,14:00,34,1047,31.0,67.3,OK
TH03,Tiểu học Đông Giang,Tiểu học,2026-09-21,15:00,34,1115,29.5,69.4,OK
TH03,Tiểu học Đông Giang,Tiểu học,2026-09-21,16:00,34,1404,29.5,68.1,OK
TH03,Tiểu học Đông Giang,Tiểu học,2026-09-22,07:00,34,847,29.2,70.9,OK
TH03,Tiểu học Đông Giang,Tiểu học,2026-09-22,08:00,34,949,30.1,70.5,OK
TH03,Tiểu học Đông Giang,Tiểu học,2026-09-22,09:00,34,1291,29.2,74.1,OK
TH03,Tiểu học Đông Giang,Tiểu học,2026-09-22,10:00,34,1336,29.8,70.7,OK
TH03,Tiểu học Đông Giang,Tiểu học,2026-09-22,13:00,34,845,29.5,72.4,OK
TH03,Tiểu học Đông Giang,Tiểu học,2026-09-22,14:00,34,1083,31.9,70.2,OK
TH03,Tiểu học Đông Giang,Tiểu học,2026-09-22,15:00,34,1186,29.4,67.5,OK
TH03,Tiểu học Đông Giang,Tiểu học,2026-09-22,16:00,34,1297,29.3,73.5,OK
TH03,Tiểu học Đông Giang,Tiểu học,2026-09-23,07:00,34,849,29.4,67.6,OK
TH03,Tiểu học Đông Giang,Tiểu học,2026-09-23,08:00,34,1040,29.7,70.2,OK
TH03,Tiểu học Đông Giang,Tiểu học,2026-09-23,09:00,34,1154,29.8,68.3,OK
TH03,Tiểu học Đông Giang,Tiểu học,2026-09-23,10:00,34,1307,29.1,67.6,OK
TH03,Tiểu học Đông Giang,Tiểu học,2026-09-23,13:00,34,888,30.8,68.6,OK
TH03,Tiểu học Đông Giang,Tiểu học,2026-09-23,14:00,34,1123,30.7,69.8,OK
TH03,Tiểu học Đông Giang,Tiểu học,2026-09-23,15:00,34,1222,29.7,66.8,OK
TH03,Tiểu học Đông Giang,Tiểu học,2026-09-23,16:00,34,1271,28.9,78.6,OK
TH03,Tiểu học Đông Giang,Tiểu học,2026-09-24,07:00,34,850,29.2,70.8,OK
TH03,Tiểu học Đông Giang,Tiểu học,2026-09-24,08:00,34,1092,29.5,68.3,OK
TH03,Tiểu học Đông Giang,Tiểu học,2026-09-24,09:00,34,1102,30.1,70.7,OK
TH03,Tiểu học Đông Giang,Tiểu học,2026-09-24,10:00,34,1375,30.0,68.0,OK
TH03,Tiểu học Đông Giang,Tiểu học,2026-09-24,13:00,34,832,32.0,66.7,OK
TH03,Tiểu học Đông Giang,Tiểu học,2026-09-24,14:00,34,1076,31.5,67.8,OK
TH03,Tiểu học Đông Giang,Tiểu học,2026-09-24,15:00,34,1142,28.3,67.3,OK
TH03,Tiểu học Đông Giang,Tiểu học,2026-09-24,16:00,34,1444,29.3,74.2,OK
TH03,Tiểu học Đông Giang,Tiểu học,2026-09-25,07:00,34,834,28.4,71.2,OK
TH03,Tiểu học Đông Giang,Tiểu học,2026-09-25,08:00,34,933,29.2,70.6,OK
TH03,Tiểu học Đông Giang,Tiểu học,2026-09-25,09:00,34,1167,28.9,65.8,OK
TH03,Tiểu học Đông Giang,Tiểu học,2026-09-25,10:00,34,1385,29.1,71.4,OK
TH03,Tiểu học Đông Giang,Tiểu học,2026-09-25,13:00,34,798,31.2,73.0,OK
TH03,Tiểu học Đông Giang,Tiểu học,2026-09-25,14:00,34,1049,31.9,73.8,OK
TH03,Tiểu học Đông Giang,Tiểu học,2026-09-25,15:00,34,1070,29.3,69.2,OK
TH03,Tiểu học Đông Giang,Tiểu học,2026-09-25,16:00,34,1256,29.2,68.8,OK
TH04,Tiểu học Nam Phong,Tiểu học,2026-09-14,07:00,36,866,30.4,70.2,OK
TH04,Tiểu học Nam Phong,Tiểu học,2026-09-14,08:00,36,1068,29.8,70.9,OK
TH04,Tiểu học Nam Phong,Tiểu học,2026-09-14,09:00,36,1291,30.1,69.6,OK
TH04,Tiểu học Nam Phong,Tiểu học,2026-09-14,10:00,36,1359,28.6,68.4,OK
TH04,Tiểu học Nam Phong,Tiểu học,2026-09-14,13:00,36,935,31.3,66.8,OK
TH04,Tiểu học Nam Phong,Tiểu học,2026-09-14,14:00,36,965,30.7,69.2,OK
TH04,Tiểu học Nam Phong,Tiểu học,2026-09-14,15:00,36,1170,28.4,67.8,OK
TH04,Tiểu học Nam Phong,Tiểu học,2026-09-14,16:00,36,1322,30.3,71.0,OK
TH04,Tiểu học Nam Phong,Tiểu học,2026-09-15,07:00,36,846,29.2,70.2,OK
TH04,Tiểu học Nam Phong,Tiểu học,2026-09-15,08:00,36,1149,30.7,68.7,OK
TH04,Tiểu học Nam Phong,Tiểu học,2026-09-15,09:00,36,1317,30.5,71.4,OK
TH04,Tiểu học Nam Phong,Tiểu học,2026-09-15,10:00,36,1340,29.6,71.0,OK
TH04,Tiểu học Nam Phong,Tiểu học,2026-09-15,13:00,36,875,32.5,73.1,OK
TH04,Tiểu học Nam Phong,Tiểu học,2026-09-15,14:00,36,1077,33.3,75.4,OK
TH04,Tiểu học Nam Phong,Tiểu học,2026-09-15,15:00,36,1161,29.3,69.5,OK
TH04,Tiểu học Nam Phong,Tiểu học,2026-09-15,16:00,36,1423,29.0,72.2,OK
TH04,Tiểu học Nam Phong,Tiểu học,2026-09-16,07:00,36,904,28.9,72.6,OK
TH04,Tiểu học Nam Phong,Tiểu học,2026-09-16,08:00,36,1130,30.9,73.5,OK
TH04,Tiểu học Nam Phong,Tiểu học,2026-09-16,09:00,36,1246,29.1,68.0,OK
TH04,Tiểu học Nam Phong,Tiểu học,2026-09-16,10:00,36,1257,28.6,72.2,OK
TH04,Tiểu học Nam Phong,Tiểu học,2026-09-16,13:00,36,969,31.5,70.5,OK
TH04,Tiểu học Nam Phong,Tiểu học,2026-09-16,14:00,36,1008,31.9,66.0,OK
TH04,Tiểu học Nam Phong,Tiểu học,2026-09-16,15:00,36,1237,29.2,73.2,OK
TH04,Tiểu học Nam Phong,Tiểu học,2026-09-16,16:00,36,1538,28.1,69.2,OK
TH04,Tiểu học Nam Phong,Tiểu học,2026-09-17,07:00,36,906,30.2,73.4,OK
TH04,Tiểu học Nam Phong,Tiểu học,2026-09-17,08:00,36,1007,29.0,67.7,OK
TH04,Tiểu học Nam Phong,Tiểu học,2026-09-17,09:00,36,1277,29.9,64.5,OK
TH04,Tiểu học Nam Phong,Tiểu học,2026-09-17,10:00,36,1417,30.2,65.7,OK
TH04,Tiểu học Nam Phong,Tiểu học,2026-09-17,13:00,36,871,31.2,73.9,OK
TH04,Tiểu học Nam Phong,Tiểu học,2026-09-17,14:00,36,1112,32.1,74.3,OK
TH04,Tiểu học Nam Phong,Tiểu học,2026-09-17,15:00,36,1244,29.4,69.3,OK
TH04,Tiểu học Nam Phong,Tiểu học,2026-09-17,16:00,36,1442,30.3,65.7,OK
TH04,Tiểu học Nam Phong,Tiểu học,2026-09-18,07:00,36,1020,29.7,70.1,OK
TH04,Tiểu học Nam Phong,Tiểu học,2026-09-18,08:00,36,1044,29.7,66.8,OK
TH04,Tiểu học Nam Phong,Tiểu học,2026-09-18,09:00,36,1141,28.3,64.2,OK
TH04,Tiểu học Nam Phong,Tiểu học,2026-09-18,10:00,36,1326,30.2,68.1,OK
TH04,Tiểu học Nam Phong,Tiểu học,2026-09-18,13:00,36,821,30.9,71.5,OK
TH04,Tiểu học Nam Phong,Tiểu học,2026-09-18,14:00,36,1007,31.3,69.0,OK
TH04,Tiểu học Nam Phong,Tiểu học,2026-09-18,15:00,36,1209,31.3,71.4,OK
TH04,Tiểu học Nam Phong,Tiểu học,2026-09-18,16:00,36,1385,29.3,67.4,OK
TH04,Tiểu học Nam Phong,Tiểu học,2026-09-21,07:00,36,904,30.2,68.5,OK
TH04,Tiểu học Nam Phong,Tiểu học,2026-09-21,08:00,36,975,29.8,70.5,OK
TH04,Tiểu học Nam Phong,Tiểu học,2026-09-21,09:00,36,1254,28.1,69.3,OK
TH04,Tiểu học Nam Phong,Tiểu học,2026-09-21,10:00,36,1270,28.5,72.0,OK
TH04,Tiểu học Nam Phong,Tiểu học,2026-09-21,13:00,36,877,31.6,71.8,OK
TH04,Tiểu học Nam Phong,Tiểu học,2026-09-21,14:00,36,1187,32.6,71.9,OK
TH04,Tiểu học Nam Phong,Tiểu học,2026-09-21,15:00,36,1276,29.8,72.3,OK
TH04,Tiểu học Nam Phong,Tiểu học,2026-09-21,16:00,36,1280,29.8,68.2,OK
TH04,Tiểu học Nam Phong,Tiểu học,2026-09-22,07:00,36,920,29.9,74.7,OK
TH04,Tiểu học Nam Phong,Tiểu học,2026-09-22,08:00,36,1174,28.9,71.8,OK
TH04,Tiểu học Nam Phong,Tiểu học,2026-09-22,09:00,36,1255,28.8,66.5,OK
TH04,Tiểu học Nam Phong,Tiểu học,2026-09-22,10:00,36,1379,28.8,68.5,OK
TH04,Tiểu học Nam Phong,Tiểu học,2026-09-22,13:00,36,898,31.9,72.6,OK
TH04,Tiểu học Nam Phong,Tiểu học,2026-09-22,14:00,36,1138,30.7,70.5,OK
TH04,Tiểu học Nam Phong,Tiểu học,2026-09-22,15:00,36,1203,29.4,74.3,OK
TH04,Tiểu học Nam Phong,Tiểu học,2026-09-22,16:00,36,1327,29.5,67.9,OK
TH04,Tiểu học Nam Phong,Tiểu học,2026-09-23,07:00,36,915,28.8,73.5,OK
TH04,Tiểu học Nam Phong,Tiểu học,2026-09-23,08:00,36,1039,28.7,71.1,OK
TH04,Tiểu học Nam Phong,Tiểu học,2026-09-23,09:00,36,1153,30.0,75.9,OK
TH04,Tiểu học Nam Phong,Tiểu học,2026-09-23,10:00,36,1361,29.9,71.9,OK
TH04,Tiểu học Nam Phong,Tiểu học,2026-09-23,13:00,36,929,29.9,72.1,OK
TH04,Tiểu học Nam Phong,Tiểu học,2026-09-23,14:00,36,1048,31.2,67.6,OK
TH04,Tiểu học Nam Phong,Tiểu học,2026-09-23,15:00,36,1243,28.6,66.7,OK
TH04,Tiểu học Nam Phong,Tiểu học,2026-09-23,16:00,36,1474,28.0,74.3,OK
TH04,Tiểu học Nam Phong,Tiểu học,2026-09-24,07:00,36,964,29.6,68.2,OK
TH04,Tiểu học Nam Phong,Tiểu học,2026-09-24,08:00,36,1035,29.8,72.0,OK
TH04,Tiểu học Nam Phong,Tiểu học,2026-09-24,09:00,36,1157,29.2,74.3,OK
TH04,Tiểu học Nam Phong,Tiểu học,2026-09-24,10:00,36,1384,30.0,72.6,OK
TH04,Tiểu học Nam Phong,Tiểu học,2026-09-24,13:00,36,963,30.9,68.1,OK
TH04,Tiểu học Nam Phong,Tiểu học,2026-09-24,14:00,36,1062,32.3,72.6,OK
TH04,Tiểu học Nam Phong,Tiểu học,2026-09-24,15:00,36,1110,29.8,74.8,OK
TH04,Tiểu học Nam Phong,Tiểu học,2026-09-24,16:00,36,1369,29.2,69.0,OK
TH04,Tiểu học Nam Phong,Tiểu học,2026-09-25,07:00,36,875,30.6,73.2,OK
TH04,Tiểu học Nam Phong,Tiểu học,2026-09-25,08:00,36,1290,28.2,66.2,OK
TH04,Tiểu học Nam Phong,Tiểu học,2026-09-25,09:00,36,1233,29.5,75.4,OK
TH04,Tiểu học Nam Phong,Tiểu học,2026-09-25,10:00,36,1321,29.1,75.7,OK
TH04,Tiểu học Nam Phong,Tiểu học,2026-09-25,13:00,36,960,30.8,71.7,OK
TH04,Tiểu học Nam Phong,Tiểu học,2026-09-25,14:00,36,1122,31.9,68.7,OK
TH04,Tiểu học Nam Phong,Tiểu học,2026-09-25,15:00,36,1144,27.7,71.8,OK
TH04,Tiểu học Nam Phong,Tiểu học,2026-09-25,16:00,36,1341,29.0,69.7,OK
TH05,Tiểu học Bình An,Tiểu học,2026-09-14,07:00,29,901,29.4,73.2,OK
TH05,Tiểu học Bình An,Tiểu học,2026-09-14,08:00,29,924,28.7,64.5,OK
TH05,Tiểu học Bình An,Tiểu học,2026-09-14,09:00,29,1165,27.7,64.7,OK
TH05,Tiểu học Bình An,Tiểu học,2026-09-14,10:00,29,1245,28.4,67.6,OK
TH05,Tiểu học Bình An,Tiểu học,2026-09-14,13:00,29,911,31.0,72.4,OK
TH05,Tiểu học Bình An,Tiểu học,2026-09-14,14:00,29,872,31.0,63.9,OK
TH05,Tiểu học Bình An,Tiểu học,2026-09-14,15:00,29,1058,29.0,66.5,OK
TH05,Tiểu học Bình An,Tiểu học,2026-09-14,16:00,29,1221,29.8,68.5,OK
TH05,Tiểu học Bình An,Tiểu học,2026-09-15,07:00,29,764,29.4,67.4,OK
TH05,Tiểu học Bình An,Tiểu học,2026-09-15,08:00,29,973,29.1,63.6,OK
TH05,Tiểu học Bình An,Tiểu học,2026-09-15,09:00,29,1007,28.2,69.3,OK
TH05,Tiểu học Bình An,Tiểu học,2026-09-15,10:00,29,1234,28.1,70.9,OK
TH05,Tiểu học Bình An,Tiểu học,2026-09-15,13:00,29,893,31.6,62.1,OK
TH05,Tiểu học Bình An,Tiểu học,2026-09-15,14:00,29,1039,32.5,73.1,OK
TH05,Tiểu học Bình An,Tiểu học,2026-09-15,15:00,29,1078,29.0,68.3,OK
TH05,Tiểu học Bình An,Tiểu học,2026-09-15,16:00,29,1256,27.9,66.1,OK
TH05,Tiểu học Bình An,Tiểu học,2026-09-16,07:00,29,739,29.1,73.5,OK
TH05,Tiểu học Bình An,Tiểu học,2026-09-16,08:00,29,958,28.8,73.2,OK
TH05,Tiểu học Bình An,Tiểu học,2026-09-16,09:00,29,1140,28.6,71.4,OK
TH05,Tiểu học Bình An,Tiểu học,2026-09-16,10:00,29,1235,29.0,66.9,OK
TH05,Tiểu học Bình An,Tiểu học,2026-09-16,13:00,29,845,31.8,62.6,OK
TH05,Tiểu học Bình An,Tiểu học,2026-09-16,14:00,29,909,31.4,69.3,OK
TH05,Tiểu học Bình An,Tiểu học,2026-09-16,15:00,29,979,28.8,68.3,OK
TH05,Tiểu học Bình An,Tiểu học,2026-09-16,16:00,29,1332,28.9,69.2,OK
TH05,Tiểu học Bình An,Tiểu học,2026-09-17,07:00,29,878,29.2,70.2,OK
TH05,Tiểu học Bình An,Tiểu học,2026-09-17,08:00,29,935,30.8,70.8,OK
TH05,Tiểu học Bình An,Tiểu học,2026-09-17,09:00,29,1060,28.7,69.1,OK
TH05,Tiểu học Bình An,Tiểu học,2026-09-17,10:00,29,1123,29.3,69.4,OK
TH05,Tiểu học Bình An,Tiểu học,2026-09-17,13:00,29,811,31.6,70.3,OK
TH05,Tiểu học Bình An,Tiểu học,2026-09-17,14:00,29,922,31.6,71.9,OK
TH05,Tiểu học Bình An,Tiểu học,2026-09-17,15:00,29,1091,29.3,65.5,OK
TH05,Tiểu học Bình An,Tiểu học,2026-09-17,16:00,29,1182,29.7,69.5,OK
TH05,Tiểu học Bình An,Tiểu học,2026-09-18,07:00,29,811,27.9,71.3,OK
TH05,Tiểu học Bình An,Tiểu học,2026-09-18,08:00,29,891,29.5,69.0,OK
TH05,Tiểu học Bình An,Tiểu học,2026-09-18,09:00,29,1005,28.4,70.0,OK
TH05,Tiểu học Bình An,Tiểu học,2026-09-18,10:00,29,1209,28.5,65.5,OK
TH05,Tiểu học Bình An,Tiểu học,2026-09-18,13:00,29,926,30.7,70.2,OK
TH05,Tiểu học Bình An,Tiểu học,2026-09-18,14:00,29,896,31.5,68.1,OK
TH05,Tiểu học Bình An,Tiểu học,2026-09-18,15:00,29,1127,28.8,66.3,OK
TH05,Tiểu học Bình An,Tiểu học,2026-09-18,16:00,29,1225,30.6,72.4,OK
TH05,Tiểu học Bình An,Tiểu học,2026-09-21,07:00,29,807,29.2,65.9,OK
TH05,Tiểu học Bình An,Tiểu học,2026-09-21,08:00,29,960,29.1,68.0,OK
TH05,Tiểu học Bình An,Tiểu học,2026-09-21,09:00,29,1081,28.7,67.6,OK
TH05,Tiểu học Bình An,Tiểu học,2026-09-21,10:00,29,1204,29.4,70.8,OK
TH05,Tiểu học Bình An,Tiểu học,2026-09-21,13:00,29,832,30.7,68.2,OK
TH05,Tiểu học Bình An,Tiểu học,2026-09-21,14:00,29,885,31.4,73.3,OK
TH05,Tiểu học Bình An,Tiểu học,2026-09-21,15:00,29,1113,30.0,68.5,OK
TH05,Tiểu học Bình An,Tiểu học,2026-09-21,16:00,29,1275,28.3,72.0,OK
TH05,Tiểu học Bình An,Tiểu học,2026-09-22,07:00,29,815,29.0,66.3,OK
TH05,Tiểu học Bình An,Tiểu học,2026-09-22,08:00,29,960,29.6,67.8,OK
TH05,Tiểu học Bình An,Tiểu học,2026-09-22,09:00,29,1076,28.5,68.1,OK
TH05,Tiểu học Bình An,Tiểu học,2026-09-22,10:00,29,1309,28.0,65.5,OK
TH05,Tiểu học Bình An,Tiểu học,2026-09-22,13:00,29,856,33.0,69.0,OK
TH05,Tiểu học Bình An,Tiểu học,2026-09-22,14:00,29,966,30.3,63.5,OK
TH05,Tiểu học Bình An,Tiểu học,2026-09-22,15:00,29,1073,29.4,69.4,OK
TH05,Tiểu học Bình An,Tiểu học,2026-09-22,16:00,29,1216,29.2,67.8,OK
TH05,Tiểu học Bình An,Tiểu học,2026-09-23,07:00,29,819,28.3,70.3,OK
TH05,Tiểu học Bình An,Tiểu học,2026-09-23,08:00,29,865,29.1,68.7,OK
TH05,Tiểu học Bình An,Tiểu học,2026-09-23,09:00,29,1035,28.2,68.8,OK
TH05,Tiểu học Bình An,Tiểu học,2026-09-23,10:00,29,1268,28.9,71.1,OK
TH05,Tiểu học Bình An,Tiểu học,2026-09-23,13:00,29,887,30.4,74.2,OK
TH05,Tiểu học Bình An,Tiểu học,2026-09-23,14:00,29,961,32.4,67.0,OK
TH05,Tiểu học Bình An,Tiểu học,2026-09-23,15:00,29,1060,29.6,70.5,OK
TH05,Tiểu học Bình An,Tiểu học,2026-09-23,16:00,29,1141,28.3,73.7,OK
TH05,Tiểu học Bình An,Tiểu học,2026-09-24,07:00,29,873,28.9,66.7,OK
TH05,Tiểu học Bình An,Tiểu học,2026-09-24,08:00,29,1033,29.7,73.5,OK
TH05,Tiểu học Bình An,Tiểu học,2026-09-24,09:00,29,1113,28.1,61.3,OK
TH05,Tiểu học Bình An,Tiểu học,2026-09-24,10:00,29,1103,28.9,67.9,OK
TH05,Tiểu học Bình An,Tiểu học,2026-09-24,13:00,29,923,30.4,71.1,OK
TH05,Tiểu học Bình An,Tiểu học,2026-09-24,14:00,29,936,31.4,65.7,OK
TH05,Tiểu học Bình An,Tiểu học,2026-09-24,15:00,29,1047,28.7,66.7,OK
TH05,Tiểu học Bình An,Tiểu học,2026-09-24,16:00,29,1258,28.4,65.9,OK
TH05,Tiểu học Bình An,Tiểu học,2026-09-25,07:00,29,920,29.8,70.0,OK
TH05,Tiểu học Bình An,Tiểu học,2026-09-25,08:00,29,898,28.6,66.9,OK
TH05,Tiểu học Bình An,Tiểu học,2026-09-25,09:00,29,1125,31.2,68.4,OK
TH05,Tiểu học Bình An,Tiểu học,2026-09-25,10:00,29,1249,29.7,67.8,OK
TH05,Tiểu học Bình An,Tiểu học,2026-09-25,13:00,29,909,32.2,69.0,OK
TH05,Tiểu học Bình An,Tiểu học,2026-09-25,14:00,29,989,32.0,68.4,OK
TH05,Tiểu học Bình An,Tiểu học,2026-09-25,15:00,29,1096,28.2,69.9,OK
TH05,Tiểu học Bình An,Tiểu học,2026-09-25,16:00,29,1212,29.1,68.9,OK
TH06,Tiểu học Long Thành,Tiểu học,2026-09-14,07:00,27,848,28.8,70.2,OK
TH06,Tiểu học Long Thành,Tiểu học,2026-09-14,08:00,27,895,28.3,63.1,OK
TH06,Tiểu học Long Thành,Tiểu học,2026-09-14,09:00,27,1003,28.6,67.4,OK
TH06,Tiểu học Long Thành,Tiểu học,2026-09-14,10:00,27,1067,28.3,66.9,OK
TH06,Tiểu học Long Thành,Tiểu học,2026-09-14,13:00,27,860,29.7,73.1,OK
TH06,Tiểu học Long Thành,Tiểu học,2026-09-14,14:00,27,984,29.9,69.4,OK
TH06,Tiểu học Long Thành,Tiểu học,2026-09-14,15:00,27,1114,28.1,67.5,OK
TH06,Tiểu học Long Thành,Tiểu học,2026-09-14,16:00,27,1146,29.6,70.3,OK
TH06,Tiểu học Long Thành,Tiểu học,2026-09-15,07:00,27,824,28.9,68.7,OK
TH06,Tiểu học Long Thành,Tiểu học,2026-09-15,08:00,27,975,27.2,67.7,OK
TH06,Tiểu học Long Thành,Tiểu học,2026-09-15,09:00,27,1010,27.9,61.4,OK
TH06,Tiểu học Long Thành,Tiểu học,2026-09-15,10:00,27,1105,28.8,63.8,OK
TH06,Tiểu học Long Thành,Tiểu học,2026-09-15,13:00,27,801,32.2,74.1,OK
TH06,Tiểu học Long Thành,Tiểu học,2026-09-15,14:00,27,867,31.1,65.0,OK
TH06,Tiểu học Long Thành,Tiểu học,2026-09-15,15:00,27,1083,27.6,63.0,OK
TH06,Tiểu học Long Thành,Tiểu học,2026-09-15,16:00,27,1193,29.7,73.5,OK
TH06,Tiểu học Long Thành,Tiểu học,2026-09-16,07:00,27,843,27.8,65.0,OK
TH06,Tiểu học Long Thành,Tiểu học,2026-09-16,08:00,27,921,27.1,66.7,OK
TH06,Tiểu học Long Thành,Tiểu học,2026-09-16,09:00,27,993,28.2,69.6,OK
TH06,Tiểu học Long Thành,Tiểu học,2026-09-16,10:00,27,1148,28.8,71.2,OK
TH06,Tiểu học Long Thành,Tiểu học,2026-09-16,13:00,27,778,30.8,71.8,OK
TH06,Tiểu học Long Thành,Tiểu học,2026-09-16,14:00,27,969,31.5,71.6,OK
TH06,Tiểu học Long Thành,Tiểu học,2026-09-16,15:00,27,1059,28.2,63.1,OK
TH06,Tiểu học Long Thành,Tiểu học,2026-09-16,16:00,27,1123,28.5,71.9,OK
TH06,Tiểu học Long Thành,Tiểu học,2026-09-17,07:00,27,837,29.4,66.5,OK
TH06,Tiểu học Long Thành,Tiểu học,2026-09-17,08:00,27,823,27.7,64.9,OK
TH06,Tiểu học Long Thành,Tiểu học,2026-09-17,09:00,27,1067,29.0,68.8,OK
TH06,Tiểu học Long Thành,Tiểu học,2026-09-17,10:00,27,1122,28.5,63.7,OK
TH06,Tiểu học Long Thành,Tiểu học,2026-09-17,13:00,27,811,31.1,70.0,OK
TH06,Tiểu học Long Thành,Tiểu học,2026-09-17,14:00,27,954,31.6,66.7,OK
TH06,Tiểu học Long Thành,Tiểu học,2026-09-17,15:00,27,1134,29.3,64.2,OK
TH06,Tiểu học Long Thành,Tiểu học,2026-09-17,16:00,27,1201,29.1,70.1,OK
TH06,Tiểu học Long Thành,Tiểu học,2026-09-18,07:00,27,760,28.2,62.6,OK
TH06,Tiểu học Long Thành,Tiểu học,2026-09-18,08:00,27,1000,29.5,70.6,OK
TH06,Tiểu học Long Thành,Tiểu học,2026-09-18,09:00,27,1103,29.1,65.1,OK
TH06,Tiểu học Long Thành,Tiểu học,2026-09-18,10:00,27,1163,28.4,71.7,OK
TH06,Tiểu học Long Thành,Tiểu học,2026-09-18,13:00,27,749,30.2,72.1,OK
TH06,Tiểu học Long Thành,Tiểu học,2026-09-18,14:00,27,935,30.3,63.3,OK
TH06,Tiểu học Long Thành,Tiểu học,2026-09-18,15:00,27,1013,28.8,64.1,OK
TH06,Tiểu học Long Thành,Tiểu học,2026-09-18,16:00,27,1227,29.7,71.8,OK
TH06,Tiểu học Long Thành,Tiểu học,2026-09-21,07:00,27,808,28.4,65.7,OK
TH06,Tiểu học Long Thành,Tiểu học,2026-09-21,08:00,27,809,27.8,62.7,OK
TH06,Tiểu học Long Thành,Tiểu học,2026-09-21,09:00,27,1028,29.9,70.0,OK
TH06,Tiểu học Long Thành,Tiểu học,2026-09-21,10:00,27,1236,30.5,68.4,OK
TH06,Tiểu học Long Thành,Tiểu học,2026-09-21,13:00,27,776,31.3,70.9,OK
TH06,Tiểu học Long Thành,Tiểu học,2026-09-21,14:00,27,915,31.0,61.4,OK
TH06,Tiểu học Long Thành,Tiểu học,2026-09-21,15:00,27,1064,28.8,63.7,OK
TH06,Tiểu học Long Thành,Tiểu học,2026-09-21,16:00,27,1104,28.5,67.2,OK
TH06,Tiểu học Long Thành,Tiểu học,2026-09-22,07:00,27,822,28.8,65.2,OK
TH06,Tiểu học Long Thành,Tiểu học,2026-09-22,08:00,27,953,29.6,68.6,OK
TH06,Tiểu học Long Thành,Tiểu học,2026-09-22,09:00,27,1159,29.0,65.0,OK
TH06,Tiểu học Long Thành,Tiểu học,2026-09-22,10:00,27,1029,28.5,66.9,OK
TH06,Tiểu học Long Thành,Tiểu học,2026-09-22,13:00,27,856,29.7,61.1,OK
TH06,Tiểu học Long Thành,Tiểu học,2026-09-22,14:00,27,1047,31.3,66.0,OK
TH06,Tiểu học Long Thành,Tiểu học,2026-09-22,15:00,27,1060,28.9,63.7,OK
TH06,Tiểu học Long Thành,Tiểu học,2026-09-22,16:00,27,1121,29.4,67.8,OK
TH06,Tiểu học Long Thành,Tiểu học,2026-09-23,07:00,27,877,29.2,64.5,OK
TH06,Tiểu học Long Thành,Tiểu học,2026-09-23,08:00,27,1039,27.8,64.6,OK
TH06,Tiểu học Long Thành,Tiểu học,2026-09-23,09:00,27,1104,28.8,71.2,OK
TH06,Tiểu học Long Thành,Tiểu học,2026-09-23,10:00,27,1220,27.7,65.1,OK
TH06,Tiểu học Long Thành,Tiểu học,2026-09-23,13:00,27,665,31.1,69.3,OK
TH06,Tiểu học Long Thành,Tiểu học,2026-09-23,14:00,27,920,31.6,66.5,OK
TH06,Tiểu học Long Thành,Tiểu học,2026-09-23,15:00,27,998,28.1,69.2,OK
TH06,Tiểu học Long Thành,Tiểu học,2026-09-23,16:00,27,1039,30.0,70.1,OK
TH06,Tiểu học Long Thành,Tiểu học,2026-09-24,07:00,27,879,29.0,67.9,OK
TH06,Tiểu học Long Thành,Tiểu học,2026-09-24,08:00,27,954,29.6,64.0,OK
TH06,Tiểu học Long Thành,Tiểu học,2026-09-24,09:00,27,1139,29.2,69.6,OK
TH06,Tiểu học Long Thành,Tiểu học,2026-09-24,10:00,27,1223,29.0,70.7,OK
TH06,Tiểu học Long Thành,Tiểu học,2026-09-24,13:00,27,871,31.7,69.8,OK
TH06,Tiểu học Long Thành,Tiểu học,2026-09-24,14:00,27,944,31.8,64.2,OK
TH06,Tiểu học Long Thành,Tiểu học,2026-09-24,15:00,27,1121,30.2,67.9,OK
TH06,Tiểu học Long Thành,Tiểu học,2026-09-24,16:00,27,1081,29.0,69.0,OK
TH06,Tiểu học Long Thành,Tiểu học,2026-09-25,07:00,27,821,28.0,61.0,OK
TH06,Tiểu học Long Thành,Tiểu học,2026-09-25,08:00,27,975,27.9,66.7,OK
TH06,Tiểu học Long Thành,Tiểu học,2026-09-25,09:00,27,1047,28.1,64.8,OK
TH06,Tiểu học Long Thành,Tiểu học,2026-09-25,10:00,27,1160,29.3,65.4,OK
TH06,Tiểu học Long Thành,Tiểu học,2026-09-25,13:00,27,784,32.2,70.3,OK
TH06,Tiểu học Long Thành,Tiểu học,2026-09-25,14:00,27,833,31.3,62.8,OK
TH06,Tiểu học Long Thành,Tiểu học,2026-09-25,15:00,27,1135,29.0,61.4,OK
TH06,Tiểu học Long Thành,Tiểu học,2026-09-25,16:00,27,1081,29.4,69.0,OK
TH07,Tiểu học Phú Điền,Tiểu học,2026-09-14,07:00,24,845,28.7,65.7,OK
TH07,Tiểu học Phú Điền,Tiểu học,2026-09-14,08:00,24,896,27.2,69.0,OK
TH07,Tiểu học Phú Điền,Tiểu học,2026-09-14,09:00,24,1007,28.3,64.6,OK
TH07,Tiểu học Phú Điền,Tiểu học,2026-09-14,10:00,24,1099,29.5,66.6,OK
TH07,Tiểu học Phú Điền,Tiểu học,2026-09-14,13:00,24,878,31.5,63.5,OK
TH07,Tiểu học Phú Điền,Tiểu học,2026-09-14,14:00,24,930,31.2,56.9,OK
TH07,Tiểu học Phú Điền,Tiểu học,2026-09-14,15:00,24,1078,28.2,68.1,OK
TH07,Tiểu học Phú Điền,Tiểu học,2026-09-14,16:00,24,1149,27.9,65.8,OK
TH07,Tiểu học Phú Điền,Tiểu học,2026-09-15,07:00,24,855,28.7,68.5,OK
TH07,Tiểu học Phú Điền,Tiểu học,2026-09-15,08:00,24,889,29.3,62.3,OK
TH07,Tiểu học Phú Điền,Tiểu học,2026-09-15,09:00,24,1023,28.6,69.5,OK
TH07,Tiểu học Phú Điền,Tiểu học,2026-09-15,10:00,24,1056,29.2,70.2,OK
TH07,Tiểu học Phú Điền,Tiểu học,2026-09-15,13:00,24,769,30.3,60.7,OK
TH07,Tiểu học Phú Điền,Tiểu học,2026-09-15,14:00,24,834,30.5,67.4,OK
TH07,Tiểu học Phú Điền,Tiểu học,2026-09-15,15:00,24,1004,28.3,68.9,OK
TH07,Tiểu học Phú Điền,Tiểu học,2026-09-15,16:00,24,1067,28.1,67.5,OK
TH07,Tiểu học Phú Điền,Tiểu học,2026-09-16,07:00,24,756,27.2,70.7,OK
TH07,Tiểu học Phú Điền,Tiểu học,2026-09-16,08:00,24,927,30.2,63.4,OK
TH07,Tiểu học Phú Điền,Tiểu học,2026-09-16,09:00,24,1010,28.0,72.6,OK
TH07,Tiểu học Phú Điền,Tiểu học,2026-09-16,10:00,24,1149,28.7,66.2,OK
TH07,Tiểu học Phú Điền,Tiểu học,2026-09-16,13:00,24,861,30.6,68.0,OK
TH07,Tiểu học Phú Điền,Tiểu học,2026-09-16,14:00,24,870,30.1,66.2,OK
TH07,Tiểu học Phú Điền,Tiểu học,2026-09-16,15:00,24,1075,28.8,65.3,OK
TH07,Tiểu học Phú Điền,Tiểu học,2026-09-16,16:00,24,1040,29.2,65.9,OK
TH07,Tiểu học Phú Điền,Tiểu học,2026-09-17,07:00,24,775,28.0,67.4,OK
TH07,Tiểu học Phú Điền,Tiểu học,2026-09-17,08:00,24,739,28.5,71.1,OK
TH07,Tiểu học Phú Điền,Tiểu học,2026-09-17,09:00,24,1004,29.2,65.9,OK
TH07,Tiểu học Phú Điền,Tiểu học,2026-09-17,10:00,24,1052,26.8,70.0,OK
TH07,Tiểu học Phú Điền,Tiểu học,2026-09-17,13:00,24,753,29.7,62.4,OK
TH07,Tiểu học Phú Điền,Tiểu học,2026-09-17,14:00,24,880,30.8,68.9,OK
TH07,Tiểu học Phú Điền,Tiểu học,2026-09-17,15:00,24,1018,28.5,69.6,OK
TH07,Tiểu học Phú Điền,Tiểu học,2026-09-17,16:00,24,1173,29.0,67.4,OK
TH07,Tiểu học Phú Điền,Tiểu học,2026-09-18,07:00,24,774,27.9,60.7,OK
TH07,Tiểu học Phú Điền,Tiểu học,2026-09-18,08:00,24,905,29.5,68.6,OK
TH07,Tiểu học Phú Điền,Tiểu học,2026-09-18,09:00,24,1003,28.3,67.2,OK
TH07,Tiểu học Phú Điền,Tiểu học,2026-09-18,10:00,24,1120,28.7,63.2,OK
TH07,Tiểu học Phú Điền,Tiểu học,2026-09-18,13:00,24,756,30.9,72.1,OK
TH07,Tiểu học Phú Điền,Tiểu học,2026-09-18,14:00,24,862,31.2,72.6,OK
TH07,Tiểu học Phú Điền,Tiểu học,2026-09-18,15:00,24,958,29.0,63.0,OK
TH07,Tiểu học Phú Điền,Tiểu học,2026-09-18,16:00,24,1080,28.3,56.5,OK
TH07,Tiểu học Phú Điền,Tiểu học,2026-09-21,07:00,24,694,29.0,66.3,OK
TH07,Tiểu học Phú Điền,Tiểu học,2026-09-21,08:00,24,920,27.6,58.9,OK
TH07,Tiểu học Phú Điền,Tiểu học,2026-09-21,09:00,24,1067,28.0,67.2,OK
TH07,Tiểu học Phú Điền,Tiểu học,2026-09-21,10:00,24,1116,29.7,74.7,OK
TH07,Tiểu học Phú Điền,Tiểu học,2026-09-21,13:00,24,818,31.4,68.7,OK
TH07,Tiểu học Phú Điền,Tiểu học,2026-09-21,14:00,24,957,29.8,67.2,OK
TH07,Tiểu học Phú Điền,Tiểu học,2026-09-21,15:00,24,1012,27.8,71.2,OK
TH07,Tiểu học Phú Điền,Tiểu học,2026-09-21,16:00,24,958,28.9,62.6,OK
TH07,Tiểu học Phú Điền,Tiểu học,2026-09-22,07:00,24,640,27.5,66.9,Nghi ngờ
TH07,Tiểu học Phú Điền,Tiểu học,2026-09-22,08:00,24,640,28.0,67.4,Nghi ngờ
TH07,Tiểu học Phú Điền,Tiểu học,2026-09-22,09:00,24,640,29.4,69.9,Nghi ngờ
TH07,Tiểu học Phú Điền,Tiểu học,2026-09-22,10:00,24,640,28.8,69.6,Nghi ngờ
TH07,Tiểu học Phú Điền,Tiểu học,2026-09-22,13:00,24,640,32.1,68.2,Nghi ngờ
TH07,Tiểu học Phú Điền,Tiểu học,2026-09-22,14:00,24,640,30.9,63.8,Nghi ngờ
TH07,Tiểu học Phú Điền,Tiểu học,2026-09-22,15:00,24,640,29.6,63.5,Nghi ngờ
TH07,Tiểu học Phú Điền,Tiểu học,2026-09-22,16:00,24,640,26.8,71.5,Nghi ngờ
TH07,Tiểu học Phú Điền,Tiểu học,2026-09-23,07:00,24,762,28.9,65.3,OK
TH07,Tiểu học Phú Điền,Tiểu học,2026-09-23,08:00,24,831,28.0,69.0,OK
TH07,Tiểu học Phú Điền,Tiểu học,2026-09-23,09:00,24,1019,28.7,63.5,OK
TH07,Tiểu học Phú Điền,Tiểu học,2026-09-23,10:00,24,1157,29.2,65.8,OK
TH07,Tiểu học Phú Điền,Tiểu học,2026-09-23,13:00,24,739,31.4,64.2,OK
TH07,Tiểu học Phú Điền,Tiểu học,2026-09-23,14:00,24,985,31.6,64.5,OK
TH07,Tiểu học Phú Điền,Tiểu học,2026-09-23,15:00,24,1056,28.0,66.7,OK
TH07,Tiểu học Phú Điền,Tiểu học,2026-09-23,16:00,24,1178,27.5,67.4,OK
TH07,Tiểu học Phú Điền,Tiểu học,2026-09-24,07:00,24,761,28.4,64.0,OK
TH07,Tiểu học Phú Điền,Tiểu học,2026-09-24,08:00,24,867,27.1,61.9,OK
TH07,Tiểu học Phú Điền,Tiểu học,2026-09-24,09:00,24,1059,28.2,64.8,OK
TH07,Tiểu học Phú Điền,Tiểu học,2026-09-24,10:00,24,1023,29.7,71.2,OK
TH07,Tiểu học Phú Điền,Tiểu học,2026-09-24,13:00,24,749,30.5,64.2,OK
TH07,Tiểu học Phú Điền,Tiểu học,2026-09-24,14:00,24,831,30.7,67.4,OK
TH07,Tiểu học Phú Điền,Tiểu học,2026-09-24,15:00,24,988,28.3,65.4,OK
TH07,Tiểu học Phú Điền,Tiểu học,2026-09-24,16:00,24,1039,29.1,66.7,OK
TH07,Tiểu học Phú Điền,Tiểu học,2026-09-25,07:00,24,846,27.9,63.6,OK
TH07,Tiểu học Phú Điền,Tiểu học,2026-09-25,08:00,24,837,28.1,70.3,OK
TH07,Tiểu học Phú Điền,Tiểu học,2026-09-25,09:00,24,863,28.8,74.4,OK
TH07,Tiểu học Phú Điền,Tiểu học,2026-09-25,10:00,24,1183,28.2,66.6,OK
TH07,Tiểu học Phú Điền,Tiểu học,2026-09-25,13:00,24,701,29.8,61.8,OK
TH07,Tiểu học Phú Điền,Tiểu học,2026-09-25,14:00,24,984,31.1,67.3,OK
TH07,Tiểu học Phú Điền,Tiểu học,2026-09-25,15:00,24,995,28.7,66.2,OK
TH07,Tiểu học Phú Điền,Tiểu học,2026-09-25,16:00,24,1038,27.7,64.1,OK
TH08,Tiểu học An Cư,Tiểu học,2026-09-14,07:00,22,760,27.5,64.4,OK
TH08,Tiểu học An Cư,Tiểu học,2026-09-14,08:00,22,852,27.5,65.2,OK
TH08,Tiểu học An Cư,Tiểu học,2026-09-14,09:00,22,870,29.5,62.4,OK
TH08,Tiểu học An Cư,Tiểu học,2026-09-14,10:00,22,1105,28.9,64.5,OK
TH08,Tiểu học An Cư,Tiểu học,2026-09-14,13:00,22,801,31.0,66.8,OK
TH08,Tiểu học An Cư,Tiểu học,2026-09-14,14:00,22,863,29.3,69.3,OK
TH08,Tiểu học An Cư,Tiểu học,2026-09-14,15:00,22,1030,28.6,68.3,OK
TH08,Tiểu học An Cư,Tiểu học,2026-09-14,16:00,22,990,27.9,64.8,OK
TH08,Tiểu học An Cư,Tiểu học,2026-09-15,07:00,22,817,27.3,69.0,OK
TH08,Tiểu học An Cư,Tiểu học,2026-09-15,08:00,22,720,28.0,68.9,OK
TH08,Tiểu học An Cư,Tiểu học,2026-09-15,09:00,22,957,26.6,58.4,OK
TH08,Tiểu học An Cư,Tiểu học,2026-09-15,10:00,22,1064,26.9,62.1,OK
TH08,Tiểu học An Cư,Tiểu học,2026-09-15,13:00,22,708,32.7,64.9,OK
TH08,Tiểu học An Cư,Tiểu học,2026-09-15,14:00,22,928,31.8,62.9,OK
TH08,Tiểu học An Cư,Tiểu học,2026-09-15,15:00,22,914,27.7,61.7,OK
TH08,Tiểu học An Cư,Tiểu học,2026-09-15,16:00,22,1011,29.2,63.4,OK
TH08,Tiểu học An Cư,Tiểu học,2026-09-16,07:00,22,805,27.5,65.2,OK
TH08,Tiểu học An Cư,Tiểu học,2026-09-16,08:00,22,865,28.6,61.0,OK
TH08,Tiểu học An Cư,Tiểu học,2026-09-16,09:00,22,931,28.0,60.7,OK
TH08,Tiểu học An Cư,Tiểu học,2026-09-16,10:00,22,1010,28.6,66.1,OK
TH08,Tiểu học An Cư,Tiểu học,2026-09-16,13:00,22,786,32.1,69.3,OK
TH08,Tiểu học An Cư,Tiểu học,2026-09-16,14:00,22,975,29.2,65.8,OK
TH08,Tiểu học An Cư,Tiểu học,2026-09-16,15:00,22,968,27.9,61.2,OK
TH08,Tiểu học An Cư,Tiểu học,2026-09-16,16:00,22,1019,27.9,70.9,OK
TH08,Tiểu học An Cư,Tiểu học,2026-09-17,07:00,22,732,28.8,70.5,OK
TH08,Tiểu học An Cư,Tiểu học,2026-09-17,08:00,22,903,28.4,67.7,OK
TH08,Tiểu học An Cư,Tiểu học,2026-09-17,09:00,22,944,28.9,70.6,OK
TH08,Tiểu học An Cư,Tiểu học,2026-09-17,10:00,22,1067,28.8,67.6,OK
TH08,Tiểu học An Cư,Tiểu học,2026-09-17,13:00,22,753,32.3,64.6,OK
TH08,Tiểu học An Cư,Tiểu học,2026-09-17,14:00,22,770,31.4,66.6,OK
TH08,Tiểu học An Cư,Tiểu học,2026-09-17,15:00,22,890,29.0,67.6,OK
TH08,Tiểu học An Cư,Tiểu học,2026-09-17,16:00,22,1045,27.5,66.7,OK
TH08,Tiểu học An Cư,Tiểu học,2026-09-18,07:00,22,784,28.8,69.3,OK
TH08,Tiểu học An Cư,Tiểu học,2026-09-18,08:00,22,894,28.3,64.3,OK
TH08,Tiểu học An Cư,Tiểu học,2026-09-18,09:00,22,1062,27.7,66.1,OK
TH08,Tiểu học An Cư,Tiểu học,2026-09-18,10:00,22,995,28.1,60.3,OK
TH08,Tiểu học An Cư,Tiểu học,2026-09-18,13:00,22,690,29.3,63.8,OK
TH08,Tiểu học An Cư,Tiểu học,2026-09-18,14:00,22,830,30.3,59.6,OK
TH08,Tiểu học An Cư,Tiểu học,2026-09-18,15:00,22,975,26.6,63.8,OK
TH08,Tiểu học An Cư,Tiểu học,2026-09-18,16:00,22,1007,29.2,65.1,OK
TH08,Tiểu học An Cư,Tiểu học,2026-09-21,07:00,22,771,27.4,66.5,OK
TH08,Tiểu học An Cư,Tiểu học,2026-09-21,08:00,22,755,28.5,67.2,OK
TH08,Tiểu học An Cư,Tiểu học,2026-09-21,09:00,22,975,28.7,64.9,OK
TH08,Tiểu học An Cư,Tiểu học,2026-09-21,10:00,22,972,28.6,65.9,OK
TH08,Tiểu học An Cư,Tiểu học,2026-09-21,13:00,22,766,29.9,68.8,OK
TH08,Tiểu học An Cư,Tiểu học,2026-09-21,14:00,22,862,30.3,65.4,OK
TH08,Tiểu học An Cư,Tiểu học,2026-09-21,15:00,22,966,28.7,65.6,OK
TH08,Tiểu học An Cư,Tiểu học,2026-09-21,16:00,22,1052,28.4,66.1,OK
TH08,Tiểu học An Cư,Tiểu học,2026-09-22,07:00,22,725,28.3,64.6,OK
TH08,Tiểu học An Cư,Tiểu học,2026-09-22,08:00,22,941,27.7,63.5,OK
TH08,Tiểu học An Cư,Tiểu học,2026-09-22,09:00,22,935,26.8,66.8,OK
TH08,Tiểu học An Cư,Tiểu học,2026-09-22,10:00,22,1068,28.7,69.2,OK
TH08,Tiểu học An Cư,Tiểu học,2026-09-22,13:00,22,770,31.4,68.7,OK
TH08,Tiểu học An Cư,Tiểu học,2026-09-22,14:00,22,882,30.8,67.1,OK
TH08,Tiểu học An Cư,Tiểu học,2026-09-22,15:00,22,985,29.4,66.1,OK
TH08,Tiểu học An Cư,Tiểu học,2026-09-22,16:00,22,1091,27.6,67.1,OK
TH08,Tiểu học An Cư,Tiểu học,2026-09-23,07:00,22,804,28.3,72.0,OK
TH08,Tiểu học An Cư,Tiểu học,2026-09-23,08:00,22,772,27.7,63.3,OK
TH08,Tiểu học An Cư,Tiểu học,2026-09-23,09:00,22,942,29.2,70.2,OK
TH08,Tiểu học An Cư,Tiểu học,2026-09-23,10:00,22,1106,27.2,72.2,OK
TH08,Tiểu học An Cư,Tiểu học,2026-09-23,13:00,22,810,31.1,68.1,OK
TH08,Tiểu học An Cư,Tiểu học,2026-09-23,14:00,22,946,29.8,65.8,OK
TH08,Tiểu học An Cư,Tiểu học,2026-09-23,15:00,22,1000,29.0,70.4,OK
TH08,Tiểu học An Cư,Tiểu học,2026-09-23,16:00,22,1090,27.7,65.6,OK
TH08,Tiểu học An Cư,Tiểu học,2026-09-24,07:00,22,710,29.3,67.3,OK
TH08,Tiểu học An Cư,Tiểu học,2026-09-24,08:00,22,719,28.8,65.0,OK
TH08,Tiểu học An Cư,Tiểu học,2026-09-24,09:00,22,922,28.6,65.0,OK
TH08,Tiểu học An Cư,Tiểu học,2026-09-24,10:00,22,983,27.8,69.6,OK
TH08,Tiểu học An Cư,Tiểu học,2026-09-24,13:00,22,756,31.2,66.0,OK
TH08,Tiểu học An Cư,Tiểu học,2026-09-24,14:00,22,785,31.0,70.2,OK
TH08,Tiểu học An Cư,Tiểu học,2026-09-24,15:00,22,1054,28.8,67.6,OK
TH08,Tiểu học An Cư,Tiểu học,2026-09-24,16:00,22,1108,28.2,64.8,OK
TH08,Tiểu học An Cư,Tiểu học,2026-09-25,07:00,22,781,28.7,64.8,OK
TH08,Tiểu học An Cư,Tiểu học,2026-09-25,08:00,22,848,28.5,61.8,OK
TH08,Tiểu học An Cư,Tiểu học,2026-09-25,09:00,22,875,29.2,61.0,OK
TH08,Tiểu học An Cư,Tiểu học,2026-09-25,10:00,22,1041,27.7,66.0,OK
TH08,Tiểu học An Cư,Tiểu học,2026-09-25,13:00,22,776,31.4,64.4,OK
TH08,Tiểu học An Cư,Tiểu học,2026-09-25,14:00,22,794,31.0,65.9,OK
TH08,Tiểu học An Cư,Tiểu học,2026-09-25,15:00,22,926,28.9,60.4,OK
TH08,Tiểu học An Cư,Tiểu học,2026-09-25,16:00,22,1022,28.4,62.6,OK
TH09,Tiểu học Thanh Sơn,Tiểu học,2026-09-14,07:00,19,794,28.4,61.4,OK
TH09,Tiểu học Thanh Sơn,Tiểu học,2026-09-14,08:00,19,813,27.6,66.5,OK
TH09,Tiểu học Thanh Sơn,Tiểu học,2026-09-14,09:00,19,848,28.6,67.8,OK
TH09,Tiểu học Thanh Sơn,Tiểu học,2026-09-14,10:00,19,930,28.5,71.4,OK
TH09,Tiểu học Thanh Sơn,Tiểu học,2026-09-14,13:00,19,760,29.9,66.1,OK
TH09,Tiểu học Thanh Sơn,Tiểu học,2026-09-14,14:00,19,825,30.9,68.1,OK
TH09,Tiểu học Thanh Sơn,Tiểu học,2026-09-14,15:00,19,937,28.1,63.0,OK
TH09,Tiểu học Thanh Sơn,Tiểu học,2026-09-14,16:00,19,912,27.6,62.1,OK
TH09,Tiểu học Thanh Sơn,Tiểu học,2026-09-15,07:00,19,715,27.8,65.1,OK
TH09,Tiểu học Thanh Sơn,Tiểu học,2026-09-15,08:00,19,815,28.3,65.9,OK
TH09,Tiểu học Thanh Sơn,Tiểu học,2026-09-15,09:00,19,949,27.4,64.5,OK
TH09,Tiểu học Thanh Sơn,Tiểu học,2026-09-15,10:00,19,1027,27.8,64.2,OK
TH09,Tiểu học Thanh Sơn,Tiểu học,2026-09-15,13:00,19,683,30.1,65.0,OK
TH09,Tiểu học Thanh Sơn,Tiểu học,2026-09-15,14:00,19,886,31.0,65.7,OK
TH09,Tiểu học Thanh Sơn,Tiểu học,2026-09-15,15:00,19,829,28.5,68.8,OK
TH09,Tiểu học Thanh Sơn,Tiểu học,2026-09-15,16:00,19,986,28.9,65.2,OK
TH09,Tiểu học Thanh Sơn,Tiểu học,2026-09-16,07:00,19,765,27.9,64.0,OK
TH09,Tiểu học Thanh Sơn,Tiểu học,2026-09-16,08:00,19,797,27.6,63.4,OK
TH09,Tiểu học Thanh Sơn,Tiểu học,2026-09-16,09:00,19,912,29.2,68.2,OK
TH09,Tiểu học Thanh Sơn,Tiểu học,2026-09-16,10:00,19,933,28.3,66.6,OK
TH09,Tiểu học Thanh Sơn,Tiểu học,2026-09-16,13:00,19,823,31.7,66.7,OK
TH09,Tiểu học Thanh Sơn,Tiểu học,2026-09-16,14:00,19,694,30.3,65.8,OK
TH09,Tiểu học Thanh Sơn,Tiểu học,2026-09-16,15:00,19,927,27.5,66.2,OK
TH09,Tiểu học Thanh Sơn,Tiểu học,2026-09-16,16:00,19,992,28.2,65.2,OK
TH09,Tiểu học Thanh Sơn,Tiểu học,2026-09-17,07:00,19,684,28.2,60.9,OK
TH09,Tiểu học Thanh Sơn,Tiểu học,2026-09-17,08:00,19,869,27.9,64.2,OK
TH09,Tiểu học Thanh Sơn,Tiểu học,2026-09-17,09:00,19,954,28.3,62.8,OK
TH09,Tiểu học Thanh Sơn,Tiểu học,2026-09-17,10:00,19,959,27.3,66.0,OK
TH09,Tiểu học Thanh Sơn,Tiểu học,2026-09-17,13:00,19,644,30.4,63.0,OK
TH09,Tiểu học Thanh Sơn,Tiểu học,2026-09-17,14:00,19,709,30.8,61.5,OK
TH09,Tiểu học Thanh Sơn,Tiểu học,2026-09-17,15:00,19,952,28.7,63.2,OK
TH09,Tiểu học Thanh Sơn,Tiểu học,2026-09-17,16:00,19,1117,28.1,66.6,OK
TH09,Tiểu học Thanh Sơn,Tiểu học,2026-09-18,07:00,19,610,27.0,62.3,OK
TH09,Tiểu học Thanh Sơn,Tiểu học,2026-09-18,08:00,19,839,28.7,61.7,OK
TH09,Tiểu học Thanh Sơn,Tiểu học,2026-09-18,09:00,19,889,28.2,64.5,OK
TH09,Tiểu học Thanh Sơn,Tiểu học,2026-09-18,10:00,19,939,30.1,64.3,OK
TH09,Tiểu học Thanh Sơn,Tiểu học,2026-09-18,13:00,19,713,30.8,65.2,OK
TH09,Tiểu học Thanh Sơn,Tiểu học,2026-09-18,14:00,19,845,30.6,65.5,OK
TH09,Tiểu học Thanh Sơn,Tiểu học,2026-09-18,15:00,19,899,28.1,62.6,OK
TH09,Tiểu học Thanh Sơn,Tiểu học,2026-09-18,16:00,19,1033,27.9,63.7,OK
TH09,Tiểu học Thanh Sơn,Tiểu học,2026-09-21,07:00,19,725,27.4,65.1,OK
TH09,Tiểu học Thanh Sơn,Tiểu học,2026-09-21,08:00,19,808,28.4,63.7,OK
TH09,Tiểu học Thanh Sơn,Tiểu học,2026-09-21,09:00,19,963,29.1,66.7,OK
TH09,Tiểu học Thanh Sơn,Tiểu học,2026-09-21,10:00,19,968,27.4,68.2,OK
TH09,Tiểu học Thanh Sơn,Tiểu học,2026-09-21,13:00,19,773,29.1,68.0,OK
TH09,Tiểu học Thanh Sơn,Tiểu học,2026-09-21,14:00,19,815,30.5,64.8,OK
TH09,Tiểu học Thanh Sơn,Tiểu học,2026-09-21,15:00,19,833,29.0,64.0,OK
TH09,Tiểu học Thanh Sơn,Tiểu học,2026-09-21,16:00,19,873,29.4,63.2,OK
TH09,Tiểu học Thanh Sơn,Tiểu học,2026-09-22,07:00,19,663,28.0,66.1,OK
TH09,Tiểu học Thanh Sơn,Tiểu học,2026-09-22,08:00,19,774,28.3,63.4,OK
TH09,Tiểu học Thanh Sơn,Tiểu học,2026-09-22,09:00,19,926,27.8,67.9,OK
TH09,Tiểu học Thanh Sơn,Tiểu học,2026-09-22,10:00,19,1029,28.2,62.9,OK
TH09,Tiểu học Thanh Sơn,Tiểu học,2026-09-22,13:00,19,777,30.2,64.3,OK
TH09,Tiểu học Thanh Sơn,Tiểu học,2026-09-22,14:00,19,847,29.3,65.5,OK
TH09,Tiểu học Thanh Sơn,Tiểu học,2026-09-22,15:00,19,877,28.7,65.3,OK
TH09,Tiểu học Thanh Sơn,Tiểu học,2026-09-22,16:00,19,887,26.5,61.3,OK
TH09,Tiểu học Thanh Sơn,Tiểu học,2026-09-23,07:00,19,750,28.2,68.8,OK
TH09,Tiểu học Thanh Sơn,Tiểu học,2026-09-23,08:00,19,831,28.2,64.1,OK
TH09,Tiểu học Thanh Sơn,Tiểu học,2026-09-23,09:00,19,835,28.1,68.0,OK
TH09,Tiểu học Thanh Sơn,Tiểu học,2026-09-23,10:00,19,946,27.5,64.1,OK
TH09,Tiểu học Thanh Sơn,Tiểu học,2026-09-23,13:00,19,670,30.8,67.4,OK
TH09,Tiểu học Thanh Sơn,Tiểu học,2026-09-23,14:00,19,958,29.9,63.2,OK
TH09,Tiểu học Thanh Sơn,Tiểu học,2026-09-23,15:00,19,818,27.9,63.8,OK
TH09,Tiểu học Thanh Sơn,Tiểu học,2026-09-23,16:00,19,887,28.8,65.7,OK
TH09,Tiểu học Thanh Sơn,Tiểu học,2026-09-24,07:00,19,785,29.5,71.0,OK
TH09,Tiểu học Thanh Sơn,Tiểu học,2026-09-24,08:00,19,803,29.3,64.6,OK
TH09,Tiểu học Thanh Sơn,Tiểu học,2026-09-24,09:00,19,853,29.3,68.8,OK
TH09,Tiểu học Thanh Sơn,Tiểu học,2026-09-24,10:00,19,1008,28.5,60.2,OK
TH09,Tiểu học Thanh Sơn,Tiểu học,2026-09-24,13:00,19,700,30.7,66.3,OK
TH09,Tiểu học Thanh Sơn,Tiểu học,2026-09-24,14:00,19,813,28.9,69.0,OK
TH09,Tiểu học Thanh Sơn,Tiểu học,2026-09-24,15:00,19,898,28.8,66.7,OK
TH09,Tiểu học Thanh Sơn,Tiểu học,2026-09-24,16:00,19,982,27.2,66.5,OK
TH09,Tiểu học Thanh Sơn,Tiểu học,2026-09-25,07:00,19,754,27.9,64.6,OK
TH09,Tiểu học Thanh Sơn,Tiểu học,2026-09-25,08:00,19,758,27.7,59.4,OK
TH09,Tiểu học Thanh Sơn,Tiểu học,2026-09-25,09:00,19,906,29.4,67.0,OK
TH09,Tiểu học Thanh Sơn,Tiểu học,2026-09-25,10:00,19,1000,27.8,65.3,OK
TH09,Tiểu học Thanh Sơn,Tiểu học,2026-09-25,13:00,19,671,29.4,63.3,OK
TH09,Tiểu học Thanh Sơn,Tiểu học,2026-09-25,14:00,19,833,31.8,64.9,OK
TH09,Tiểu học Thanh Sơn,Tiểu học,2026-09-25,15:00,19,949,28.4,66.4,OK
TH09,Tiểu học Thanh Sơn,Tiểu học,2026-09-25,16:00,19,954,27.7,62.1,OK
TH10,Tiểu học Mỹ Khánh,Tiểu học,2026-09-14,07:00,31,875,30.5,65.2,OK
TH10,Tiểu học Mỹ Khánh,Tiểu học,2026-09-14,08:00,31,1006,28.2,68.9,OK
TH10,Tiểu học Mỹ Khánh,Tiểu học,2026-09-14,09:00,31,1200,28.7,64.5,OK
TH10,Tiểu học Mỹ Khánh,Tiểu học,2026-09-14,10:00,31,1163,28.8,70.1,OK
TH10,Tiểu học Mỹ Khánh,Tiểu học,2026-09-14,13:00,31,987,31.4,72.8,OK
TH10,Tiểu học Mỹ Khánh,Tiểu học,2026-09-14,14:00,31,1054,30.9,73.2,OK
TH10,Tiểu học Mỹ Khánh,Tiểu học,2026-09-14,15:00,31,1105,29.0,70.0,OK
TH10,Tiểu học Mỹ Khánh,Tiểu học,2026-09-14,16:00,31,1303,29.5,63.7,OK
TH10,Tiểu học Mỹ Khánh,Tiểu học,2026-09-15,07:00,31,768,29.8,72.7,OK
TH10,Tiểu học Mỹ Khánh,Tiểu học,2026-09-15,08:00,31,906,29.0,68.4,OK
TH10,Tiểu học Mỹ Khánh,Tiểu học,2026-09-15,09:00,31,1147,27.2,69.5,OK
TH10,Tiểu học Mỹ Khánh,Tiểu học,2026-09-15,10:00,31,1359,28.4,66.1,OK
TH10,Tiểu học Mỹ Khánh,Tiểu học,2026-09-15,13:00,31,852,30.8,69.2,OK
TH10,Tiểu học Mỹ Khánh,Tiểu học,2026-09-15,14:00,31,946,32.3,67.9,OK
TH10,Tiểu học Mỹ Khánh,Tiểu học,2026-09-15,15:00,31,1148,27.8,67.1,OK
TH10,Tiểu học Mỹ Khánh,Tiểu học,2026-09-15,16:00,31,1272,29.2,68.9,OK
TH10,Tiểu học Mỹ Khánh,Tiểu học,2026-09-16,07:00,31,853,29.1,74.7,OK
TH10,Tiểu học Mỹ Khánh,Tiểu học,2026-09-16,08:00,31,870,28.4,70.8,OK
TH10,Tiểu học Mỹ Khánh,Tiểu học,2026-09-16,09:00,31,1041,28.9,69.5,OK
TH10,Tiểu học Mỹ Khánh,Tiểu học,2026-09-16,10:00,31,1254,30.8,71.2,OK
TH10,Tiểu học Mỹ Khánh,Tiểu học,2026-09-16,13:00,31,1006,31.5,67.4,OK
TH10,Tiểu học Mỹ Khánh,Tiểu học,2026-09-16,14:00,31,1003,31.2,69.6,OK
TH10,Tiểu học Mỹ Khánh,Tiểu học,2026-09-16,15:00,31,1096,27.7,66.5,OK
TH10,Tiểu học Mỹ Khánh,Tiểu học,2026-09-16,16:00,31,1279,29.3,70.8,OK
TH10,Tiểu học Mỹ Khánh,Tiểu học,2026-09-17,07:00,31,905,28.7,64.8,OK
TH10,Tiểu học Mỹ Khánh,Tiểu học,2026-09-17,08:00,31,866,28.0,71.9,OK
TH10,Tiểu học Mỹ Khánh,Tiểu học,2026-09-17,09:00,31,1112,29.1,74.0,OK
TH10,Tiểu học Mỹ Khánh,Tiểu học,2026-09-17,10:00,31,1200,28.7,71.8,OK
TH10,Tiểu học Mỹ Khánh,Tiểu học,2026-09-17,13:00,31,841,32.0,68.8,OK
TH10,Tiểu học Mỹ Khánh,Tiểu học,2026-09-17,14:00,31,1041,31.5,69.6,OK
TH10,Tiểu học Mỹ Khánh,Tiểu học,2026-09-17,15:00,31,1113,30.0,69.1,OK
TH10,Tiểu học Mỹ Khánh,Tiểu học,2026-09-17,16:00,31,1297,28.5,67.7,OK
TH10,Tiểu học Mỹ Khánh,Tiểu học,2026-09-18,07:00,31,845,29.4,69.9,OK
TH10,Tiểu học Mỹ Khánh,Tiểu học,2026-09-18,08:00,31,984,28.7,70.5,OK
TH10,Tiểu học Mỹ Khánh,Tiểu học,2026-09-18,09:00,31,1069,28.3,69.8,OK
TH10,Tiểu học Mỹ Khánh,Tiểu học,2026-09-18,10:00,31,1188,28.8,73.5,OK
TH10,Tiểu học Mỹ Khánh,Tiểu học,2026-09-18,13:00,31,867,30.9,69.7,OK
TH10,Tiểu học Mỹ Khánh,Tiểu học,2026-09-18,14:00,31,1018,31.0,69.6,OK
TH10,Tiểu học Mỹ Khánh,Tiểu học,2026-09-18,15:00,31,1127,28.5,71.1,OK
TH10,Tiểu học Mỹ Khánh,Tiểu học,2026-09-18,16:00,31,1258,29.5,70.0,OK
TH10,Tiểu học Mỹ Khánh,Tiểu học,2026-09-21,07:00,31,780,28.0,73.9,OK
TH10,Tiểu học Mỹ Khánh,Tiểu học,2026-09-21,08:00,31,999,28.0,66.4,OK
TH10,Tiểu học Mỹ Khánh,Tiểu học,2026-09-21,09:00,31,1186,30.8,68.6,OK
TH10,Tiểu học Mỹ Khánh,Tiểu học,2026-09-21,10:00,31,1281,28.9,66.7,OK
TH10,Tiểu học Mỹ Khánh,Tiểu học,2026-09-21,13:00,31,862,32.1,74.7,OK
TH10,Tiểu học Mỹ Khánh,Tiểu học,2026-09-21,14:00,31,1028,30.9,68.6,OK
TH10,Tiểu học Mỹ Khánh,Tiểu học,2026-09-21,15:00,31,1185,29.0,68.4,OK
TH10,Tiểu học Mỹ Khánh,Tiểu học,2026-09-21,16:00,31,1184,29.3,71.4,OK
TH10,Tiểu học Mỹ Khánh,Tiểu học,2026-09-22,07:00,31,879,28.1,71.9,OK
TH10,Tiểu học Mỹ Khánh,Tiểu học,2026-09-22,08:00,31,1043,27.8,68.6,OK
TH10,Tiểu học Mỹ Khánh,Tiểu học,2026-09-22,09:00,31,1050,29.4,63.8,OK
TH10,Tiểu học Mỹ Khánh,Tiểu học,2026-09-22,10:00,31,1077,28.6,59.0,OK
TH10,Tiểu học Mỹ Khánh,Tiểu học,2026-09-22,13:00,31,779,31.9,68.1,OK
TH10,Tiểu học Mỹ Khánh,Tiểu học,2026-09-22,14:00,31,1007,30.3,66.7,OK
TH10,Tiểu học Mỹ Khánh,Tiểu học,2026-09-22,15:00,31,970,29.9,71.0,OK
TH10,Tiểu học Mỹ Khánh,Tiểu học,2026-09-22,16:00,31,1254,29.0,70.6,OK
TH10,Tiểu học Mỹ Khánh,Tiểu học,2026-09-23,07:00,31,744,27.8,67.3,OK
TH10,Tiểu học Mỹ Khánh,Tiểu học,2026-09-23,08:00,31,1071,29.2,67.7,OK
TH10,Tiểu học Mỹ Khánh,Tiểu học,2026-09-23,09:00,31,1244,29.4,69.5,OK
TH10,Tiểu học Mỹ Khánh,Tiểu học,2026-09-23,10:00,31,1274,28.8,69.2,OK
TH10,Tiểu học Mỹ Khánh,Tiểu học,2026-09-23,13:00,31,696,31.9,67.5,OK
TH10,Tiểu học Mỹ Khánh,Tiểu học,2026-09-23,14:00,31,917,31.1,72.7,OK
TH10,Tiểu học Mỹ Khánh,Tiểu học,2026-09-23,15:00,31,996,29.2,68.2,OK
TH10,Tiểu học Mỹ Khánh,Tiểu học,2026-09-23,16:00,31,1224,28.4,66.6,OK
TH10,Tiểu học Mỹ Khánh,Tiểu học,2026-09-24,07:00,31,787,30.0,64.4,OK
TH10,Tiểu học Mỹ Khánh,Tiểu học,2026-09-24,08:00,31,995,28.9,62.0,OK
TH10,Tiểu học Mỹ Khánh,Tiểu học,2026-09-24,09:00,31,940,28.5,70.6,OK
TH10,Tiểu học Mỹ Khánh,Tiểu học,2026-09-24,10:00,31,1342,31.9,69.3,OK
TH10,Tiểu học Mỹ Khánh,Tiểu học,2026-09-24,13:00,31,878,31.3,64.2,OK
TH10,Tiểu học Mỹ Khánh,Tiểu học,2026-09-24,14:00,31,926,31.7,64.6,OK
TH10,Tiểu học Mỹ Khánh,Tiểu học,2026-09-24,15:00,31,1181,28.8,69.3,OK
TH10,Tiểu học Mỹ Khánh,Tiểu học,2026-09-24,16:00,31,1308,29.5,71.4,OK
TH10,Tiểu học Mỹ Khánh,Tiểu học,2026-09-25,07:00,31,844,30.6,66.2,OK
TH10,Tiểu học Mỹ Khánh,Tiểu học,2026-09-25,08:00,31,1096,30.5,70.5,OK
TH10,Tiểu học Mỹ Khánh,Tiểu học,2026-09-25,09:00,31,1068,29.0,66.8,OK
TH10,Tiểu học Mỹ Khánh,Tiểu học,2026-09-25,10:00,31,1286,29.1,68.3,OK
TH10,Tiểu học Mỹ Khánh,Tiểu học,2026-09-25,13:00,31,859,30.8,72.3,OK
TH10,Tiểu học Mỹ Khánh,Tiểu học,2026-09-25,14:00,31,929,31.2,64.0,OK
TH10,Tiểu học Mỹ Khánh,Tiểu học,2026-09-25,15:00,31,1117,29.4,72.0,OK
TH10,Tiểu học Mỹ Khánh,Tiểu học,2026-09-25,16:00,31,1286,30.1,67.2,OK
TC01,THCS Hoà Thuận,THCS,2026-09-14,07:00,48,1148,31.1,72.3,OK
TC01,THCS Hoà Thuận,THCS,2026-09-14,08:00,48,1463,30.1,71.2,OK
TC01,THCS Hoà Thuận,THCS,2026-09-14,09:00,48,1629,30.5,73.9,OK
TC01,THCS Hoà Thuận,THCS,2026-09-14,10:00,48,1912,30.1,71.7,OK
TC01,THCS Hoà Thuận,THCS,2026-09-14,13:00,48,1176,32.2,76.5,OK
TC01,THCS Hoà Thuận,THCS,2026-09-14,14:00,48,1427,31.7,74.6,OK
TC01,THCS Hoà Thuận,THCS,2026-09-14,15:00,48,1682,29.7,78.3,OK
TC01,THCS Hoà Thuận,THCS,2026-09-14,16:00,48,1916,30.5,74.5,OK
TC01,THCS Hoà Thuận,THCS,2026-09-15,07:00,48,1127,28.6,74.5,OK
TC01,THCS Hoà Thuận,THCS,2026-09-15,08:00,48,1400,30.2,74.8,OK
TC01,THCS Hoà Thuận,THCS,2026-09-15,09:00,48,1598,29.9,72.4,OK
TC01,THCS Hoà Thuận,THCS,2026-09-15,10:00,48,1969,31.6,76.5,OK
TC01,THCS Hoà Thuận,THCS,2026-09-15,13:00,48,1192,31.2,76.5,OK
TC01,THCS Hoà Thuận,THCS,2026-09-15,14:00,48,1335,33.8,75.5,OK
TC01,THCS Hoà Thuận,THCS,2026-09-15,15:00,48,1561,30.7,71.5,OK
TC01,THCS Hoà Thuận,THCS,2026-09-15,16:00,48,1951,29.9,77.9,OK
TC01,THCS Hoà Thuận,THCS,2026-09-16,07:00,48,1217,29.4,78.4,OK
TC01,THCS Hoà Thuận,THCS,2026-09-16,08:00,48,1394,29.8,74.0,OK
TC01,THCS Hoà Thuận,THCS,2026-09-16,09:00,48,1664,28.9,74.6,OK
TC01,THCS Hoà Thuận,THCS,2026-09-16,10:00,48,2023,30.1,74.8,OK
TC01,THCS Hoà Thuận,THCS,2026-09-16,13:00,48,1111,32.1,74.4,OK
TC01,THCS Hoà Thuận,THCS,2026-09-16,14:00,48,1391,32.6,75.6,OK
TC01,THCS Hoà Thuận,THCS,2026-09-16,15:00,48,1712,30.0,70.4,OK
TC01,THCS Hoà Thuận,THCS,2026-09-16,16:00,48,1924,30.4,74.3,OK
TC01,THCS Hoà Thuận,THCS,2026-09-17,07:00,48,1155,29.8,73.2,OK
TC01,THCS Hoà Thuận,THCS,2026-09-17,08:00,48,1427,31.0,77.2,OK
TC01,THCS Hoà Thuận,THCS,2026-09-17,09:00,48,1712,30.6,77.6,OK
TC01,THCS Hoà Thuận,THCS,2026-09-17,10:00,48,1838,28.8,80.7,OK
TC01,THCS Hoà Thuận,THCS,2026-09-17,13:00,48,1223,32.5,72.4,OK
TC01,THCS Hoà Thuận,THCS,2026-09-17,14:00,48,1426,32.7,77.3,OK
TC01,THCS Hoà Thuận,THCS,2026-09-17,15:00,48,1713,29.5,73.8,OK
TC01,THCS Hoà Thuận,THCS,2026-09-17,16:00,48,1831,30.9,73.7,OK
TC01,THCS Hoà Thuận,THCS,2026-09-18,07:00,48,1119,30.6,74.6,OK
TC01,THCS Hoà Thuận,THCS,2026-09-18,08:00,48,1472,30.9,77.3,OK
TC01,THCS Hoà Thuận,THCS,2026-09-18,09:00,48,1611,30.4,79.0,OK
TC01,THCS Hoà Thuận,THCS,2026-09-18,10:00,48,2005,31.2,75.4,OK
TC01,THCS Hoà Thuận,THCS,2026-09-18,13:00,48,1237,31.9,76.2,OK
TC01,THCS Hoà Thuận,THCS,2026-09-18,14:00,48,1304,32.7,69.0,OK
TC01,THCS Hoà Thuận,THCS,2026-09-18,15:00,48,1754,30.6,78.7,OK
TC01,THCS Hoà Thuận,THCS,2026-09-18,16:00,48,1971,30.7,75.5,OK
TC01,THCS Hoà Thuận,THCS,2026-09-21,07:00,48,1110,29.7,74.5,OK
TC01,THCS Hoà Thuận,THCS,2026-09-21,08:00,48,1424,30.1,76.6,OK
TC01,THCS Hoà Thuận,THCS,2026-09-21,09:00,48,1693,30.7,70.5,OK
TC01,THCS Hoà Thuận,THCS,2026-09-21,10:00,48,1896,30.5,76.3,OK
TC01,THCS Hoà Thuận,THCS,2026-09-21,13:00,48,1199,32.5,73.5,OK
TC01,THCS Hoà Thuận,THCS,2026-09-21,14:00,48,1352,33.1,74.0,OK
TC01,THCS Hoà Thuận,THCS,2026-09-21,15:00,48,1644,29.4,74.8,OK
TC01,THCS Hoà Thuận,THCS,2026-09-21,16:00,48,1930,29.6,74.9,OK
TC01,THCS Hoà Thuận,THCS,2026-09-22,07:00,48,1058,30.0,77.4,OK
TC01,THCS Hoà Thuận,THCS,2026-09-22,08:00,48,1374,31.8,73.6,OK
TC01,THCS Hoà Thuận,THCS,2026-09-22,09:00,48,1658,30.5,73.2,OK
TC01,THCS Hoà Thuận,THCS,2026-09-22,10:00,48,2008,30.6,77.6,OK
TC01,THCS Hoà Thuận,THCS,2026-09-22,13:00,48,1102,32.9,77.6,OK
TC01,THCS Hoà Thuận,THCS,2026-09-22,14:00,48,1361,33.0,73.4,OK
TC01,THCS Hoà Thuận,THCS,2026-09-22,15:00,48,1786,30.6,77.6,OK
TC01,THCS Hoà Thuận,THCS,2026-09-22,16:00,48,1982,30.3,76.7,OK
TC01,THCS Hoà Thuận,THCS,2026-09-23,07:00,48,1069,29.7,72.2,OK
TC01,THCS Hoà Thuận,THCS,2026-09-23,08:00,48,1409,31.0,75.8,OK
TC01,THCS Hoà Thuận,THCS,2026-09-23,09:00,48,1583,29.7,71.6,OK
TC01,THCS Hoà Thuận,THCS,2026-09-23,10:00,48,1916,30.3,75.3,OK
TC01,THCS Hoà Thuận,THCS,2026-09-23,13:00,48,1079,33.3,77.5,OK
TC01,THCS Hoà Thuận,THCS,2026-09-23,14:00,48,1412,33.8,73.8,OK
TC01,THCS Hoà Thuận,THCS,2026-09-23,15:00,48,1661,30.2,80.7,OK
TC01,THCS Hoà Thuận,THCS,2026-09-23,16:00,48,1855,29.7,72.5,OK
TC01,THCS Hoà Thuận,THCS,2026-09-24,07:00,48,1162,30.4,77.3,OK
TC01,THCS Hoà Thuận,THCS,2026-09-24,08:00,48,1386,30.7,67.9,OK
TC01,THCS Hoà Thuận,THCS,2026-09-24,09:00,48,1734,31.1,73.5,OK
TC01,THCS Hoà Thuận,THCS,2026-09-24,10:00,48,1973,31.8,73.7,OK
TC01,THCS Hoà Thuận,THCS,2026-09-24,13:00,48,1176,32.4,74.8,OK
TC01,THCS Hoà Thuận,THCS,2026-09-24,14:00,48,1411,33.7,71.6,OK
TC01,THCS Hoà Thuận,THCS,2026-09-24,15:00,48,1746,29.8,74.8,OK
TC01,THCS Hoà Thuận,THCS,2026-09-24,16:00,48,1959,30.0,76.2,OK
TC01,THCS Hoà Thuận,THCS,2026-09-25,07:00,48,1272,31.0,77.1,OK
TC01,THCS Hoà Thuận,THCS,2026-09-25,08:00,48,1337,31.2,74.5,OK
TC01,THCS Hoà Thuận,THCS,2026-09-25,09:00,48,1699,30.0,76.3,OK
TC01,THCS Hoà Thuận,THCS,2026-09-25,10:00,48,1899,31.9,72.6,OK
TC01,THCS Hoà Thuận,THCS,2026-09-25,13:00,48,1248,31.3,78.1,OK
TC01,THCS Hoà Thuận,THCS,2026-09-25,14:00,48,1338,32.7,77.1,OK
TC01,THCS Hoà Thuận,THCS,2026-09-25,15:00,48,1682,30.4,77.3,OK
TC01,THCS Hoà Thuận,THCS,2026-09-25,16:00,48,1914,30.9,71.5,OK
TC02,THCS Tân Hoà,THCS,2026-09-14,07:00,46,1171,30.0,69.1,OK
TC02,THCS Tân Hoà,THCS,2026-09-14,08:00,46,1364,31.2,70.3,OK
TC02,THCS Tân Hoà,THCS,2026-09-14,09:00,46,1728,30.4,76.2,OK
TC02,THCS Tân Hoà,THCS,2026-09-14,10:00,46,1872,29.4,75.4,OK
TC02,THCS Tân Hoà,THCS,2026-09-14,13:00,46,1075,32.4,74.5,OK
TC02,THCS Tân Hoà,THCS,2026-09-14,14:00,46,1369,34.3,76.4,OK
TC02,THCS Tân Hoà,THCS,2026-09-14,15:00,46,1512,29.9,68.4,OK
TC02,THCS Tân Hoà,THCS,2026-09-14,16:00,46,1854,31.2,70.1,OK
TC02,THCS Tân Hoà,THCS,2026-09-15,07:00,46,1102,31.1,76.9,OK
TC02,THCS Tân Hoà,THCS,2026-09-15,08:00,46,1471,29.7,69.4,OK
TC02,THCS Tân Hoà,THCS,2026-09-15,09:00,46,1647,30.5,75.7,OK
TC02,THCS Tân Hoà,THCS,2026-09-15,10:00,46,1797,29.7,78.1,OK
TC02,THCS Tân Hoà,THCS,2026-09-15,13:00,46,1172,33.5,76.1,OK
TC02,THCS Tân Hoà,THCS,2026-09-15,14:00,46,1372,32.5,77.9,OK
TC02,THCS Tân Hoà,THCS,2026-09-15,15:00,46,1636,31.1,73.1,OK
TC02,THCS Tân Hoà,THCS,2026-09-15,16:00,46,1863,30.3,73.9,OK
TC02,THCS Tân Hoà,THCS,2026-09-16,07:00,46,1146,31.0,75.4,OK
TC02,THCS Tân Hoà,THCS,2026-09-16,08:00,46,1265,30.5,70.4,OK
TC02,THCS Tân Hoà,THCS,2026-09-16,09:00,46,1550,30.1,73.9,OK
TC02,THCS Tân Hoà,THCS,2026-09-16,10:00,46,1961,31.3,70.9,OK
TC02,THCS Tân Hoà,THCS,2026-09-16,13:00,46,1208,32.5,76.1,OK
TC02,THCS Tân Hoà,THCS,2026-09-16,14:00,46,1411,33.1,75.0,OK
TC02,THCS Tân Hoà,THCS,2026-09-16,15:00,46,1588,30.1,71.8,OK
TC02,THCS Tân Hoà,THCS,2026-09-16,16:00,46,1973,30.1,69.2,OK
TC02,THCS Tân Hoà,THCS,2026-09-17,07:00,46,1173,30.0,76.6,OK
TC02,THCS Tân Hoà,THCS,2026-09-17,08:00,46,1437,30.3,71.8,OK
TC02,THCS Tân Hoà,THCS,2026-09-17,09:00,46,1708,29.5,69.7,OK
TC02,THCS Tân Hoà,THCS,2026-09-17,10:00,46,1952,29.1,75.7,OK
TC02,THCS Tân Hoà,THCS,2026-09-17,13:00,46,1092,33.8,73.7,OK
TC02,THCS Tân Hoà,THCS,2026-09-17,14:00,46,1360,33.2,71.4,OK
TC02,THCS Tân Hoà,THCS,2026-09-17,15:00,46,1584,30.0,77.4,OK
TC02,THCS Tân Hoà,THCS,2026-09-17,16:00,46,1867,30.8,78.1,OK
TC02,THCS Tân Hoà,THCS,2026-09-18,07:00,46,1127,29.9,74.1,OK
TC02,THCS Tân Hoà,THCS,2026-09-18,08:00,46,1334,30.3,77.6,OK
TC02,THCS Tân Hoà,THCS,2026-09-18,09:00,46,1623,30.5,80.2,OK
TC02,THCS Tân Hoà,THCS,2026-09-18,10:00,46,1799,29.8,74.3,OK
TC02,THCS Tân Hoà,THCS,2026-09-18,13:00,46,1000,32.6,75.2,OK
TC02,THCS Tân Hoà,THCS,2026-09-18,14:00,46,1314,32.0,74.9,OK
TC02,THCS Tân Hoà,THCS,2026-09-18,15:00,46,1612,29.6,77.2,OK
TC02,THCS Tân Hoà,THCS,2026-09-18,16:00,46,1942,30.0,70.3,OK
TC02,THCS Tân Hoà,THCS,2026-09-21,07:00,46,1060,31.7,75.8,OK
TC02,THCS Tân Hoà,THCS,2026-09-21,08:00,46,1282,29.6,75.2,OK
TC02,THCS Tân Hoà,THCS,2026-09-21,09:00,46,1721,30.7,73.0,OK
TC02,THCS Tân Hoà,THCS,2026-09-21,10:00,46,1887,30.7,71.3,OK
TC02,THCS Tân Hoà,THCS,2026-09-21,13:00,46,1084,31.5,75.1,OK
TC02,THCS Tân Hoà,THCS,2026-09-21,14:00,46,1311,32.0,79.8,OK
TC02,THCS Tân Hoà,THCS,2026-09-21,15:00,46,1568,30.7,77.3,OK
TC02,THCS Tân Hoà,THCS,2026-09-21,16:00,46,1909,30.7,73.1,OK
TC02,THCS Tân Hoà,THCS,2026-09-22,07:00,46,1225,30.2,73.5,OK
TC02,THCS Tân Hoà,THCS,2026-09-22,08:00,46,1369,30.4,72.2,OK
TC02,THCS Tân Hoà,THCS,2026-09-22,09:00,46,1502,29.5,72.8,OK
TC02,THCS Tân Hoà,THCS,2026-09-22,10:00,46,1789,30.7,74.8,OK
TC02,THCS Tân Hoà,THCS,2026-09-22,13:00,46,979,32.7,76.9,OK
TC02,THCS Tân Hoà,THCS,2026-09-22,14:00,46,1407,32.6,75.2,OK
TC02,THCS Tân Hoà,THCS,2026-09-22,15:00,46,1797,29.5,80.1,OK
TC02,THCS Tân Hoà,THCS,2026-09-22,16:00,46,1937,30.5,73.9,OK
TC02,THCS Tân Hoà,THCS,2026-09-23,07:00,46,1140,30.6,75.4,OK
TC02,THCS Tân Hoà,THCS,2026-09-23,08:00,46,1344,30.1,77.2,OK
TC02,THCS Tân Hoà,THCS,2026-09-23,09:00,46,1689,30.7,79.1,OK
TC02,THCS Tân Hoà,THCS,2026-09-23,10:00,46,1850,30.8,73.7,OK
TC02,THCS Tân Hoà,THCS,2026-09-23,13:00,46,1146,32.9,77.3,OK
TC02,THCS Tân Hoà,THCS,2026-09-23,14:00,46,1305,32.9,72.1,OK
TC02,THCS Tân Hoà,THCS,2026-09-23,15:00,46,1564,31.0,72.3,OK
TC02,THCS Tân Hoà,THCS,2026-09-23,16:00,46,1930,29.6,77.3,OK
TC02,THCS Tân Hoà,THCS,2026-09-24,07:00,46,1142,31.2,75.6,OK
TC02,THCS Tân Hoà,THCS,2026-09-24,08:00,46,1397,28.4,69.4,OK
TC02,THCS Tân Hoà,THCS,2026-09-24,09:00,46,1632,30.4,76.9,OK
TC02,THCS Tân Hoà,THCS,2026-09-24,10:00,46,1880,29.5,76.2,OK
TC02,THCS Tân Hoà,THCS,2026-09-24,13:00,46,1238,33.1,73.8,OK
TC02,THCS Tân Hoà,THCS,2026-09-24,14:00,46,1367,32.2,77.4,OK
TC02,THCS Tân Hoà,THCS,2026-09-24,15:00,46,1692,29.7,73.4,OK
TC02,THCS Tân Hoà,THCS,2026-09-24,16:00,46,1907,31.0,71.3,OK
TC02,THCS Tân Hoà,THCS,2026-09-25,07:00,46,1087,29.5,80.8,OK
TC02,THCS Tân Hoà,THCS,2026-09-25,08:00,46,1448,30.6,75.3,OK
TC02,THCS Tân Hoà,THCS,2026-09-25,09:00,46,1605,31.0,72.9,OK
TC02,THCS Tân Hoà,THCS,2026-09-25,10:00,46,1918,29.6,72.1,OK
TC02,THCS Tân Hoà,THCS,2026-09-25,13:00,46,1102,31.5,75.0,OK
TC02,THCS Tân Hoà,THCS,2026-09-25,14:00,46,1368,32.3,72.3,OK
TC02,THCS Tân Hoà,THCS,2026-09-25,15:00,46,1589,30.1,69.7,OK
TC02,THCS Tân Hoà,THCS,2026-09-25,16:00,46,1840,29.5,76.8,OK
TC03,THCS Đông Giang,THCS,2026-09-14,07:00,43,927,29.2,71.8,OK
TC03,THCS Đông Giang,THCS,2026-09-14,08:00,43,1271,30.1,69.6,OK
TC03,THCS Đông Giang,THCS,2026-09-14,09:00,43,1345,29.5,70.1,OK
TC03,THCS Đông Giang,THCS,2026-09-14,10:00,43,1517,31.3,77.2,OK
TC03,THCS Đông Giang,THCS,2026-09-14,13:00,43,983,33.6,72.0,OK
TC03,THCS Đông Giang,THCS,2026-09-14,14:00,43,1217,32.9,73.7,OK
TC03,THCS Đông Giang,THCS,2026-09-14,15:00,43,1379,29.4,72.1,OK
TC03,THCS Đông Giang,THCS,2026-09-14,16:00,43,1627,30.1,65.6,OK
TC03,THCS Đông Giang,THCS,2026-09-15,07:00,43,973,28.3,72.2,OK
TC03,THCS Đông Giang,THCS,2026-09-15,08:00,43,1174,30.2,73.1,OK
TC03,THCS Đông Giang,THCS,2026-09-15,09:00,43,1466,30.0,70.2,OK
TC03,THCS Đông Giang,THCS,2026-09-15,10:00,43,1527,29.0,77.2,OK
TC03,THCS Đông Giang,THCS,2026-09-15,13:00,43,972,33.0,73.0,OK
TC03,THCS Đông Giang,THCS,2026-09-15,14:00,43,1153,31.9,76.5,OK
TC03,THCS Đông Giang,THCS,2026-09-15,15:00,43,1349,29.6,74.5,OK
TC03,THCS Đông Giang,THCS,2026-09-15,16:00,43,1726,28.8,71.6,OK
TC03,THCS Đông Giang,THCS,2026-09-16,07:00,43,901,29.6,72.2,OK
TC03,THCS Đông Giang,THCS,2026-09-16,08:00,43,1233,30.6,73.6,OK
TC03,THCS Đông Giang,THCS,2026-09-16,09:00,43,1427,30.7,69.8,OK
TC03,THCS Đông Giang,THCS,2026-09-16,10:00,43,1595,29.2,75.1,OK
TC03,THCS Đông Giang,THCS,2026-09-16,13:00,43,971,31.8,72.7,OK
TC03,THCS Đông Giang,THCS,2026-09-16,14:00,43,1266,30.5,73.0,OK
TC03,THCS Đông Giang,THCS,2026-09-16,15:00,43,1377,30.8,79.1,OK
TC03,THCS Đông Giang,THCS,2026-09-16,16:00,43,1647,30.5,71.0,OK
TC03,THCS Đông Giang,THCS,2026-09-17,07:00,43,1005,30.6,69.7,OK
TC03,THCS Đông Giang,THCS,2026-09-17,08:00,43,1274,29.5,68.3,OK
TC03,THCS Đông Giang,THCS,2026-09-17,09:00,43,1352,29.6,72.0,OK
TC03,THCS Đông Giang,THCS,2026-09-17,10:00,43,1505,30.0,73.7,OK
TC03,THCS Đông Giang,THCS,2026-09-17,13:00,43,957,31.3,65.3,OK
TC03,THCS Đông Giang,THCS,2026-09-17,14:00,43,1058,32.8,74.2,OK
TC03,THCS Đông Giang,THCS,2026-09-17,15:00,43,1386,29.2,72.9,OK
TC03,THCS Đông Giang,THCS,2026-09-17,16:00,43,1524,29.6,79.4,OK
TC03,THCS Đông Giang,THCS,2026-09-18,07:00,43,911,30.0,73.2,OK
TC03,THCS Đông Giang,THCS,2026-09-18,08:00,43,1197,31.3,69.9,OK
TC03,THCS Đông Giang,THCS,2026-09-18,09:00,43,1398,30.8,70.2,OK
TC03,THCS Đông Giang,THCS,2026-09-18,10:00,43,1477,30.0,75.2,OK
TC03,THCS Đông Giang,THCS,2026-09-18,13:00,43,1032,33.2,73.0,OK
TC03,THCS Đông Giang,THCS,2026-09-18,14:00,43,1063,32.1,74.5,OK
TC03,THCS Đông Giang,THCS,2026-09-18,15:00,43,1268,29.0,76.0,OK
TC03,THCS Đông Giang,THCS,2026-09-18,16:00,43,1618,30.4,74.3,OK
TC03,THCS Đông Giang,THCS,2026-09-21,07:00,43,999,31.0,73.7,OK
TC03,THCS Đông Giang,THCS,2026-09-21,08:00,43,1118,29.5,70.5,OK
TC03,THCS Đông Giang,THCS,2026-09-21,09:00,43,1528,29.7,73.0,OK
TC03,THCS Đông Giang,THCS,2026-09-21,10:00,43,1532,29.0,77.0,OK
TC03,THCS Đông Giang,THCS,2026-09-21,13:00,43,1005,32.2,72.3,OK
TC03,THCS Đông Giang,THCS,2026-09-21,14:00,43,1051,32.9,70.4,OK
TC03,THCS Đông Giang,THCS,2026-09-21,15:00,43,1300,30.3,70.5,OK
TC03,THCS Đông Giang,THCS,2026-09-21,16:00,43,1639,31.4,74.1,OK
TC03,THCS Đông Giang,THCS,2026-09-22,07:00,43,960,29.4,69.8,OK
TC03,THCS Đông Giang,THCS,2026-09-22,08:00,43,1245,31.3,73.7,OK
TC03,THCS Đông Giang,THCS,2026-09-22,09:00,43,1386,29.8,80.2,OK
TC03,THCS Đông Giang,THCS,2026-09-22,10:00,43,1557,29.2,72.4,OK
TC03,THCS Đông Giang,THCS,2026-09-22,13:00,43,1016,32.5,74.6,OK
TC03,THCS Đông Giang,THCS,2026-09-22,14:00,43,1246,33.1,75.5,OK
TC03,THCS Đông Giang,THCS,2026-09-22,15:00,43,1387,29.4,78.9,OK
TC03,THCS Đông Giang,THCS,2026-09-22,16:00,43,1506,30.2,79.9,OK
TC03,THCS Đông Giang,THCS,2026-09-23,07:00,43,1051,29.6,77.1,OK
TC03,THCS Đông Giang,THCS,2026-09-23,08:00,43,1195,30.2,74.3,OK
TC03,THCS Đông Giang,THCS,2026-09-23,09:00,43,1294,29.6,74.1,OK
TC03,THCS Đông Giang,THCS,2026-09-23,10:00,43,1432,29.6,73.9,OK
TC03,THCS Đông Giang,THCS,2026-09-23,13:00,43,964,33.1,71.4,OK
TC03,THCS Đông Giang,THCS,2026-09-23,14:00,43,1237,32.3,71.5,OK
TC03,THCS Đông Giang,THCS,2026-09-23,15:00,43,1384,30.4,75.5,OK
TC03,THCS Đông Giang,THCS,2026-09-23,16:00,43,1643,30.0,72.8,OK
TC03,THCS Đông Giang,THCS,2026-09-24,07:00,43,1126,30.6,72.6,OK
TC03,THCS Đông Giang,THCS,2026-09-24,08:00,43,1235,29.8,70.9,OK
TC03,THCS Đông Giang,THCS,2026-09-24,09:00,43,1366,30.1,68.5,OK
TC03,THCS Đông Giang,THCS,2026-09-24,10:00,43,1518,30.4,75.3,OK
TC03,THCS Đông Giang,THCS,2026-09-24,13:00,43,1005,31.3,71.6,OK
TC03,THCS Đông Giang,THCS,2026-09-24,14:00,43,1173,32.1,71.5,OK
TC03,THCS Đông Giang,THCS,2026-09-24,15:00,43,1383,30.3,70.4,OK
TC03,THCS Đông Giang,THCS,2026-09-24,16:00,43,1619,28.9,69.8,OK
TC03,THCS Đông Giang,THCS,2026-09-25,07:00,43,996,29.4,70.0,OK
TC03,THCS Đông Giang,THCS,2026-09-25,08:00,43,1124,30.1,70.9,OK
TC03,THCS Đông Giang,THCS,2026-09-25,09:00,43,1336,30.0,72.3,OK
TC03,THCS Đông Giang,THCS,2026-09-25,10:00,43,1477,30.0,70.5,OK
TC03,THCS Đông Giang,THCS,2026-09-25,13:00,43,986,31.6,73.3,OK
TC03,THCS Đông Giang,THCS,2026-09-25,14:00,43,1097,31.4,75.9,OK
TC03,THCS Đông Giang,THCS,2026-09-25,15:00,43,1264,31.5,67.0,OK
TC03,THCS Đông Giang,THCS,2026-09-25,16:00,43,1553,30.5,75.9,OK
TC04,THCS Nam Phong,THCS,2026-09-14,07:00,44,1022,29.8,75.5,OK
TC04,THCS Nam Phong,THCS,2026-09-14,08:00,44,1114,30.3,75.9,OK
TC04,THCS Nam Phong,THCS,2026-09-14,09:00,44,1345,29.5,72.4,OK
TC04,THCS Nam Phong,THCS,2026-09-14,10:00,44,1649,29.3,69.6,OK
TC04,THCS Nam Phong,THCS,2026-09-14,13:00,44,998,32.0,71.4,OK
TC04,THCS Nam Phong,THCS,2026-09-14,14:00,44,1145,31.6,72.3,OK
TC04,THCS Nam Phong,THCS,2026-09-14,15:00,44,1347,30.7,76.1,OK
TC04,THCS Nam Phong,THCS,2026-09-14,16:00,44,1584,29.8,70.4,OK
TC04,THCS Nam Phong,THCS,2026-09-15,07:00,44,1011,30.5,70.1,OK
TC04,THCS Nam Phong,THCS,2026-09-15,08:00,44,1228,30.2,73.1,OK
TC04,THCS Nam Phong,THCS,2026-09-15,09:00,44,1263,29.6,77.1,OK
TC04,THCS Nam Phong,THCS,2026-09-15,10:00,44,1504,30.1,73.1,OK
TC04,THCS Nam Phong,THCS,2026-09-15,13:00,44,960,31.5,74.4,OK
TC04,THCS Nam Phong,THCS,2026-09-15,14:00,44,1201,31.7,78.5,OK
TC04,THCS Nam Phong,THCS,2026-09-15,15:00,44,1519,30.7,73.4,OK
TC04,THCS Nam Phong,THCS,2026-09-15,16:00,44,1506,29.8,68.2,OK
TC04,THCS Nam Phong,THCS,2026-09-16,07:00,44,1036,29.0,67.8,OK
TC04,THCS Nam Phong,THCS,2026-09-16,08:00,44,1111,30.3,68.2,OK
TC04,THCS Nam Phong,THCS,2026-09-16,09:00,44,1400,29.7,73.1,OK
TC04,THCS Nam Phong,THCS,2026-09-16,10:00,44,1746,30.0,76.0,OK
TC04,THCS Nam Phong,THCS,2026-09-16,13:00,44,866,31.5,68.7,OK
TC04,THCS Nam Phong,THCS,2026-09-16,14:00,44,1188,32.2,75.8,OK
TC04,THCS Nam Phong,THCS,2026-09-16,15:00,44,1306,29.7,72.3,OK
TC04,THCS Nam Phong,THCS,2026-09-16,16:00,44,1666,30.8,75.7,OK
TC04,THCS Nam Phong,THCS,2026-09-17,07:00,44,1054,28.8,77.6,OK
TC04,THCS Nam Phong,THCS,2026-09-17,08:00,44,1158,30.8,74.2,OK
TC04,THCS Nam Phong,THCS,2026-09-17,09:00,44,1359,30.2,73.1,OK
TC04,THCS Nam Phong,THCS,2026-09-17,10:00,44,1631,30.4,74.5,OK
TC04,THCS Nam Phong,THCS,2026-09-17,13:00,44,850,32.7,73.2,OK
TC04,THCS Nam Phong,THCS,2026-09-17,14:00,44,1117,30.9,73.1,OK
TC04,THCS Nam Phong,THCS,2026-09-17,15:00,44,1380,30.6,72.2,OK
TC04,THCS Nam Phong,THCS,2026-09-17,16:00,44,1594,31.1,74.1,OK
TC04,THCS Nam Phong,THCS,2026-09-18,07:00,44,999,29.8,73.3,OK
TC04,THCS Nam Phong,THCS,2026-09-18,08:00,44,1153,29.9,75.4,OK
TC04,THCS Nam Phong,THCS,2026-09-18,09:00,44,1389,30.7,77.4,OK
TC04,THCS Nam Phong,THCS,2026-09-18,10:00,44,1653,30.6,80.8,OK
TC04,THCS Nam Phong,THCS,2026-09-18,13:00,44,1084,32.7,74.1,OK
TC04,THCS Nam Phong,THCS,2026-09-18,14:00,44,1190,31.9,73.3,OK
TC04,THCS Nam Phong,THCS,2026-09-18,15:00,44,1317,29.7,73.7,OK
TC04,THCS Nam Phong,THCS,2026-09-18,16:00,44,1623,30.0,73.5,OK
TC04,THCS Nam Phong,THCS,2026-09-21,07:00,44,1038,30.7,73.5,OK
TC04,THCS Nam Phong,THCS,2026-09-21,08:00,44,1252,29.1,69.4,OK
TC04,THCS Nam Phong,THCS,2026-09-21,09:00,44,1398,28.4,75.7,OK
TC04,THCS Nam Phong,THCS,2026-09-21,10:00,44,1546,31.2,71.5,OK
TC04,THCS Nam Phong,THCS,2026-09-21,13:00,44,981,33.4,77.4,OK
TC04,THCS Nam Phong,THCS,2026-09-21,14:00,44,1158,31.9,73.9,OK
TC04,THCS Nam Phong,THCS,2026-09-21,15:00,44,1384,29.8,73.4,OK
TC04,THCS Nam Phong,THCS,2026-09-21,16:00,44,1526,30.2,72.9,OK
TC04,THCS Nam Phong,THCS,2026-09-22,07:00,44,1021,29.0,69.0,OK
TC04,THCS Nam Phong,THCS,2026-09-22,08:00,44,1247,29.7,72.3,OK
TC04,THCS Nam Phong,THCS,2026-09-22,09:00,44,1429,31.9,68.5,OK
TC04,THCS Nam Phong,THCS,2026-09-22,10:00,44,1635,30.9,69.1,OK
TC04,THCS Nam Phong,THCS,2026-09-22,13:00,44,882,32.1,80.0,OK
TC04,THCS Nam Phong,THCS,2026-09-22,14:00,44,1169,32.4,72.7,OK
TC04,THCS Nam Phong,THCS,2026-09-22,15:00,44,1446,29.9,78.5,OK
TC04,THCS Nam Phong,THCS,2026-09-22,16:00,44,1630,29.2,73.4,OK
TC04,THCS Nam Phong,THCS,2026-09-23,07:00,44,926,30.2,71.0,OK
TC04,THCS Nam Phong,THCS,2026-09-23,08:00,44,1301,30.6,73.5,OK
TC04,THCS Nam Phong,THCS,2026-09-23,09:00,44,1332,29.4,71.8,OK
TC04,THCS Nam Phong,THCS,2026-09-23,10:00,44,1567,30.0,74.8,OK
TC04,THCS Nam Phong,THCS,2026-09-23,13:00,44,1046,31.7,70.2,OK
TC04,THCS Nam Phong,THCS,2026-09-23,14:00,44,1219,33.2,72.8,OK
TC04,THCS Nam Phong,THCS,2026-09-23,15:00,44,1305,30.8,74.8,OK
TC04,THCS Nam Phong,THCS,2026-09-23,16:00,44,1566,30.5,74.7,OK
TC04,THCS Nam Phong,THCS,2026-09-24,07:00,44,1001,29.5,77.1,OK
TC04,THCS Nam Phong,THCS,2026-09-24,08:00,44,1128,29.4,73.6,OK
TC04,THCS Nam Phong,THCS,2026-09-24,09:00,44,1382,30.6,66.4,OK
TC04,THCS Nam Phong,THCS,2026-09-24,10:00,44,1495,30.6,75.8,OK
TC04,THCS Nam Phong,THCS,2026-09-24,13:00,44,952,33.2,74.5,OK
TC04,THCS Nam Phong,THCS,2026-09-24,14:00,44,1211,31.7,77.1,OK
TC04,THCS Nam Phong,THCS,2026-09-24,15:00,44,1486,29.4,75.8,OK
TC04,THCS Nam Phong,THCS,2026-09-24,16:00,44,1643,29.1,72.2,OK
TC04,THCS Nam Phong,THCS,2026-09-25,07:00,44,995,30.2,69.8,OK
TC04,THCS Nam Phong,THCS,2026-09-25,08:00,44,1175,29.7,68.0,OK
TC04,THCS Nam Phong,THCS,2026-09-25,09:00,44,1401,28.2,70.7,OK
TC04,THCS Nam Phong,THCS,2026-09-25,10:00,44,1561,30.2,71.8,OK
TC04,THCS Nam Phong,THCS,2026-09-25,13:00,44,963,32.5,74.5,OK
TC04,THCS Nam Phong,THCS,2026-09-25,14:00,44,1173,33.0,70.2,OK
TC04,THCS Nam Phong,THCS,2026-09-25,15:00,44,1343,29.7,82.0,OK
TC04,THCS Nam Phong,THCS,2026-09-25,16:00,44,1535,29.6,76.3,OK
TC05,THCS Bình An,THCS,2026-09-14,07:00,39,1019,29.2,76.4,OK
TC05,THCS Bình An,THCS,2026-09-14,08:00,39,1191,29.6,66.9,OK
TC05,THCS Bình An,THCS,2026-09-14,09:00,39,1394,30.0,77.1,OK
TC05,THCS Bình An,THCS,2026-09-14,10:00,39,1291,30.2,76.6,OK
TC05,THCS Bình An,THCS,2026-09-14,13:00,39,927,32.1,72.4,OK
TC05,THCS Bình An,THCS,2026-09-14,14:00,39,1202,31.8,70.3,OK
TC05,THCS Bình An,THCS,2026-09-14,15:00,39,1284,30.5,73.1,OK
TC05,THCS Bình An,THCS,2026-09-14,16:00,39,1506,28.8,69.8,OK
TC05,THCS Bình An,THCS,2026-09-15,07:00,39,846,29.0,70.4,OK
TC05,THCS Bình An,THCS,2026-09-15,08:00,39,1130,29.5,70.6,OK
TC05,THCS Bình An,THCS,2026-09-15,09:00,39,1269,30.4,73.4,OK
TC05,THCS Bình An,THCS,2026-09-15,10:00,39,1505,31.0,72.9,OK
TC05,THCS Bình An,THCS,2026-09-15,13:00,39,850,31.4,69.8,OK
TC05,THCS Bình An,THCS,2026-09-15,14:00,39,1122,32.5,70.5,OK
TC05,THCS Bình An,THCS,2026-09-15,15:00,39,1345,29.4,73.7,OK
TC05,THCS Bình An,THCS,2026-09-15,16:00,39,1611,28.9,74.8,OK
TC05,THCS Bình An,THCS,2026-09-16,07:00,39,818,30.0,77.4,OK
TC05,THCS Bình An,THCS,2026-09-16,08:00,39,1123,29.3,66.2,OK
TC05,THCS Bình An,THCS,2026-09-16,09:00,39,1286,28.2,73.4,OK
TC05,THCS Bình An,THCS,2026-09-16,10:00,39,1369,27.4,73.9,OK
TC05,THCS Bình An,THCS,2026-09-16,13:00,39,945,32.0,77.1,OK
TC05,THCS Bình An,THCS,2026-09-16,14:00,39,1135,31.1,70.7,OK
TC05,THCS Bình An,THCS,2026-09-16,15:00,39,1246,31.5,70.5,OK
TC05,THCS Bình An,THCS,2026-09-16,16:00,39,1481,28.3,75.0,OK
TC05,THCS Bình An,THCS,2026-09-17,07:00,39,904,29.4,74.0,OK
TC05,THCS Bình An,THCS,2026-09-17,08:00,39,1082,29.5,66.9,OK
TC05,THCS Bình An,THCS,2026-09-17,09:00,39,1287,30.3,67.4,OK
TC05,THCS Bình An,THCS,2026-09-17,10:00,39,1456,29.2,70.7,OK
TC05,THCS Bình An,THCS,2026-09-17,13:00,39,1014,31.9,73.1,OK
TC05,THCS Bình An,THCS,2026-09-17,14:00,39,1054,31.3,68.5,OK
TC05,THCS Bình An,THCS,2026-09-17,15:00,39,1237,28.5,69.5,OK
TC05,THCS Bình An,THCS,2026-09-17,16:00,39,1494,30.2,68.4,OK
TC05,THCS Bình An,THCS,2026-09-18,07:00,39,952,30.7,70.6,OK
TC05,THCS Bình An,THCS,2026-09-18,08:00,39,1180,30.1,67.1,OK
TC05,THCS Bình An,THCS,2026-09-18,09:00,39,1348,29.7,69.1,OK
TC05,THCS Bình An,THCS,2026-09-18,10:00,39,1475,29.2,69.1,OK
TC05,THCS Bình An,THCS,2026-09-18,13:00,39,940,32.8,71.4,OK
TC05,THCS Bình An,THCS,2026-09-18,14:00,39,1088,33.1,70.6,OK
TC05,THCS Bình An,THCS,2026-09-18,15:00,39,1257,29.9,78.8,OK
TC05,THCS Bình An,THCS,2026-09-18,16:00,39,1429,29.3,72.0,OK
TC05,THCS Bình An,THCS,2026-09-21,07:00,39,968,31.0,72.2,OK
TC05,THCS Bình An,THCS,2026-09-21,08:00,39,1075,31.2,69.5,OK
TC05,THCS Bình An,THCS,2026-09-21,09:00,39,1246,29.7,69.7,OK
TC05,THCS Bình An,THCS,2026-09-21,10:00,39,1502,29.5,67.4,OK
TC05,THCS Bình An,THCS,2026-09-21,13:00,39,901,33.4,74.2,OK
TC05,THCS Bình An,THCS,2026-09-21,14:00,39,1093,32.3,68.4,OK
TC05,THCS Bình An,THCS,2026-09-21,15:00,39,1303,29.5,75.2,OK
TC05,THCS Bình An,THCS,2026-09-21,16:00,39,1408,29.2,75.4,OK
TC05,THCS Bình An,THCS,2026-09-22,07:00,39,904,30.0,75.3,OK
TC05,THCS Bình An,THCS,2026-09-22,08:00,39,1106,29.8,71.7,OK
TC05,THCS Bình An,THCS,2026-09-22,09:00,39,1269,29.1,68.6,OK
TC05,THCS Bình An,THCS,2026-09-22,10:00,39,1432,29.7,71.9,OK
TC05,THCS Bình An,THCS,2026-09-22,13:00,39,879,31.4,68.4,OK
TC05,THCS Bình An,THCS,2026-09-22,14:00,39,1093,31.7,73.6,OK
TC05,THCS Bình An,THCS,2026-09-22,15:00,39,1367,29.7,71.7,OK
TC05,THCS Bình An,THCS,2026-09-22,16:00,39,1497,30.7,69.3,OK
TC05,THCS Bình An,THCS,2026-09-23,07:00,39,1002,29.5,75.2,OK
TC05,THCS Bình An,THCS,2026-09-23,08:00,39,1105,29.8,74.7,OK
TC05,THCS Bình An,THCS,2026-09-23,09:00,39,1363,28.8,73.0,OK
TC05,THCS Bình An,THCS,2026-09-23,10:00,39,1358,29.4,65.3,OK
TC05,THCS Bình An,THCS,2026-09-23,13:00,39,879,31.1,71.1,OK
TC05,THCS Bình An,THCS,2026-09-23,14:00,39,1075,31.9,70.4,OK
TC05,THCS Bình An,THCS,2026-09-23,15:00,39,1291,30.0,74.3,OK
TC05,THCS Bình An,THCS,2026-09-23,16:00,39,1502,29.0,70.5,OK
TC05,THCS Bình An,THCS,2026-09-24,07:00,39,921,28.6,68.0,OK
TC05,THCS Bình An,THCS,2026-09-24,08:00,39,1225,29.2,68.6,OK
TC05,THCS Bình An,THCS,2026-09-24,09:00,39,1272,30.2,71.9,OK
TC05,THCS Bình An,THCS,2026-09-24,10:00,39,1486,28.9,74.6,OK
TC05,THCS Bình An,THCS,2026-09-24,13:00,39,1014,32.1,76.7,OK
TC05,THCS Bình An,THCS,2026-09-24,14:00,39,1170,30.3,66.4,OK
TC05,THCS Bình An,THCS,2026-09-24,15:00,39,1287,30.6,74.2,OK
TC05,THCS Bình An,THCS,2026-09-24,16:00,39,1510,29.5,73.6,OK
TC05,THCS Bình An,THCS,2026-09-25,07:00,39,1010,29.2,74.1,OK
TC05,THCS Bình An,THCS,2026-09-25,08:00,39,1072,29.6,73.9,OK
TC05,THCS Bình An,THCS,2026-09-25,09:00,39,1287,30.2,73.7,OK
TC05,THCS Bình An,THCS,2026-09-25,10:00,39,1524,30.2,74.3,OK
TC05,THCS Bình An,THCS,2026-09-25,13:00,39,884,33.3,72.1,OK
TC05,THCS Bình An,THCS,2026-09-25,14:00,39,1148,31.6,73.0,OK
TC05,THCS Bình An,THCS,2026-09-25,15:00,39,1296,29.5,67.8,OK
TC05,THCS Bình An,THCS,2026-09-25,16:00,39,1319,29.5,66.5,OK
TC06,THCS Vĩnh Lộc,THCS,2026-09-14,07:00,33,944,29.3,73.1,OK
TC06,THCS Vĩnh Lộc,THCS,2026-09-14,08:00,33,1026,30.3,76.2,OK
TC06,THCS Vĩnh Lộc,THCS,2026-09-14,09:00,33,1251,29.7,69.6,OK
TC06,THCS Vĩnh Lộc,THCS,2026-09-14,10:00,33,1340,30.3,72.1,OK
TC06,THCS Vĩnh Lộc,THCS,2026-09-14,13:00,33,906,31.8,69.9,OK
TC06,THCS Vĩnh Lộc,THCS,2026-09-14,14:00,33,1006,31.7,70.1,OK
TC06,THCS Vĩnh Lộc,THCS,2026-09-14,15:00,33,1185,29.5,66.5,OK
TC06,THCS Vĩnh Lộc,THCS,2026-09-14,16:00,33,1389,28.9,67.0,OK
TC06,THCS Vĩnh Lộc,THCS,2026-09-15,07:00,33,823,29.8,66.9,OK
TC06,THCS Vĩnh Lộc,THCS,2026-09-15,08:00,33,1005,27.8,66.1,OK
TC06,THCS Vĩnh Lộc,THCS,2026-09-15,09:00,33,1132,28.1,72.0,OK
TC06,THCS Vĩnh Lộc,THCS,2026-09-15,10:00,33,1428,28.2,68.2,OK
TC06,THCS Vĩnh Lộc,THCS,2026-09-15,13:00,33,885,32.0,73.6,OK
TC06,THCS Vĩnh Lộc,THCS,2026-09-15,14:00,33,999,32.0,61.8,OK
TC06,THCS Vĩnh Lộc,THCS,2026-09-15,15:00,33,1271,29.0,71.5,OK
TC06,THCS Vĩnh Lộc,THCS,2026-09-15,16:00,33,1311,29.5,69.3,OK
TC06,THCS Vĩnh Lộc,THCS,2026-09-16,07:00,33,960,29.4,66.9,OK
TC06,THCS Vĩnh Lộc,THCS,2026-09-16,08:00,33,1124,30.0,66.9,OK
TC06,THCS Vĩnh Lộc,THCS,2026-09-16,09:00,33,1133,29.4,67.5,OK
TC06,THCS Vĩnh Lộc,THCS,2026-09-16,10:00,33,1348,30.0,65.4,OK
TC06,THCS Vĩnh Lộc,THCS,2026-09-16,13:00,33,883,30.8,67.1,OK
TC06,THCS Vĩnh Lộc,THCS,2026-09-16,14:00,33,1095,31.9,75.0,OK
TC06,THCS Vĩnh Lộc,THCS,2026-09-16,15:00,33,1117,29.2,68.1,OK
TC06,THCS Vĩnh Lộc,THCS,2026-09-16,16:00,33,1262,30.0,70.4,OK
TC06,THCS Vĩnh Lộc,THCS,2026-09-17,07:00,33,970,29.9,66.6,OK
TC06,THCS Vĩnh Lộc,THCS,2026-09-17,08:00,33,1081,28.4,65.7,OK
TC06,THCS Vĩnh Lộc,THCS,2026-09-17,09:00,33,1173,30.1,66.8,OK
TC06,THCS Vĩnh Lộc,THCS,2026-09-17,10:00,33,1366,29.9,68.3,OK
TC06,THCS Vĩnh Lộc,THCS,2026-09-17,13:00,33,848,31.6,68.8,OK
TC06,THCS Vĩnh Lộc,THCS,2026-09-17,14:00,33,1113,31.9,66.2,OK
TC06,THCS Vĩnh Lộc,THCS,2026-09-17,15:00,33,1174,30.3,65.2,OK
TC06,THCS Vĩnh Lộc,THCS,2026-09-17,16:00,33,1296,28.3,76.2,OK
TC06,THCS Vĩnh Lộc,THCS,2026-09-18,07:00,33,954,30.2,76.8,OK
TC06,THCS Vĩnh Lộc,THCS,2026-09-18,08:00,33,1063,29.6,73.1,OK
TC06,THCS Vĩnh Lộc,THCS,2026-09-18,09:00,33,1182,29.9,71.0,OK
TC06,THCS Vĩnh Lộc,THCS,2026-09-18,10:00,33,1349,28.9,68.2,OK
TC06,THCS Vĩnh Lộc,THCS,2026-09-18,13:00,33,915,32.0,67.7,OK
TC06,THCS Vĩnh Lộc,THCS,2026-09-18,14:00,33,1027,30.5,71.7,OK
TC06,THCS Vĩnh Lộc,THCS,2026-09-18,15:00,33,1222,29.0,73.6,OK
TC06,THCS Vĩnh Lộc,THCS,2026-09-18,16:00,33,1384,30.4,70.6,OK
TC06,THCS Vĩnh Lộc,THCS,2026-09-21,07:00,33,973,28.7,69.9,OK
TC06,THCS Vĩnh Lộc,THCS,2026-09-21,08:00,33,974,28.7,72.6,OK
TC06,THCS Vĩnh Lộc,THCS,2026-09-21,09:00,33,1140,29.6,66.9,OK
TC06,THCS Vĩnh Lộc,THCS,2026-09-21,10:00,33,1361,28.9,70.4,OK
TC06,THCS Vĩnh Lộc,THCS,2026-09-21,13:00,33,830,31.9,69.0,OK
TC06,THCS Vĩnh Lộc,THCS,2026-09-21,14:00,33,1031,31.9,71.1,OK
TC06,THCS Vĩnh Lộc,THCS,2026-09-21,15:00,33,1092,29.0,73.8,OK
TC06,THCS Vĩnh Lộc,THCS,2026-09-21,16:00,33,1292,28.4,70.0,OK
TC06,THCS Vĩnh Lộc,THCS,2026-09-22,07:00,33,859,29.0,76.4,OK
TC06,THCS Vĩnh Lộc,THCS,2026-09-22,08:00,33,935,29.4,73.9,OK
TC06,THCS Vĩnh Lộc,THCS,2026-09-22,09:00,33,1093,29.8,69.3,OK
TC06,THCS Vĩnh Lộc,THCS,2026-09-22,10:00,33,1366,27.8,71.5,OK
TC06,THCS Vĩnh Lộc,THCS,2026-09-22,13:00,33,852,31.3,73.6,OK
TC06,THCS Vĩnh Lộc,THCS,2026-09-22,14:00,33,950,31.4,73.9,OK
TC06,THCS Vĩnh Lộc,THCS,2026-09-22,15:00,33,1170,30.6,67.2,OK
TC06,THCS Vĩnh Lộc,THCS,2026-09-22,16:00,33,1229,29.4,64.5,OK
TC06,THCS Vĩnh Lộc,THCS,2026-09-23,07:00,33,778,29.0,67.1,OK
TC06,THCS Vĩnh Lộc,THCS,2026-09-23,08:00,33,986,29.7,66.6,OK
TC06,THCS Vĩnh Lộc,THCS,2026-09-23,09:00,33,1163,29.1,71.9,OK
TC06,THCS Vĩnh Lộc,THCS,2026-09-23,10:00,33,1282,30.1,70.8,OK
TC06,THCS Vĩnh Lộc,THCS,2026-09-23,13:00,33,924,32.1,70.8,OK
TC06,THCS Vĩnh Lộc,THCS,2026-09-23,14:00,33,1019,32.4,68.6,OK
TC06,THCS Vĩnh Lộc,THCS,2026-09-23,15:00,33,1024,28.8,71.6,OK
TC06,THCS Vĩnh Lộc,THCS,2026-09-23,16:00,33,1335,30.3,69.1,OK
TC06,THCS Vĩnh Lộc,THCS,2026-09-24,07:00,33,903,29.5,71.9,OK
TC06,THCS Vĩnh Lộc,THCS,2026-09-24,08:00,33,1014,29.6,68.1,OK
TC06,THCS Vĩnh Lộc,THCS,2026-09-24,09:00,33,1159,31.2,70.9,OK
TC06,THCS Vĩnh Lộc,THCS,2026-09-24,10:00,33,1272,29.0,73.4,OK
TC06,THCS Vĩnh Lộc,THCS,2026-09-24,13:00,33,838,31.4,66.7,OK
TC06,THCS Vĩnh Lộc,THCS,2026-09-24,14:00,33,1071,31.7,77.0,OK
TC06,THCS Vĩnh Lộc,THCS,2026-09-24,15:00,33,1226,29.1,69.3,OK
TC06,THCS Vĩnh Lộc,THCS,2026-09-24,16:00,33,1342,29.3,67.6,OK
TC06,THCS Vĩnh Lộc,THCS,2026-09-25,07:00,33,957,29.0,66.9,OK
TC06,THCS Vĩnh Lộc,THCS,2026-09-25,08:00,33,1027,29.3,68.6,OK
TC06,THCS Vĩnh Lộc,THCS,2026-09-25,09:00,33,1123,29.1,67.7,OK
TC06,THCS Vĩnh Lộc,THCS,2026-09-25,10:00,33,1321,29.5,68.7,OK
TC06,THCS Vĩnh Lộc,THCS,2026-09-25,13:00,33,873,31.7,74.9,OK
TC06,THCS Vĩnh Lộc,THCS,2026-09-25,14:00,33,978,31.8,74.1,OK
TC06,THCS Vĩnh Lộc,THCS,2026-09-25,15:00,33,1118,28.9,71.6,OK
TC06,THCS Vĩnh Lộc,THCS,2026-09-25,16:00,33,1394,29.3,68.5,OK
TC07,THCS Thanh Sơn,THCS,2026-09-14,07:00,26,707,28.2,71.0,OK
TC07,THCS Thanh Sơn,THCS,2026-09-14,08:00,26,857,28.0,63.6,OK
TC07,THCS Thanh Sơn,THCS,2026-09-14,09:00,26,1001,28.4,68.7,OK
TC07,THCS Thanh Sơn,THCS,2026-09-14,10:00,26,1143,28.8,71.4,OK
TC07,THCS Thanh Sơn,THCS,2026-09-14,13:00,26,885,30.6,65.3,OK
TC07,THCS Thanh Sơn,THCS,2026-09-14,14:00,26,907,31.7,66.9,OK
TC07,THCS Thanh Sơn,THCS,2026-09-14,15:00,26,1023,29.4,66.4,OK
TC07,THCS Thanh Sơn,THCS,2026-09-14,16:00,26,1238,27.9,67.2,OK
TC07,THCS Thanh Sơn,THCS,2026-09-15,07:00,26,866,28.0,67.8,OK
TC07,THCS Thanh Sơn,THCS,2026-09-15,08:00,26,932,28.8,64.2,OK
TC07,THCS Thanh Sơn,THCS,2026-09-15,09:00,26,1076,29.7,68.3,OK
TC07,THCS Thanh Sơn,THCS,2026-09-15,10:00,26,1010,28.2,70.4,OK
TC07,THCS Thanh Sơn,THCS,2026-09-15,13:00,26,794,31.4,61.7,OK
TC07,THCS Thanh Sơn,THCS,2026-09-15,14:00,26,936,31.6,65.4,OK
TC07,THCS Thanh Sơn,THCS,2026-09-15,15:00,26,1056,29.5,63.9,OK
TC07,THCS Thanh Sơn,THCS,2026-09-15,16:00,26,1182,27.3,71.2,OK
TC07,THCS Thanh Sơn,THCS,2026-09-16,07:00,26,823,30.4,68.7,OK
TC07,THCS Thanh Sơn,THCS,2026-09-16,08:00,26,832,30.0,60.8,OK
TC07,THCS Thanh Sơn,THCS,2026-09-16,09:00,26,1077,28.6,72.1,OK
TC07,THCS Thanh Sơn,THCS,2026-09-16,10:00,26,1114,30.2,66.6,OK
TC07,THCS Thanh Sơn,THCS,2026-09-16,13:00,26,760,31.3,70.3,OK
TC07,THCS Thanh Sơn,THCS,2026-09-16,14:00,26,915,30.0,68.3,OK
TC07,THCS Thanh Sơn,THCS,2026-09-16,15:00,26,1003,28.7,62.8,OK
TC07,THCS Thanh Sơn,THCS,2026-09-16,16:00,26,1086,27.8,69.0,OK
TC07,THCS Thanh Sơn,THCS,2026-09-17,07:00,26,814,28.2,67.7,OK
TC07,THCS Thanh Sơn,THCS,2026-09-17,08:00,26,988,27.9,68.2,OK
TC07,THCS Thanh Sơn,THCS,2026-09-17,09:00,26,1119,29.3,62.1,OK
TC07,THCS Thanh Sơn,THCS,2026-09-17,10:00,26,1108,28.3,69.2,OK
TC07,THCS Thanh Sơn,THCS,2026-09-17,13:00,26,753,30.5,62.3,OK
TC07,THCS Thanh Sơn,THCS,2026-09-17,14:00,26,892,32.1,63.0,OK
TC07,THCS Thanh Sơn,THCS,2026-09-17,15:00,26,1106,29.2,66.4,OK
TC07,THCS Thanh Sơn,THCS,2026-09-17,16:00,26,1124,28.5,66.1,OK
TC07,THCS Thanh Sơn,THCS,2026-09-18,07:00,26,726,29.4,67.4,OK
TC07,THCS Thanh Sơn,THCS,2026-09-18,08:00,26,886,27.4,68.3,OK
TC07,THCS Thanh Sơn,THCS,2026-09-18,09:00,26,1109,28.9,68.6,OK
TC07,THCS Thanh Sơn,THCS,2026-09-18,10:00,26,1186,29.1,72.0,OK
TC07,THCS Thanh Sơn,THCS,2026-09-18,13:00,26,895,31.8,70.2,OK
TC07,THCS Thanh Sơn,THCS,2026-09-18,14:00,26,846,29.9,66.1,OK
TC07,THCS Thanh Sơn,THCS,2026-09-18,15:00,26,1059,27.6,67.6,OK
TC07,THCS Thanh Sơn,THCS,2026-09-18,16:00,26,1146,29.1,66.6,OK
TC07,THCS Thanh Sơn,THCS,2026-09-21,07:00,26,900,28.4,70.7,OK
TC07,THCS Thanh Sơn,THCS,2026-09-21,08:00,26,900,28.5,66.5,OK
TC07,THCS Thanh Sơn,THCS,2026-09-21,09:00,26,1142,28.6,68.1,OK
TC07,THCS Thanh Sơn,THCS,2026-09-21,10:00,26,1028,29.7,63.5,OK
TC07,THCS Thanh Sơn,THCS,2026-09-21,13:00,26,707,32.4,63.4,OK
TC07,THCS Thanh Sơn,THCS,2026-09-21,14:00,26,864,29.7,63.4,OK
TC07,THCS Thanh Sơn,THCS,2026-09-21,15:00,26,947,28.5,65.4,OK
TC07,THCS Thanh Sơn,THCS,2026-09-21,16:00,26,1147,27.3,69.2,OK
TC07,THCS Thanh Sơn,THCS,2026-09-22,07:00,26,755,28.2,66.3,OK
TC07,THCS Thanh Sơn,THCS,2026-09-22,08:00,26,994,28.4,71.6,OK
TC07,THCS Thanh Sơn,THCS,2026-09-22,09:00,26,1073,30.0,68.1,OK
TC07,THCS Thanh Sơn,THCS,2026-09-22,10:00,26,1114,28.0,69.2,OK
TC07,THCS Thanh Sơn,THCS,2026-09-22,13:00,26,707,31.8,69.0,OK
TC07,THCS Thanh Sơn,THCS,2026-09-22,14:00,26,923,30.6,68.9,OK
TC07,THCS Thanh Sơn,THCS,2026-09-22,15:00,26,1097,29.0,65.7,OK
TC07,THCS Thanh Sơn,THCS,2026-09-22,16:00,26,1059,29.3,66.8,OK
TC07,THCS Thanh Sơn,THCS,2026-09-23,07:00,26,854,29.1,66.3,OK
TC07,THCS Thanh Sơn,THCS,2026-09-23,08:00,26,879,29.3,65.0,OK
TC07,THCS Thanh Sơn,THCS,2026-09-23,09:00,26,948,28.6,69.7,OK
TC07,THCS Thanh Sơn,THCS,2026-09-23,10:00,26,1169,28.2,62.2,OK
TC07,THCS Thanh Sơn,THCS,2026-09-23,13:00,26,848,31.1,60.7,OK
TC07,THCS Thanh Sơn,THCS,2026-09-23,14:00,26,955,30.5,66.6,OK
TC07,THCS Thanh Sơn,THCS,2026-09-23,15:00,26,1064,28.6,68.7,OK
TC07,THCS Thanh Sơn,THCS,2026-09-23,16:00,26,1144,28.6,68.2,OK
TC07,THCS Thanh Sơn,THCS,2026-09-24,07:00,26,755,28.5,66.8,OK
TC07,THCS Thanh Sơn,THCS,2026-09-24,08:00,26,856,28.2,69.9,OK
TC07,THCS Thanh Sơn,THCS,2026-09-24,09:00,26,1031,29.2,71.2,OK
TC07,THCS Thanh Sơn,THCS,2026-09-24,10:00,26,1204,29.1,64.3,OK
TC07,THCS Thanh Sơn,THCS,2026-09-24,13:00,26,839,30.6,70.4,OK
TC07,THCS Thanh Sơn,THCS,2026-09-24,14:00,26,856,31.1,64.1,OK
TC07,THCS Thanh Sơn,THCS,2026-09-24,15:00,26,1076,28.7,65.0,OK
TC07,THCS Thanh Sơn,THCS,2026-09-24,16:00,26,1067,30.4,66.4,OK
TC07,THCS Thanh Sơn,THCS,2026-09-25,07:00,26,871,27.4,59.4,OK
TC07,THCS Thanh Sơn,THCS,2026-09-25,08:00,26,1013,28.7,67.2,OK
TC07,THCS Thanh Sơn,THCS,2026-09-25,09:00,26,1018,28.8,63.0,OK
TC07,THCS Thanh Sơn,THCS,2026-09-25,10:00,26,1068,30.5,67.3,OK
TC07,THCS Thanh Sơn,THCS,2026-09-25,13:00,26,788,30.6,71.2,OK
TC07,THCS Thanh Sơn,THCS,2026-09-25,14:00,26,969,32.4,64.7,OK
TC07,THCS Thanh Sơn,THCS,2026-09-25,15:00,26,1146,28.8,65.0,OK
TC07,THCS Thanh Sơn,THCS,2026-09-25,16:00,26,1186,29.7,62.8,OK
TC08,THCS Hương Trà,THCS,2026-09-14,07:00,30,871,27.2,67.5,OK
TC08,THCS Hương Trà,THCS,2026-09-14,08:00,30,1059,29.6,68.2,OK
TC08,THCS Hương Trà,THCS,2026-09-14,09:00,30,1106,29.8,75.3,OK
TC08,THCS Hương Trà,THCS,2026-09-14,10:00,30,1299,29.3,65.6,OK
TC08,THCS Hương Trà,THCS,2026-09-14,13:00,30,876,30.9,66.9,OK
TC08,THCS Hương Trà,THCS,2026-09-14,14:00,30,1076,30.5,67.8,OK
TC08,THCS Hương Trà,THCS,2026-09-14,15:00,30,1014,28.8,64.5,OK
TC08,THCS Hương Trà,THCS,2026-09-14,16:00,30,1278,29.2,65.6,OK
TC08,THCS Hương Trà,THCS,2026-09-15,07:00,30,768,28.4,69.9,OK
TC08,THCS Hương Trà,THCS,2026-09-15,08:00,30,958,28.2,68.5,OK
TC08,THCS Hương Trà,THCS,2026-09-15,09:00,30,1148,28.7,67.9,OK
TC08,THCS Hương Trà,THCS,2026-09-15,10:00,30,1221,29.3,67.2,OK
TC08,THCS Hương Trà,THCS,2026-09-15,13:00,30,857,30.4,69.0,OK
TC08,THCS Hương Trà,THCS,2026-09-15,14:00,30,986,30.5,68.2,OK
TC08,THCS Hương Trà,THCS,2026-09-15,15:00,30,1117,28.5,65.1,OK
TC08,THCS Hương Trà,THCS,2026-09-15,16:00,30,1195,29.0,71.2,OK
TC08,THCS Hương Trà,THCS,2026-09-16,07:00,30,842,29.1,67.8,OK
TC08,THCS Hương Trà,THCS,2026-09-16,08:00,30,930,29.5,67.3,OK
TC08,THCS Hương Trà,THCS,2026-09-16,09:00,30,1112,28.3,68.8,OK
TC08,THCS Hương Trà,THCS,2026-09-16,10:00,30,1328,27.9,73.3,OK
TC08,THCS Hương Trà,THCS,2026-09-16,13:00,30,873,30.6,68.6,OK
TC08,THCS Hương Trà,THCS,2026-09-16,14:00,30,1011,30.0,69.0,OK
TC08,THCS Hương Trà,THCS,2026-09-16,15:00,30,1203,28.6,68.7,OK
TC08,THCS Hương Trà,THCS,2026-09-16,16:00,30,1265,30.1,68.6,OK
TC08,THCS Hương Trà,THCS,2026-09-17,07:00,30,970,29.8,73.2,OK
TC08,THCS Hương Trà,THCS,2026-09-17,08:00,30,1046,28.1,70.3,OK
TC08,THCS Hương Trà,THCS,2026-09-17,09:00,30,1163,28.8,71.1,OK
TC08,THCS Hương Trà,THCS,2026-09-17,10:00,30,1266,29.6,70.4,OK
TC08,THCS Hương Trà,THCS,2026-09-17,13:00,30,841,31.9,65.2,OK
TC08,THCS Hương Trà,THCS,2026-09-17,14:00,30,927,31.4,68.3,OK
TC08,THCS Hương Trà,THCS,2026-09-17,15:00,30,1071,29.0,66.5,OK
TC08,THCS Hương Trà,THCS,2026-09-17,16:00,30,1262,28.3,65.6,OK
TC08,THCS Hương Trà,THCS,2026-09-18,07:00,30,792,28.1,67.5,OK
TC08,THCS Hương Trà,THCS,2026-09-18,08:00,30,941,29.0,68.8,OK
TC08,THCS Hương Trà,THCS,2026-09-18,09:00,30,1091,28.9,61.7,OK
TC08,THCS Hương Trà,THCS,2026-09-18,10:00,30,1160,29.0,68.5,OK
TC08,THCS Hương Trà,THCS,2026-09-18,13:00,30,866,31.4,68.6,OK
TC08,THCS Hương Trà,THCS,2026-09-18,14:00,30,1044,31.3,68.9,OK
TC08,THCS Hương Trà,THCS,2026-09-18,15:00,30,1097,30.0,68.9,OK
TC08,THCS Hương Trà,THCS,2026-09-18,16:00,30,1180,29.1,71.0,OK
TC08,THCS Hương Trà,THCS,2026-09-21,07:00,30,708,29.5,64.7,OK
TC08,THCS Hương Trà,THCS,2026-09-21,08:00,30,943,27.3,64.3,OK
TC08,THCS Hương Trà,THCS,2026-09-21,09:00,30,1078,27.7,73.9,OK
TC08,THCS Hương Trà,THCS,2026-09-21,10:00,30,1264,29.1,65.3,OK
TC08,THCS Hương Trà,THCS,2026-09-21,13:00,30,857,32.0,71.7,OK
TC08,THCS Hương Trà,THCS,2026-09-21,14:00,30,960,30.7,71.3,OK
TC08,THCS Hương Trà,THCS,2026-09-21,15:00,30,1173,28.4,64.4,OK
TC08,THCS Hương Trà,THCS,2026-09-21,16:00,30,1196,28.6,70.2,OK
TC08,THCS Hương Trà,THCS,2026-09-22,07:00,30,840,30.4,67.1,OK
TC08,THCS Hương Trà,THCS,2026-09-22,08:00,30,1040,28.6,70.5,OK
TC08,THCS Hương Trà,THCS,2026-09-22,09:00,30,1044,29.0,72.7,OK
TC08,THCS Hương Trà,THCS,2026-09-22,10:00,30,1229,29.7,68.0,OK
TC08,THCS Hương Trà,THCS,2026-09-22,13:00,30,933,31.0,73.8,OK
TC08,THCS Hương Trà,THCS,2026-09-22,14:00,30,960,30.7,74.4,OK
TC08,THCS Hương Trà,THCS,2026-09-22,15:00,30,1134,28.4,73.1,OK
TC08,THCS Hương Trà,THCS,2026-09-22,16:00,30,1234,27.7,62.9,OK
TC08,THCS Hương Trà,THCS,2026-09-23,07:00,30,914,29.0,67.3,OK
TC08,THCS Hương Trà,THCS,2026-09-23,08:00,30,938,29.3,69.5,OK
TC08,THCS Hương Trà,THCS,2026-09-23,09:00,30,1149,29.0,73.8,OK
TC08,THCS Hương Trà,THCS,2026-09-23,10:00,30,1275,27.9,67.1,OK
TC08,THCS Hương Trà,THCS,2026-09-23,13:00,30,919,30.2,69.4,OK
TC08,THCS Hương Trà,THCS,2026-09-23,14:00,30,943,30.5,69.7,OK
TC08,THCS Hương Trà,THCS,2026-09-23,15:00,30,1198,29.8,70.1,OK
TC08,THCS Hương Trà,THCS,2026-09-23,16:00,30,1171,28.6,69.6,OK
TC08,THCS Hương Trà,THCS,2026-09-24,07:00,30,856,28.7,71.5,OK
TC08,THCS Hương Trà,THCS,2026-09-24,08:00,30,990,29.6,71.1,OK
TC08,THCS Hương Trà,THCS,2026-09-24,09:00,30,1139,29.5,66.9,OK
TC08,THCS Hương Trà,THCS,2026-09-24,10:00,30,1269,28.9,75.1,OK
TC08,THCS Hương Trà,THCS,2026-09-24,13:00,30,805,32.6,64.7,OK
TC08,THCS Hương Trà,THCS,2026-09-24,14:00,30,1053,32.0,73.9,OK
TC08,THCS Hương Trà,THCS,2026-09-24,15:00,30,1108,29.0,64.2,OK
TC08,THCS Hương Trà,THCS,2026-09-24,16:00,30,1237,29.3,71.8,OK
TC08,THCS Hương Trà,THCS,2026-09-25,07:00,30,868,29.8,68.4,OK
TC08,THCS Hương Trà,THCS,2026-09-25,08:00,30,1048,28.9,70.7,OK
TC08,THCS Hương Trà,THCS,2026-09-25,09:00,30,1008,29.0,69.7,OK
TC08,THCS Hương Trà,THCS,2026-09-25,10:00,30,1271,29.3,71.7,OK
TC08,THCS Hương Trà,THCS,2026-09-25,13:00,30,889,31.4,71.0,OK
TC08,THCS Hương Trà,THCS,2026-09-25,14:00,30,1084,31.6,68.0,OK
TC08,THCS Hương Trà,THCS,2026-09-25,15:00,30,1171,29.1,70.9,OK
TC08,THCS Hương Trà,THCS,2026-09-25,16:00,30,1275,28.5,69.5,OK
