ma_nut,ten_nut,ngay,thu,vuot_den_do,sai_lan,khong_doi_mu_bao_hiem,dung_do_sai_quy_dinh,va_cham_ghi_nhan,trang_thai_camera
N01,Nút Hoà Thuận – Trung tâm,2026-09-14,Thứ hai,34,46,10,21,0,Hoạt động
N01,Nút Hoà Thuận – Trung tâm,2026-09-15,Thứ ba,31,52,11,20,0,Hoạt động
N01,Nút Hoà Thuận – Trung tâm,2026-09-16,Thứ tư,29,53,8,20,0,Hoạt động
N01,Nút Hoà Thuận – Trung tâm,2026-09-17,Thứ năm,37,53,16,15,0,Hoạt động
N01,Nút Hoà Thuận – Trung tâm,2026-09-18,Thứ sáu,31,55,14,10,0,Hoạt động
N01,Nút Hoà Thuận – Trung tâm,2026-09-19,Thứ bảy,20,32,9,23,0,Hoạt động
N01,Nút Hoà Thuận – Trung tâm,2026-09-20,Chủ nhật,21,36,12,17,0,Hoạt động
N01,Nút Hoà Thuận – Trung tâm,2026-09-21,Thứ hai,31,52,14,18,0,Hoạt động
N01,Nút Hoà Thuận – Trung tâm,2026-09-22,Thứ ba,33,46,14,19,0,Hoạt động
N01,Nút Hoà Thuận – Trung tâm,2026-09-23,Thứ tư,30,51,13,10,1,Hoạt động
N01,Nút Hoà Thuận – Trung tâm,2026-09-24,Thứ năm,33,44,13,21,1,Hoạt động
N01,Nút Hoà Thuận – Trung tâm,2026-09-25,Thứ sáu,33,51,12,17,0,Hoạt động
N01,Nút Hoà Thuận – Trung tâm,2026-09-26,Thứ bảy,23,34,9,15,0,Hoạt động
N01,Nút Hoà Thuận – Trung tâm,2026-09-27,Chủ nhật,22,33,11,10,0,Hoạt động
N02,Nút Tân Hoà – Chợ,2026-09-14,Thứ hai,23,32,11,10,0,Hoạt động
N02,Nút Tân Hoà – Chợ,2026-09-15,Thứ ba,26,40,8,18,0,Hoạt động
N02,Nút Tân Hoà – Chợ,2026-09-16,Thứ tư,22,36,9,11,0,Hoạt động
N02,Nút Tân Hoà – Chợ,2026-09-17,Thứ năm,26,41,10,16,0,Hoạt động
N02,Nút Tân Hoà – Chợ,2026-09-18,Thứ sáu,18,36,10,18,0,Hoạt động
N02,Nút Tân Hoà – Chợ,2026-09-19,Thứ bảy,17,23,10,14,0,Hoạt động
N02,Nút Tân Hoà – Chợ,2026-09-20,Chủ nhật,15,31,6,11,1,Hoạt động
N02,Nút Tân Hoà – Chợ,2026-09-21,Thứ hai,23,45,11,17,0,Hoạt động
N02,Nút Tân Hoà – Chợ,2026-09-22,Thứ ba,22,39,10,19,0,Hoạt động
N02,Nút Tân Hoà – Chợ,2026-09-23,Thứ tư,19,40,9,19,0,Hoạt động
N02,Nút Tân Hoà – Chợ,2026-09-24,Thứ năm,18,37,9,24,0,Hoạt động
N02,Nút Tân Hoà – Chợ,2026-09-25,Thứ sáu,23,41,8,17,0,Hoạt động
N02,Nút Tân Hoà – Chợ,2026-09-26,Thứ bảy,18,30,5,19,0,Hoạt động
N02,Nút Tân Hoà – Chợ,2026-09-27,Chủ nhật,18,23,4,12,0,Hoạt động
N03,Nút Đông Giang – Cầu Mẫu,2026-09-14,Thứ hai,,,,,,Không có camera AI
N03,Nút Đông Giang – Cầu Mẫu,2026-09-15,Thứ ba,,,,,,Không có camera AI
N03,Nút Đông Giang – Cầu Mẫu,2026-09-16,Thứ tư,,,,,,Không có camera AI
N03,Nút Đông Giang – Cầu Mẫu,2026-09-17,Thứ năm,,,,,,Không có camera AI
N03,Nút Đông Giang – Cầu Mẫu,2026-09-18,Thứ sáu,,,,,,Không có camera AI
N03,Nút Đông Giang – Cầu Mẫu,2026-09-19,Thứ bảy,,,,,,Không có camera AI
N03,Nút Đông Giang – Cầu Mẫu,2026-09-20,Chủ nhật,,,,,,Không có camera AI
N03,Nút Đông Giang – Cầu Mẫu,2026-09-21,Thứ hai,,,,,,Không có camera AI
N03,Nút Đông Giang – Cầu Mẫu,2026-09-22,Thứ ba,,,,,,Không có camera AI
N03,Nút Đông Giang – Cầu Mẫu,2026-09-23,Thứ tư,,,,,,Không có camera AI
N03,Nút Đông Giang – Cầu Mẫu,2026-09-24,Thứ năm,,,,,,Không có camera AI
N03,Nút Đông Giang – Cầu Mẫu,2026-09-25,Thứ sáu,,,,,,Không có camera AI
N03,Nút Đông Giang – Cầu Mẫu,2026-09-26,Thứ bảy,,,,,,Không có camera AI
N03,Nút Đông Giang – Cầu Mẫu,2026-09-27,Chủ nhật,,,,,,Không có camera AI
N04,Nút Nam Phong – Khu công nghiệp,2026-09-14,Thứ hai,22,40,7,25,0,Hoạt động
N04,Nút Nam Phong – Khu công nghiệp,2026-09-15,Thứ ba,26,38,9,13,0,Hoạt động
N04,Nút Nam Phong – Khu công nghiệp,2026-09-16,Thứ tư,23,39,9,19,0,Hoạt động
N04,Nút Nam Phong – Khu công nghiệp,2026-09-17,Thứ năm,20,43,7,19,0,Hoạt động
N04,Nút Nam Phong – Khu công nghiệp,2026-09-18,Thứ sáu,20,34,9,13,0,Hoạt động
N04,Nút Nam Phong – Khu công nghiệp,2026-09-19,Thứ bảy,16,29,5,11,0,Hoạt động
N04,Nút Nam Phong – Khu công nghiệp,2026-09-20,Chủ nhật,19,29,9,19,0,Hoạt động
N04,Nút Nam Phong – Khu công nghiệp,2026-09-21,Thứ hai,25,39,13,20,0,Hoạt động
N04,Nút Nam Phong – Khu công nghiệp,2026-09-22,Thứ ba,24,41,8,17,0,Hoạt động
N04,Nút Nam Phong – Khu công nghiệp,2026-09-23,Thứ tư,21,30,13,18,0,Hoạt động
N04,Nút Nam Phong – Khu công nghiệp,2026-09-24,Thứ năm,21,35,10,12,0,Hoạt động
N04,Nút Nam Phong – Khu công nghiệp,2026-09-25,Thứ sáu,19,38,8,18,0,Hoạt động
N04,Nút Nam Phong – Khu công nghiệp,2026-09-26,Thứ bảy,18,23,5,18,0,Hoạt động
N04,Nút Nam Phong – Khu công nghiệp,2026-09-27,Chủ nhật,14,21,8,14,1,Hoạt động
N05,Nút Tân Hoà – Trường THCS,2026-09-14,Thứ hai,,,,,,Không có camera AI
N05,Nút Tân Hoà – Trường THCS,2026-09-15,Thứ ba,,,,,,Không có camera AI
N05,Nút Tân Hoà – Trường THCS,2026-09-16,Thứ tư,,,,,,Không có camera AI
N05,Nút Tân Hoà – Trường THCS,2026-09-17,Thứ năm,,,,,,Không có camera AI
N05,Nút Tân Hoà – Trường THCS,2026-09-18,Thứ sáu,,,,,,Không có camera AI
N05,Nút Tân Hoà – Trường THCS,2026-09-19,Thứ bảy,,,,,,Không có camera AI
N05,Nút Tân Hoà – Trường THCS,2026-09-20,Chủ nhật,,,,,,Không có camera AI
N05,Nút Tân Hoà – Trường THCS,2026-09-21,Thứ hai,,,,,,Không có camera AI
N05,Nút Tân Hoà – Trường THCS,2026-09-22,Thứ ba,,,,,,Không có camera AI
N05,Nút Tân Hoà – Trường THCS,2026-09-23,Thứ tư,,,,,,Không có camera AI
N05,Nút Tân Hoà – Trường THCS,2026-09-24,Thứ năm,,,,,,Không có camera AI
N05,Nút Tân Hoà – Trường THCS,2026-09-25,Thứ sáu,,,,,,Không có camera AI
N05,Nút Tân Hoà – Trường THCS,2026-09-26,Thứ bảy,,,,,,Không có camera AI
N05,Nút Tân Hoà – Trường THCS,2026-09-27,Chủ nhật,,,,,,Không có camera AI
N06,Nút Bình An – Quốc lộ,2026-09-14,Thứ hai,,,,,,Không có camera AI
N06,Nút Bình An – Quốc lộ,2026-09-15,Thứ ba,,,,,,Không có camera AI
N06,Nút Bình An – Quốc lộ,2026-09-16,Thứ tư,,,,,,Không có camera AI
N06,Nút Bình An – Quốc lộ,2026-09-17,Thứ năm,,,,,,Không có camera AI
N06,Nút Bình An – Quốc lộ,2026-09-18,Thứ sáu,,,,,,Không có camera AI
N06,Nút Bình An – Quốc lộ,2026-09-19,Thứ bảy,,,,,,Không có camera AI
N06,Nút Bình An – Quốc lộ,2026-09-20,Chủ nhật,,,,,,Không có camera AI
N06,Nút Bình An – Quốc lộ,2026-09-21,Thứ hai,,,,,,Không có camera AI
N06,Nút Bình An – Quốc lộ,2026-09-22,Thứ ba,,,,,,Không có camera AI
N06,Nút Bình An – Quốc lộ,2026-09-23,Thứ tư,,,,,,Không có camera AI
N06,Nút Bình An – Quốc lộ,2026-09-24,Thứ năm,,,,,,Không có camera AI
N06,Nút Bình An – Quốc lộ,2026-09-25,Thứ sáu,,,,,,Không có camera AI
N06,Nút Bình An – Quốc lộ,2026-09-26,Thứ bảy,,,,,,Không có camera AI
N06,Nút Bình An – Quốc lộ,2026-09-27,Chủ nhật,,,,,,Không có camera AI
N07,Nút Mỹ Khánh – Bến xe,2026-09-14,Thứ hai,,,,,,Không có camera AI
N07,Nút Mỹ Khánh – Bến xe,2026-09-15,Thứ ba,,,,,,Không có camera AI
N07,Nút Mỹ Khánh – Bến xe,2026-09-16,Thứ tư,,,,,,Không có camera AI
N07,Nút Mỹ Khánh – Bến xe,2026-09-17,Thứ năm,,,,,,Không có camera AI
N07,Nút Mỹ Khánh – Bến xe,2026-09-18,Thứ sáu,,,,,,Không có camera AI
N07,Nút Mỹ Khánh – Bến xe,2026-09-19,Thứ bảy,,,,,,Không có camera AI
N07,Nút Mỹ Khánh – Bến xe,2026-09-20,Chủ nhật,,,,,,Không có camera AI
N07,Nút Mỹ Khánh – Bến xe,2026-09-21,Thứ hai,,,,,,Không có camera AI
N07,Nút Mỹ Khánh – Bến xe,2026-09-22,Thứ ba,,,,,,Không có camera AI
N07,Nút Mỹ Khánh – Bến xe,2026-09-23,Thứ tư,,,,,,Không có camera AI
N07,Nút Mỹ Khánh – Bến xe,2026-09-24,Thứ năm,,,,,,Không có camera AI
N07,Nút Mỹ Khánh – Bến xe,2026-09-25,Thứ sáu,,,,,,Không có camera AI
N07,Nút Mỹ Khánh – Bến xe,2026-09-26,Thứ bảy,,,,,,Không có camera AI
N07,Nút Mỹ Khánh – Bến xe,2026-09-27,Chủ nhật,,,,,,Không có camera AI
N08,Nút Long Thành – Cầu vượt,2026-09-14,Thứ hai,28,27,6,24,0,Hoạt động
N08,Nút Long Thành – Cầu vượt,2026-09-15,Thứ ba,18,37,7,16,0,Hoạt động
N08,Nút Long Thành – Cầu vượt,2026-09-16,Thứ tư,25,30,10,10,0,Hoạt động
N08,Nút Long Thành – Cầu vượt,2026-09-17,Thứ năm,19,41,9,13,0,Hoạt động
N08,Nút Long Thành – Cầu vượt,2026-09-18,Thứ sáu,17,32,8,12,0,Hoạt động
N08,Nút Long Thành – Cầu vượt,2026-09-19,Thứ bảy,20,23,9,9,0,Hoạt động
N08,Nút Long Thành – Cầu vượt,2026-09-20,Chủ nhật,13,28,4,13,0,Hoạt động
N08,Nút Long Thành – Cầu vượt,2026-09-21,Thứ hai,21,30,11,13,0,Hoạt động
N08,Nút Long Thành – Cầu vượt,2026-09-22,Thứ ba,26,38,6,18,0,Hoạt động
N08,Nút Long Thành – Cầu vượt,2026-09-23,Thứ tư,21,34,10,20,0,Hoạt động
N08,Nút Long Thành – Cầu vượt,2026-09-24,Thứ năm,21,36,7,17,0,Hoạt động
N08,Nút Long Thành – Cầu vượt,2026-09-25,Thứ sáu,19,34,7,14,0,Hoạt động
N08,Nút Long Thành – Cầu vượt,2026-09-26,Thứ bảy,15,30,7,15,0,Hoạt động
N08,Nút Long Thành – Cầu vượt,2026-09-27,Chủ nhật,16,20,7,9,0,Hoạt động
