ma_diem,ten_diem,ma_don_vi,loai_khu_vuc,ngay,muc_day_7h_pct,muc_day_19h_pct,tran_rac,so_lan_thu_gom,khoi_luong_kg,ty_le_phan_loai_dung_pct
R01,Điểm chợ Hoà Thuận,DV01,Chợ,2026-09-14,42,100,1,1,613,53
R01,Điểm chợ Hoà Thuận,DV01,Chợ,2026-09-15,39,100,1,1,627,47
R01,Điểm chợ Hoà Thuận,DV01,Chợ,2026-09-16,33,100,1,1,633,50
R01,Điểm chợ Hoà Thuận,DV01,Chợ,2026-09-17,41,98,1,1,585,48
R01,Điểm chợ Hoà Thuận,DV01,Chợ,2026-09-18,34,100,1,1,617,36
R01,Điểm chợ Hoà Thuận,DV01,Chợ,2026-09-19,36,100,1,1,592,41
R01,Điểm chợ Hoà Thuận,DV01,Chợ,2026-09-20,40,100,1,1,603,48
R01,Điểm chợ Hoà Thuận,DV01,Chợ,2026-09-21,22,100,1,1,612,60
R01,Điểm chợ Hoà Thuận,DV01,Chợ,2026-09-22,28,95,0,1,596,49
R01,Điểm chợ Hoà Thuận,DV01,Chợ,2026-09-23,39,100,1,1,639,48
R01,Điểm chợ Hoà Thuận,DV01,Chợ,2026-09-24,31,100,1,1,627,43
R01,Điểm chợ Hoà Thuận,DV01,Chợ,2026-09-25,39,100,1,1,585,48
R01,Điểm chợ Hoà Thuận,DV01,Chợ,2026-09-26,36,100,1,1,596,39
R01,Điểm chợ Hoà Thuận,DV01,Chợ,2026-09-27,23,100,1,1,635,42
R02,Điểm khu dân cư đông Hoà Thuận,DV01,Khu dân cư đông,2026-09-14,21,78,0,1,504,51
R02,Điểm khu dân cư đông Hoà Thuận,DV01,Khu dân cư đông,2026-09-15,18,78,0,1,483,47
R02,Điểm khu dân cư đông Hoà Thuận,DV01,Khu dân cư đông,2026-09-16,27,75,0,1,439,47
R02,Điểm khu dân cư đông Hoà Thuận,DV01,Khu dân cư đông,2026-09-17,11,78,0,1,492,50
R02,Điểm khu dân cư đông Hoà Thuận,DV01,Khu dân cư đông,2026-09-18,13,81,0,1,514,39
R02,Điểm khu dân cư đông Hoà Thuận,DV01,Khu dân cư đông,2026-09-19,18,77,0,1,485,35
R02,Điểm khu dân cư đông Hoà Thuận,DV01,Khu dân cư đông,2026-09-20,23,92,0,1,581,45
R02,Điểm khu dân cư đông Hoà Thuận,DV01,Khu dân cư đông,2026-09-21,23,77,0,1,434,41
R02,Điểm khu dân cư đông Hoà Thuận,DV01,Khu dân cư đông,2026-09-22,29,78,0,1,488,48
R02,Điểm khu dân cư đông Hoà Thuận,DV01,Khu dân cư đông,2026-09-23,29,80,0,1,508,42
R02,Điểm khu dân cư đông Hoà Thuận,DV01,Khu dân cư đông,2026-09-24,26,80,0,1,512,47
R02,Điểm khu dân cư đông Hoà Thuận,DV01,Khu dân cư đông,2026-09-25,32,61,0,1,400,52
R02,Điểm khu dân cư đông Hoà Thuận,DV01,Khu dân cư đông,2026-09-26,24,96,0,1,590,48
R02,Điểm khu dân cư đông Hoà Thuận,DV01,Khu dân cư đông,2026-09-27,34,100,1,1,638,37
R03,Điểm khu dân cư đông Hoà Thuận,DV01,Khu dân cư đông,2026-09-14,32,85,0,1,555,40
R03,Điểm khu dân cư đông Hoà Thuận,DV01,Khu dân cư đông,2026-09-15,18,77,0,1,512,38
R03,Điểm khu dân cư đông Hoà Thuận,DV01,Khu dân cư đông,2026-09-16,21,87,0,1,552,32
R03,Điểm khu dân cư đông Hoà Thuận,DV01,Khu dân cư đông,2026-09-17,15,69,0,1,414,42
R03,Điểm khu dân cư đông Hoà Thuận,DV01,Khu dân cư đông,2026-09-18,29,87,0,1,554,34
R03,Điểm khu dân cư đông Hoà Thuận,DV01,Khu dân cư đông,2026-09-19,31,84,0,1,514,54
R03,Điểm khu dân cư đông Hoà Thuận,DV01,Khu dân cư đông,2026-09-20,34,100,1,1,606,46
R03,Điểm khu dân cư đông Hoà Thuận,DV01,Khu dân cư đông,2026-09-21,21,73,0,1,462,52
R03,Điểm khu dân cư đông Hoà Thuận,DV01,Khu dân cư đông,2026-09-22,19,74,0,1,454,47
R03,Điểm khu dân cư đông Hoà Thuận,DV01,Khu dân cư đông,2026-09-23,32,72,0,1,427,43
R03,Điểm khu dân cư đông Hoà Thuận,DV01,Khu dân cư đông,2026-09-24,24,73,0,1,457,50
R03,Điểm khu dân cư đông Hoà Thuận,DV01,Khu dân cư đông,2026-09-25,34,70,0,1,470,54
R03,Điểm khu dân cư đông Hoà Thuận,DV01,Khu dân cư đông,2026-09-26,22,100,1,1,623,30
R03,Điểm khu dân cư đông Hoà Thuận,DV01,Khu dân cư đông,2026-09-27,28,89,0,1,553,52
R04,Điểm chợ Tân Hoà,DV02,Chợ,2026-09-14,30,100,1,1,579,48
R04,Điểm chợ Tân Hoà,DV02,Chợ,2026-09-15,30,92,0,1,590,37
R04,Điểm chợ Tân Hoà,DV02,Chợ,2026-09-16,29,98,1,1,632,51
R04,Điểm chợ Tân Hoà,DV02,Chợ,2026-09-17,30,100,1,1,569,28
R04,Điểm chợ Tân Hoà,DV02,Chợ,2026-09-18,42,100,1,1,630,50
R04,Điểm chợ Tân Hoà,DV02,Chợ,2026-09-19,28,100,1,1,598,50
R04,Điểm chợ Tân Hoà,DV02,Chợ,2026-09-20,35,100,1,1,590,46
R04,Điểm chợ Tân Hoà,DV02,Chợ,2026-09-21,27,92,0,1,580,53
R04,Điểm chợ Tân Hoà,DV02,Chợ,2026-09-22,31,100,1,1,630,50
R04,Điểm chợ Tân Hoà,DV02,Chợ,2026-09-23,37,100,1,1,604,47
R04,Điểm chợ Tân Hoà,DV02,Chợ,2026-09-24,43,100,1,1,635,44
R04,Điểm chợ Tân Hoà,DV02,Chợ,2026-09-25,34,100,1,1,609,52
R04,Điểm chợ Tân Hoà,DV02,Chợ,2026-09-26,26,100,1,1,616,45
R04,Điểm chợ Tân Hoà,DV02,Chợ,2026-09-27,24,100,1,1,583,52
R05,Điểm khu dân cư đông Tân Hoà,DV02,Khu dân cư đông,2026-09-14,16,76,0,1,466,50
R05,Điểm khu dân cư đông Tân Hoà,DV02,Khu dân cư đông,2026-09-15,19,80,0,1,496,33
R05,Điểm khu dân cư đông Tân Hoà,DV02,Khu dân cư đông,2026-09-16,39,59,0,1,377,49
R05,Điểm khu dân cư đông Tân Hoà,DV02,Khu dân cư đông,2026-09-17,29,84,0,1,519,51
R05,Điểm khu dân cư đông Tân Hoà,DV02,Khu dân cư đông,2026-09-18,31,86,0,1,528,45
R05,Điểm khu dân cư đông Tân Hoà,DV02,Khu dân cư đông,2026-09-19,23,96,0,1,571,31
R05,Điểm khu dân cư đông Tân Hoà,DV02,Khu dân cư đông,2026-09-20,20,100,1,1,599,50
R05,Điểm khu dân cư đông Tân Hoà,DV02,Khu dân cư đông,2026-09-21,27,67,0,1,391,37
R05,Điểm khu dân cư đông Tân Hoà,DV02,Khu dân cư đông,2026-09-22,25,63,0,1,389,36
R05,Điểm khu dân cư đông Tân Hoà,DV02,Khu dân cư đông,2026-09-23,31,78,0,1,474,45
R05,Điểm khu dân cư đông Tân Hoà,DV02,Khu dân cư đông,2026-09-24,32,90,0,1,547,52
R05,Điểm khu dân cư đông Tân Hoà,DV02,Khu dân cư đông,2026-09-25,30,77,0,1,493,41
R05,Điểm khu dân cư đông Tân Hoà,DV02,Khu dân cư đông,2026-09-26,24,82,0,1,535,37
R05,Điểm khu dân cư đông Tân Hoà,DV02,Khu dân cư đông,2026-09-27,37,98,1,1,606,45
R06,Điểm khu dân cư đông Tân Hoà,DV02,Khu dân cư đông,2026-09-14,24,67,0,1,390,48
R06,Điểm khu dân cư đông Tân Hoà,DV02,Khu dân cư đông,2026-09-15,28,95,0,1,607,55
R06,Điểm khu dân cư đông Tân Hoà,DV02,Khu dân cư đông,2026-09-16,22,77,0,1,464,46
R06,Điểm khu dân cư đông Tân Hoà,DV02,Khu dân cư đông,2026-09-17,26,73,0,1,463,47
R06,Điểm khu dân cư đông Tân Hoà,DV02,Khu dân cư đông,2026-09-18,30,80,0,1,477,50
R06,Điểm khu dân cư đông Tân Hoà,DV02,Khu dân cư đông,2026-09-19,21,75,0,1,471,52
R06,Điểm khu dân cư đông Tân Hoà,DV02,Khu dân cư đông,2026-09-20,22,100,1,1,623,53
R06,Điểm khu dân cư đông Tân Hoà,DV02,Khu dân cư đông,2026-09-21,19,90,0,1,551,45
R06,Điểm khu dân cư đông Tân Hoà,DV02,Khu dân cư đông,2026-09-22,24,87,0,1,556,39
R06,Điểm khu dân cư đông Tân Hoà,DV02,Khu dân cư đông,2026-09-23,25,64,0,1,415,45
R06,Điểm khu dân cư đông Tân Hoà,DV02,Khu dân cư đông,2026-09-24,32,73,0,1,464,42
R06,Điểm khu dân cư đông Tân Hoà,DV02,Khu dân cư đông,2026-09-25,27,78,0,1,459,46
R06,Điểm khu dân cư đông Tân Hoà,DV02,Khu dân cư đông,2026-09-26,21,91,0,1,565,53
R06,Điểm khu dân cư đông Tân Hoà,DV02,Khu dân cư đông,2026-09-27,17,89,0,1,579,46
R07,Điểm khu dân cư đông Đông Giang,DV03,Khu dân cư đông,2026-09-14,21,69,0,1,428,41
R07,Điểm khu dân cư đông Đông Giang,DV03,Khu dân cư đông,2026-09-15,28,65,0,1,415,51
R07,Điểm khu dân cư đông Đông Giang,DV03,Khu dân cư đông,2026-09-16,18,89,0,1,540,49
R07,Điểm khu dân cư đông Đông Giang,DV03,Khu dân cư đông,2026-09-17,35,83,0,1,544,49
R07,Điểm khu dân cư đông Đông Giang,DV03,Khu dân cư đông,2026-09-18,26,64,0,1,362,39
R07,Điểm khu dân cư đông Đông Giang,DV03,Khu dân cư đông,2026-09-19,30,97,0,1,592,45
R07,Điểm khu dân cư đông Đông Giang,DV03,Khu dân cư đông,2026-09-20,24,98,1,1,619,55
R07,Điểm khu dân cư đông Đông Giang,DV03,Khu dân cư đông,2026-09-21,30,93,0,1,592,55
R07,Điểm khu dân cư đông Đông Giang,DV03,Khu dân cư đông,2026-09-22,29,76,0,1,506,57
R07,Điểm khu dân cư đông Đông Giang,DV03,Khu dân cư đông,2026-09-23,33,66,0,1,400,46
R07,Điểm khu dân cư đông Đông Giang,DV03,Khu dân cư đông,2026-09-24,22,70,0,1,429,44
R07,Điểm khu dân cư đông Đông Giang,DV03,Khu dân cư đông,2026-09-25,16,73,0,1,442,54
R07,Điểm khu dân cư đông Đông Giang,DV03,Khu dân cư đông,2026-09-26,24,96,0,1,583,57
R07,Điểm khu dân cư đông Đông Giang,DV03,Khu dân cư đông,2026-09-27,34,75,0,1,455,58
R08,Điểm khu dân cư đông Đông Giang,DV03,Khu dân cư đông,2026-09-14,26,89,0,1,573,52
R08,Điểm khu dân cư đông Đông Giang,DV03,Khu dân cư đông,2026-09-15,25,86,0,1,546,36
R08,Điểm khu dân cư đông Đông Giang,DV03,Khu dân cư đông,2026-09-16,35,72,0,1,463,51
R08,Điểm khu dân cư đông Đông Giang,DV03,Khu dân cư đông,2026-09-17,29,79,0,1,490,48
R08,Điểm khu dân cư đông Đông Giang,DV03,Khu dân cư đông,2026-09-18,35,75,0,1,440,47
R08,Điểm khu dân cư đông Đông Giang,DV03,Khu dân cư đông,2026-09-19,26,97,0,1,615,45
R08,Điểm khu dân cư đông Đông Giang,DV03,Khu dân cư đông,2026-09-20,28,95,0,1,577,50
R08,Điểm khu dân cư đông Đông Giang,DV03,Khu dân cư đông,2026-09-21,22,79,0,1,505,58
R08,Điểm khu dân cư đông Đông Giang,DV03,Khu dân cư đông,2026-09-22,25,82,0,1,472,57
R08,Điểm khu dân cư đông Đông Giang,DV03,Khu dân cư đông,2026-09-23,19,62,0,1,392,54
R08,Điểm khu dân cư đông Đông Giang,DV03,Khu dân cư đông,2026-09-24,12,66,0,1,422,57
R08,Điểm khu dân cư đông Đông Giang,DV03,Khu dân cư đông,2026-09-25,25,91,0,1,544,60
R08,Điểm khu dân cư đông Đông Giang,DV03,Khu dân cư đông,2026-09-26,29,89,0,1,519,53
R08,Điểm khu dân cư đông Đông Giang,DV03,Khu dân cư đông,2026-09-27,13,99,1,1,628,52
R09,Điểm khu dân cư đông Đông Giang,DV03,Khu dân cư đông,2026-09-14,27,80,0,1,535,48
R09,Điểm khu dân cư đông Đông Giang,DV03,Khu dân cư đông,2026-09-15,17,75,0,1,450,33
R09,Điểm khu dân cư đông Đông Giang,DV03,Khu dân cư đông,2026-09-16,21,73,0,1,430,46
R09,Điểm khu dân cư đông Đông Giang,DV03,Khu dân cư đông,2026-09-17,12,84,0,1,531,47
R09,Điểm khu dân cư đông Đông Giang,DV03,Khu dân cư đông,2026-09-18,28,80,0,1,498,57
R09,Điểm khu dân cư đông Đông Giang,DV03,Khu dân cư đông,2026-09-19,27,93,0,1,583,43
R09,Điểm khu dân cư đông Đông Giang,DV03,Khu dân cư đông,2026-09-20,22,97,0,1,633,42
R09,Điểm khu dân cư đông Đông Giang,DV03,Khu dân cư đông,2026-09-21,32,81,0,1,510,56
R09,Điểm khu dân cư đông Đông Giang,DV03,Khu dân cư đông,2026-09-22,17,80,0,1,499,56
R09,Điểm khu dân cư đông Đông Giang,DV03,Khu dân cư đông,2026-09-23,32,87,0,1,548,56
R09,Điểm khu dân cư đông Đông Giang,DV03,Khu dân cư đông,2026-09-24,18,74,0,1,442,63
R09,Điểm khu dân cư đông Đông Giang,DV03,Khu dân cư đông,2026-09-25,30,90,0,1,563,57
R09,Điểm khu dân cư đông Đông Giang,DV03,Khu dân cư đông,2026-09-26,23,100,1,1,656,55
R09,Điểm khu dân cư đông Đông Giang,DV03,Khu dân cư đông,2026-09-27,20,81,0,1,526,60
R10,Điểm khu dân cư đông Nam Phong,DV04,Khu dân cư đông,2026-09-14,21,80,0,1,517,52
R10,Điểm khu dân cư đông Nam Phong,DV04,Khu dân cư đông,2026-09-15,27,64,0,1,390,39
R10,Điểm khu dân cư đông Nam Phong,DV04,Khu dân cư đông,2026-09-16,23,89,0,1,583,53
R10,Điểm khu dân cư đông Nam Phong,DV04,Khu dân cư đông,2026-09-17,15,94,0,1,586,46
R10,Điểm khu dân cư đông Nam Phong,DV04,Khu dân cư đông,2026-09-18,35,73,0,1,452,46
R10,Điểm khu dân cư đông Nam Phong,DV04,Khu dân cư đông,2026-09-19,32,73,0,1,446,37
R10,Điểm khu dân cư đông Nam Phong,DV04,Khu dân cư đông,2026-09-20,21,99,1,1,629,37
R10,Điểm khu dân cư đông Nam Phong,DV04,Khu dân cư đông,2026-09-21,30,72,0,1,453,42
R10,Điểm khu dân cư đông Nam Phong,DV04,Khu dân cư đông,2026-09-22,21,70,0,1,448,43
R10,Điểm khu dân cư đông Nam Phong,DV04,Khu dân cư đông,2026-09-23,18,61,0,1,380,43
R10,Điểm khu dân cư đông Nam Phong,DV04,Khu dân cư đông,2026-09-24,26,78,0,1,496,50
R10,Điểm khu dân cư đông Nam Phong,DV04,Khu dân cư đông,2026-09-25,23,74,0,1,462,35
R10,Điểm khu dân cư đông Nam Phong,DV04,Khu dân cư đông,2026-09-26,30,97,0,1,622,45
R10,Điểm khu dân cư đông Nam Phong,DV04,Khu dân cư đông,2026-09-27,32,95,0,1,591,57
R11,Điểm khu dân cư đông Nam Phong,DV04,Khu dân cư đông,2026-09-14,26,76,0,1,461,39
R11,Điểm khu dân cư đông Nam Phong,DV04,Khu dân cư đông,2026-09-15,30,86,0,1,520,43
R11,Điểm khu dân cư đông Nam Phong,DV04,Khu dân cư đông,2026-09-16,29,68,0,1,409,42
R11,Điểm khu dân cư đông Nam Phong,DV04,Khu dân cư đông,2026-09-17,23,92,0,1,530,36
R11,Điểm khu dân cư đông Nam Phong,DV04,Khu dân cư đông,2026-09-18,27,81,0,1,494,45
R11,Điểm khu dân cư đông Nam Phong,DV04,Khu dân cư đông,2026-09-19,35,96,0,1,645,42
R11,Điểm khu dân cư đông Nam Phong,DV04,Khu dân cư đông,2026-09-20,20,95,0,1,577,47
R11,Điểm khu dân cư đông Nam Phong,DV04,Khu dân cư đông,2026-09-21,28,75,0,1,436,47
R11,Điểm khu dân cư đông Nam Phong,DV04,Khu dân cư đông,2026-09-22,19,88,0,1,527,33
R11,Điểm khu dân cư đông Nam Phong,DV04,Khu dân cư đông,2026-09-23,29,79,0,1,509,42
R11,Điểm khu dân cư đông Nam Phong,DV04,Khu dân cư đông,2026-09-24,31,56,0,1,320,36
R11,Điểm khu dân cư đông Nam Phong,DV04,Khu dân cư đông,2026-09-25,23,98,1,1,654,52
R11,Điểm khu dân cư đông Nam Phong,DV04,Khu dân cư đông,2026-09-26,34,87,0,1,549,39
R11,Điểm khu dân cư đông Nam Phong,DV04,Khu dân cư đông,2026-09-27,24,92,0,1,595,43
R12,Điểm khu dân cư đông Nam Phong,DV04,Khu dân cư đông,2026-09-14,32,84,0,1,535,36
R12,Điểm khu dân cư đông Nam Phong,DV04,Khu dân cư đông,2026-09-15,20,79,0,1,494,37
R12,Điểm khu dân cư đông Nam Phong,DV04,Khu dân cư đông,2026-09-16,27,84,0,1,485,44
R12,Điểm khu dân cư đông Nam Phong,DV04,Khu dân cư đông,2026-09-17,23,66,0,1,414,45
R12,Điểm khu dân cư đông Nam Phong,DV04,Khu dân cư đông,2026-09-18,30,88,0,1,522,50
R12,Điểm khu dân cư đông Nam Phong,DV04,Khu dân cư đông,2026-09-19,25,93,0,1,591,40
R12,Điểm khu dân cư đông Nam Phong,DV04,Khu dân cư đông,2026-09-20,35,91,0,1,579,40
R12,Điểm khu dân cư đông Nam Phong,DV04,Khu dân cư đông,2026-09-21,19,82,0,1,495,52
R12,Điểm khu dân cư đông Nam Phong,DV04,Khu dân cư đông,2026-09-22,25,82,0,1,520,48
R12,Điểm khu dân cư đông Nam Phong,DV04,Khu dân cư đông,2026-09-23,27,75,0,1,474,35
R12,Điểm khu dân cư đông Nam Phong,DV04,Khu dân cư đông,2026-09-24,25,83,0,1,515,41
R12,Điểm khu dân cư đông Nam Phong,DV04,Khu dân cư đông,2026-09-25,20,58,0,1,332,45
R12,Điểm khu dân cư đông Nam Phong,DV04,Khu dân cư đông,2026-09-26,29,100,1,1,610,53
R12,Điểm khu dân cư đông Nam Phong,DV04,Khu dân cư đông,2026-09-27,22,80,0,1,512,46
R13,Điểm trường học Bình An,DV05,Trường học,2026-09-14,25,42,0,1,252,24
R13,Điểm trường học Bình An,DV05,Trường học,2026-09-15,15,40,0,1,235,26
R13,Điểm trường học Bình An,DV05,Trường học,2026-09-16,9,45,0,1,302,39
R13,Điểm trường học Bình An,DV05,Trường học,2026-09-17,9,44,0,1,274,22
R13,Điểm trường học Bình An,DV05,Trường học,2026-09-18,13,53,0,1,350,26
R13,Điểm trường học Bình An,DV05,Trường học,2026-09-19,17,55,0,1,369,39
R13,Điểm trường học Bình An,DV05,Trường học,2026-09-20,6,67,0,1,445,27
R13,Điểm trường học Bình An,DV05,Trường học,2026-09-21,20,51,0,1,269,23
R13,Điểm trường học Bình An,DV05,Trường học,2026-09-22,14,41,0,1,278,33
R13,Điểm trường học Bình An,DV05,Trường học,2026-09-23,23,41,0,1,247,31
R13,Điểm trường học Bình An,DV05,Trường học,2026-09-24,10,51,0,1,308,33
R13,Điểm trường học Bình An,DV05,Trường học,2026-09-25,17,44,0,1,285,33
R13,Điểm trường học Bình An,DV05,Trường học,2026-09-26,15,72,0,1,430,33
R13,Điểm trường học Bình An,DV05,Trường học,2026-09-27,22,75,0,1,437,24
R14,Điểm khu dân cư Long Thành,DV06,Khu dân cư,2026-09-14,25,49,0,1,316,28
R14,Điểm khu dân cư Long Thành,DV06,Khu dân cư,2026-09-15,25,60,0,1,363,26
R14,Điểm khu dân cư Long Thành,DV06,Khu dân cư,2026-09-16,17,61,0,1,306,32
R14,Điểm khu dân cư Long Thành,DV06,Khu dân cư,2026-09-17,14,50,0,1,284,32
R14,Điểm khu dân cư Long Thành,DV06,Khu dân cư,2026-09-18,24,65,0,1,376,29
R14,Điểm khu dân cư Long Thành,DV06,Khu dân cư,2026-09-19,14,69,0,1,456,33
R14,Điểm khu dân cư Long Thành,DV06,Khu dân cư,2026-09-20,24,72,0,1,454,30
R14,Điểm khu dân cư Long Thành,DV06,Khu dân cư,2026-09-21,17,69,0,1,462,28
R14,Điểm khu dân cư Long Thành,DV06,Khu dân cư,2026-09-22,24,47,0,1,301,31
R14,Điểm khu dân cư Long Thành,DV06,Khu dân cư,2026-09-23,15,84,0,1,524,29
R14,Điểm khu dân cư Long Thành,DV06,Khu dân cư,2026-09-24,11,42,0,1,247,31
R14,Điểm khu dân cư Long Thành,DV06,Khu dân cư,2026-09-25,19,44,0,1,281,21
R14,Điểm khu dân cư Long Thành,DV06,Khu dân cư,2026-09-26,7,79,0,1,481,27
R14,Điểm khu dân cư Long Thành,DV06,Khu dân cư,2026-09-27,16,73,0,1,482,27
R15,Điểm ven đường liên xã Phú Điền,DV07,Ven đường liên xã,2026-09-14,20,44,0,1,255,24
R15,Điểm ven đường liên xã Phú Điền,DV07,Ven đường liên xã,2026-09-15,5,28,0,1,168,34
R15,Điểm ven đường liên xã Phú Điền,DV07,Ven đường liên xã,2026-09-16,14,41,0,1,218,37
R15,Điểm ven đường liên xã Phú Điền,DV07,Ven đường liên xã,2026-09-17,13,32,0,1,185,29
R15,Điểm ven đường liên xã Phú Điền,DV07,Ven đường liên xã,2026-09-18,6,34,0,1,214,27
R15,Điểm ven đường liên xã Phú Điền,DV07,Ven đường liên xã,2026-09-19,5,36,0,1,220,40
R15,Điểm ven đường liên xã Phú Điền,DV07,Ven đường liên xã,2026-09-20,9,30,0,1,197,36
R15,Điểm ven đường liên xã Phú Điền,DV07,Ven đường liên xã,2026-09-21,16,49,0,1,318,21
R15,Điểm ven đường liên xã Phú Điền,DV07,Ven đường liên xã,2026-09-22,12,18,0,1,88,23
R15,Điểm ven đường liên xã Phú Điền,DV07,Ven đường liên xã,2026-09-23,5,29,0,1,170,39
R15,Điểm ven đường liên xã Phú Điền,DV07,Ven đường liên xã,2026-09-24,12,36,0,1,218,33
R15,Điểm ven đường liên xã Phú Điền,DV07,Ven đường liên xã,2026-09-25,10,25,0,1,143,33
R15,Điểm ven đường liên xã Phú Điền,DV07,Ven đường liên xã,2026-09-26,7,18,0,1,109,37
R15,Điểm ven đường liên xã Phú Điền,DV07,Ven đường liên xã,2026-09-27,6,38,0,1,214,33
R16,Điểm ven đường liên xã Vĩnh Lộc,DV08,Ven đường liên xã,2026-09-14,16,29,0,1,213,29
R16,Điểm ven đường liên xã Vĩnh Lộc,DV08,Ven đường liên xã,2026-09-15,5,40,0,1,273,23
R16,Điểm ven đường liên xã Vĩnh Lộc,DV08,Ven đường liên xã,2026-09-16,22,27,0,1,164,27
R16,Điểm ven đường liên xã Vĩnh Lộc,DV08,Ven đường liên xã,2026-09-17,5,21,0,1,97,33
R16,Điểm ven đường liên xã Vĩnh Lộc,DV08,Ven đường liên xã,2026-09-18,8,10,0,1,43,35
R16,Điểm ven đường liên xã Vĩnh Lộc,DV08,Ven đường liên xã,2026-09-19,5,32,0,1,200,34
R16,Điểm ven đường liên xã Vĩnh Lộc,DV08,Ven đường liên xã,2026-09-20,12,29,0,1,164,29
R16,Điểm ven đường liên xã Vĩnh Lộc,DV08,Ven đường liên xã,2026-09-21,16,22,0,1,116,29
R16,Điểm ven đường liên xã Vĩnh Lộc,DV08,Ven đường liên xã,2026-09-22,5,37,0,1,226,30
R16,Điểm ven đường liên xã Vĩnh Lộc,DV08,Ven đường liên xã,2026-09-23,5,22,0,1,157,28
R16,Điểm ven đường liên xã Vĩnh Lộc,DV08,Ven đường liên xã,2026-09-24,8,26,0,1,170,14
R16,Điểm ven đường liên xã Vĩnh Lộc,DV08,Ven đường liên xã,2026-09-25,6,23,0,1,108,34
R16,Điểm ven đường liên xã Vĩnh Lộc,DV08,Ven đường liên xã,2026-09-26,12,35,0,1,220,21
R16,Điểm ven đường liên xã Vĩnh Lộc,DV08,Ven đường liên xã,2026-09-27,6,37,0,1,217,34
R17,Điểm ven đường liên xã An Cư,DV09,Ven đường liên xã,2026-09-14,6,37,0,1,253,34
R17,Điểm ven đường liên xã An Cư,DV09,Ven đường liên xã,2026-09-15,5,28,0,1,158,32
R17,Điểm ven đường liên xã An Cư,DV09,Ven đường liên xã,2026-09-16,5,30,0,1,206,28
R17,Điểm ven đường liên xã An Cư,DV09,Ven đường liên xã,2026-09-17,17,29,0,1,165,42
R17,Điểm ven đường liên xã An Cư,DV09,Ven đường liên xã,2026-09-18,5,13,0,1,88,25
R17,Điểm ven đường liên xã An Cư,DV09,Ven đường liên xã,2026-09-19,10,32,0,1,229,31
R17,Điểm ven đường liên xã An Cư,DV09,Ven đường liên xã,2026-09-20,5,39,0,1,244,35
R17,Điểm ven đường liên xã An Cư,DV09,Ven đường liên xã,2026-09-21,10,26,0,1,168,32
R17,Điểm ven đường liên xã An Cư,DV09,Ven đường liên xã,2026-09-22,10,24,0,1,161,35
R17,Điểm ven đường liên xã An Cư,DV09,Ven đường liên xã,2026-09-23,16,22,0,1,124,28
R17,Điểm ven đường liên xã An Cư,DV09,Ven đường liên xã,2026-09-24,14,48,0,1,326,34
R17,Điểm ven đường liên xã An Cư,DV09,Ven đường liên xã,2026-09-25,13,37,0,1,240,29
R17,Điểm ven đường liên xã An Cư,DV09,Ven đường liên xã,2026-09-26,20,44,0,1,297,22
R17,Điểm ven đường liên xã An Cư,DV09,Ven đường liên xã,2026-09-27,10,27,0,1,189,25
R18,Điểm trường học Thanh Sơn,DV10,Trường học,2026-09-14,15,58,0,1,396,29
R18,Điểm trường học Thanh Sơn,DV10,Trường học,2026-09-15,9,49,0,1,291,29
R18,Điểm trường học Thanh Sơn,DV10,Trường học,2026-09-16,12,42,0,1,293,35
R18,Điểm trường học Thanh Sơn,DV10,Trường học,2026-09-17,21,41,0,1,274,31
R18,Điểm trường học Thanh Sơn,DV10,Trường học,2026-09-18,9,41,0,1,259,33
R18,Điểm trường học Thanh Sơn,DV10,Trường học,2026-09-19,16,46,0,1,297,26
R18,Điểm trường học Thanh Sơn,DV10,Trường học,2026-09-20,16,53,0,1,329,27
R18,Điểm trường học Thanh Sơn,DV10,Trường học,2026-09-21,18,45,0,1,276,26
R18,Điểm trường học Thanh Sơn,DV10,Trường học,2026-09-22,13,42,0,1,305,30
R18,Điểm trường học Thanh Sơn,DV10,Trường học,2026-09-23,21,51,0,1,299,30
R18,Điểm trường học Thanh Sơn,DV10,Trường học,2026-09-24,23,44,0,1,271,21
R18,Điểm trường học Thanh Sơn,DV10,Trường học,2026-09-25,20,59,0,1,415,24
R18,Điểm trường học Thanh Sơn,DV10,Trường học,2026-09-26,18,57,0,1,396,29
R18,Điểm trường học Thanh Sơn,DV10,Trường học,2026-09-27,19,50,0,1,326,26
R19,Điểm trường học Mỹ Khánh,DV11,Trường học,2026-09-14,7,26,0,1,185,24
R19,Điểm trường học Mỹ Khánh,DV11,Trường học,2026-09-15,17,53,0,1,316,33
R19,Điểm trường học Mỹ Khánh,DV11,Trường học,2026-09-16,15,50,0,1,345,32
R19,Điểm trường học Mỹ Khánh,DV11,Trường học,2026-09-17,13,54,0,1,345,32
R19,Điểm trường học Mỹ Khánh,DV11,Trường học,2026-09-18,19,29,0,1,183,32
R19,Điểm trường học Mỹ Khánh,DV11,Trường học,2026-09-19,6,58,0,1,357,32
R19,Điểm trường học Mỹ Khánh,DV11,Trường học,2026-09-20,25,62,0,1,405,28
R19,Điểm trường học Mỹ Khánh,DV11,Trường học,2026-09-21,13,40,0,1,242,28
R19,Điểm trường học Mỹ Khánh,DV11,Trường học,2026-09-22,11,60,0,1,394,35
R19,Điểm trường học Mỹ Khánh,DV11,Trường học,2026-09-23,12,38,0,1,252,34
R19,Điểm trường học Mỹ Khánh,DV11,Trường học,2026-09-24,15,39,0,1,226,19
R19,Điểm trường học Mỹ Khánh,DV11,Trường học,2026-09-25,15,57,0,1,364,31
R19,Điểm trường học Mỹ Khánh,DV11,Trường học,2026-09-26,9,68,0,1,448,28
R19,Điểm trường học Mỹ Khánh,DV11,Trường học,2026-09-27,19,51,0,1,312,28
R20,Điểm khu dân cư Hương Trà,DV12,Khu dân cư,2026-09-14,16,59,0,1,335,24
R20,Điểm khu dân cư Hương Trà,DV12,Khu dân cư,2026-09-15,23,57,0,1,335,34
R20,Điểm khu dân cư Hương Trà,DV12,Khu dân cư,2026-09-16,19,44,0,1,288,43
R20,Điểm khu dân cư Hương Trà,DV12,Khu dân cư,2026-09-17,28,44,0,1,256,33
R20,Điểm khu dân cư Hương Trà,DV12,Khu dân cư,2026-09-18,16,54,0,1,354,41
R20,Điểm khu dân cư Hương Trà,DV12,Khu dân cư,2026-09-19,14,76,0,1,496,38
R20,Điểm khu dân cư Hương Trà,DV12,Khu dân cư,2026-09-20,11,61,0,1,402,32
R20,Điểm khu dân cư Hương Trà,DV12,Khu dân cư,2026-09-21,9,44,0,1,222,31
R20,Điểm khu dân cư Hương Trà,DV12,Khu dân cư,2026-09-22,8,50,0,1,307,32
R20,Điểm khu dân cư Hương Trà,DV12,Khu dân cư,2026-09-23,11,48,0,1,288,40
R20,Điểm khu dân cư Hương Trà,DV12,Khu dân cư,2026-09-24,22,53,0,1,302,32
R20,Điểm khu dân cư Hương Trà,DV12,Khu dân cư,2026-09-25,23,40,0,1,250,17
R20,Điểm khu dân cư Hương Trà,DV12,Khu dân cư,2026-09-26,13,70,0,1,462,26
R20,Điểm khu dân cư Hương Trà,DV12,Khu dân cư,2026-09-27,23,62,0,1,388,32
