ma_cong,ten_cong,ma_don_vi,ngay,gio,ph,tss_mgl,cod_mgl,luu_luong_m3h,nguong_tss_tham_chieu,nguong_cod_tham_chieu,trang_thai
C1,Cống Hoà Thuận – kênh Đông,DV01,2026-09-14,00:00,6.87,56.8,81.0,131.7,100,150,OK
C1,Cống Hoà Thuận – kênh Đông,DV01,2026-09-14,06:00,7.5,69.7,91.2,111.7,100,150,OK
C1,Cống Hoà Thuận – kênh Đông,DV01,2026-09-14,12:00,7.13,74.1,105.2,129.5,100,150,OK
C1,Cống Hoà Thuận – kênh Đông,DV01,2026-09-14,18:00,7.51,55.3,96.4,124.3,100,150,OK
C1,Cống Hoà Thuận – kênh Đông,DV01,2026-09-15,00:00,6.74,59.3,141.3,106.1,100,150,OK
C1,Cống Hoà Thuận – kênh Đông,DV01,2026-09-15,06:00,7.28,47.0,69.3,112.4,100,150,OK
C1,Cống Hoà Thuận – kênh Đông,DV01,2026-09-15,12:00,7.36,62.3,100.1,112.5,100,150,OK
C1,Cống Hoà Thuận – kênh Đông,DV01,2026-09-15,18:00,6.94,55.7,102.4,149.1,100,150,OK
C1,Cống Hoà Thuận – kênh Đông,DV01,2026-09-16,00:00,6.94,63.7,110.7,119.6,100,150,OK
C1,Cống Hoà Thuận – kênh Đông,DV01,2026-09-16,06:00,7.19,59.4,98.6,112.6,100,150,OK
C1,Cống Hoà Thuận – kênh Đông,DV01,2026-09-16,12:00,7.79,64.5,102.0,128.8,100,150,OK
C1,Cống Hoà Thuận – kênh Đông,DV01,2026-09-16,18:00,7.21,67.1,65.5,129.1,100,150,OK
C1,Cống Hoà Thuận – kênh Đông,DV01,2026-09-17,00:00,7.34,65.8,101.9,119.1,100,150,OK
C1,Cống Hoà Thuận – kênh Đông,DV01,2026-09-17,06:00,7.36,60.7,91.7,125.4,100,150,OK
C1,Cống Hoà Thuận – kênh Đông,DV01,2026-09-17,12:00,7.22,69.4,87.0,110.6,100,150,OK
C1,Cống Hoà Thuận – kênh Đông,DV01,2026-09-17,18:00,7.08,77.0,94.0,127.1,100,150,OK
C1,Cống Hoà Thuận – kênh Đông,DV01,2026-09-18,00:00,7.51,54.9,114.2,141.1,100,150,OK
C1,Cống Hoà Thuận – kênh Đông,DV01,2026-09-18,06:00,7.55,69.2,71.9,118.9,100,150,OK
C1,Cống Hoà Thuận – kênh Đông,DV01,2026-09-18,12:00,7.05,65.9,99.5,125.9,100,150,OK
C1,Cống Hoà Thuận – kênh Đông,DV01,2026-09-18,18:00,7.06,62.7,89.2,160.5,100,150,OK
C1,Cống Hoà Thuận – kênh Đông,DV01,2026-09-19,00:00,7.08,48.0,118.2,124.2,100,150,OK
C1,Cống Hoà Thuận – kênh Đông,DV01,2026-09-19,06:00,7.1,48.1,115.1,123.2,100,150,OK
C1,Cống Hoà Thuận – kênh Đông,DV01,2026-09-19,12:00,7.3,68.3,110.2,116.3,100,150,OK
C1,Cống Hoà Thuận – kênh Đông,DV01,2026-09-19,18:00,7.63,44.8,136.6,111.3,100,150,OK
C1,Cống Hoà Thuận – kênh Đông,DV01,2026-09-20,00:00,6.61,51.3,96.4,115.8,100,150,OK
C1,Cống Hoà Thuận – kênh Đông,DV01,2026-09-20,06:00,6.97,57.5,111.7,138.1,100,150,OK
C1,Cống Hoà Thuận – kênh Đông,DV01,2026-09-20,12:00,7.02,49.5,79.9,133.8,100,150,OK
C1,Cống Hoà Thuận – kênh Đông,DV01,2026-09-20,18:00,7.05,55.6,98.9,140.6,100,150,OK
C1,Cống Hoà Thuận – kênh Đông,DV01,2026-09-21,00:00,7.18,68.1,51.1,109.3,100,150,OK
C1,Cống Hoà Thuận – kênh Đông,DV01,2026-09-21,06:00,6.9,54.8,90.9,102.9,100,150,OK
C1,Cống Hoà Thuận – kênh Đông,DV01,2026-09-21,12:00,7.33,57.3,114.1,106.8,100,150,OK
C1,Cống Hoà Thuận – kênh Đông,DV01,2026-09-21,18:00,7.62,71.9,86.2,110.9,100,150,OK
C1,Cống Hoà Thuận – kênh Đông,DV01,2026-09-22,00:00,6.93,56.5,79.5,135.9,100,150,OK
C1,Cống Hoà Thuận – kênh Đông,DV01,2026-09-22,06:00,7.46,65.3,96.9,122.8,100,150,OK
C1,Cống Hoà Thuận – kênh Đông,DV01,2026-09-22,12:00,6.97,76.5,100.9,99.2,100,150,OK
C1,Cống Hoà Thuận – kênh Đông,DV01,2026-09-22,18:00,6.92,47.0,93.1,127.7,100,150,OK
C1,Cống Hoà Thuận – kênh Đông,DV01,2026-09-23,00:00,7.03,60.2,74.1,105.1,100,150,OK
C1,Cống Hoà Thuận – kênh Đông,DV01,2026-09-23,06:00,6.88,68.6,82.7,144.4,100,150,OK
C1,Cống Hoà Thuận – kênh Đông,DV01,2026-09-23,12:00,7.5,37.7,99.2,149.7,100,150,OK
C1,Cống Hoà Thuận – kênh Đông,DV01,2026-09-23,18:00,7.08,49.9,108.0,138.6,100,150,OK
C1,Cống Hoà Thuận – kênh Đông,DV01,2026-09-24,00:00,7.15,48.8,100.1,106.1,100,150,OK
C1,Cống Hoà Thuận – kênh Đông,DV01,2026-09-24,06:00,7.15,52.7,108.8,121.8,100,150,OK
C1,Cống Hoà Thuận – kênh Đông,DV01,2026-09-24,12:00,7.28,66.2,109.7,122.4,100,150,OK
C1,Cống Hoà Thuận – kênh Đông,DV01,2026-09-24,18:00,7.16,65.5,127.0,132.3,100,150,OK
C1,Cống Hoà Thuận – kênh Đông,DV01,2026-09-25,00:00,7.66,67.5,84.2,97.7,100,150,OK
C1,Cống Hoà Thuận – kênh Đông,DV01,2026-09-25,06:00,7.1,93.2,127.6,135.1,100,150,OK
C1,Cống Hoà Thuận – kênh Đông,DV01,2026-09-25,12:00,6.95,68.6,103.6,126.6,100,150,OK
C1,Cống Hoà Thuận – kênh Đông,DV01,2026-09-25,18:00,7.32,46.3,124.8,107.1,100,150,OK
C1,Cống Hoà Thuận – kênh Đông,DV01,2026-09-26,00:00,7.16,74.9,65.5,114.9,100,150,OK
C1,Cống Hoà Thuận – kênh Đông,DV01,2026-09-26,06:00,7.7,64.3,112.3,99.7,100,150,OK
C1,Cống Hoà Thuận – kênh Đông,DV01,2026-09-26,12:00,7.12,65.8,122.3,127.7,100,150,OK
C1,Cống Hoà Thuận – kênh Đông,DV01,2026-09-26,18:00,6.87,63.3,100.7,130.7,100,150,OK
C1,Cống Hoà Thuận – kênh Đông,DV01,2026-09-27,00:00,7.02,60.1,108.6,136.7,100,150,OK
C1,Cống Hoà Thuận – kênh Đông,DV01,2026-09-27,06:00,7.08,63.4,94.5,140.7,100,150,OK
C1,Cống Hoà Thuận – kênh Đông,DV01,2026-09-27,12:00,7.14,58.8,74.0,116.3,100,150,OK
C1,Cống Hoà Thuận – kênh Đông,DV01,2026-09-27,18:00,7.39,71.3,92.5,111.9,100,150,OK
C2,Cống chợ Tân Hoà,DV02,2026-09-14,00:00,7.22,62.1,125.7,152.8,100,150,OK
C2,Cống chợ Tân Hoà,DV02,2026-09-14,06:00,7.44,80.6,109.9,152.6,100,150,OK
C2,Cống chợ Tân Hoà,DV02,2026-09-14,12:00,7.34,88.1,111.3,115.8,100,150,OK
C2,Cống chợ Tân Hoà,DV02,2026-09-14,18:00,7.14,57.0,94.0,139.6,100,150,OK
C2,Cống chợ Tân Hoà,DV02,2026-09-15,00:00,7.31,64.2,99.8,152.2,100,150,OK
C2,Cống chợ Tân Hoà,DV02,2026-09-15,06:00,7.24,83.7,120.8,133.8,100,150,OK
C2,Cống chợ Tân Hoà,DV02,2026-09-15,12:00,7.62,83.7,112.4,148.4,100,150,OK
C2,Cống chợ Tân Hoà,DV02,2026-09-15,18:00,7.65,76.7,129.4,150.6,100,150,OK
C2,Cống chợ Tân Hoà,DV02,2026-09-16,00:00,7.53,66.7,126.8,145.9,100,150,OK
C2,Cống chợ Tân Hoà,DV02,2026-09-16,06:00,7.29,62.8,108.5,163.8,100,150,OK
C2,Cống chợ Tân Hoà,DV02,2026-09-16,12:00,7.33,84.7,104.5,131.4,100,150,OK
C2,Cống chợ Tân Hoà,DV02,2026-09-16,18:00,7.67,77.8,139.1,137.0,100,150,OK
C2,Cống chợ Tân Hoà,DV02,2026-09-17,00:00,6.78,101.6,122.8,132.6,100,150,OK
C2,Cống chợ Tân Hoà,DV02,2026-09-17,06:00,7.67,73.4,118.3,154.1,100,150,OK
C2,Cống chợ Tân Hoà,DV02,2026-09-17,12:00,7.62,56.9,138.5,126.0,100,150,OK
C2,Cống chợ Tân Hoà,DV02,2026-09-17,18:00,7.21,92.0,121.5,166.9,100,150,OK
C2,Cống chợ Tân Hoà,DV02,2026-09-18,00:00,6.96,80.8,130.7,165.4,100,150,OK
C2,Cống chợ Tân Hoà,DV02,2026-09-18,06:00,7.31,77.6,125.7,154.8,100,150,OK
C2,Cống chợ Tân Hoà,DV02,2026-09-18,12:00,7.11,82.8,114.3,135.9,100,150,OK
C2,Cống chợ Tân Hoà,DV02,2026-09-18,18:00,7.22,83.0,117.5,143.8,100,150,OK
C2,Cống chợ Tân Hoà,DV02,2026-09-19,00:00,7.59,76.2,121.6,152.2,100,150,OK
C2,Cống chợ Tân Hoà,DV02,2026-09-19,06:00,7.46,73.4,91.4,141.4,100,150,OK
C2,Cống chợ Tân Hoà,DV02,2026-09-19,12:00,7.18,69.3,112.9,167.8,100,150,OK
C2,Cống chợ Tân Hoà,DV02,2026-09-19,18:00,7.7,73.6,136.3,145.1,100,150,OK
C2,Cống chợ Tân Hoà,DV02,2026-09-20,00:00,7.09,83.4,116.7,154.5,100,150,OK
C2,Cống chợ Tân Hoà,DV02,2026-09-20,06:00,7.34,73.7,100.8,145.1,100,150,OK
C2,Cống chợ Tân Hoà,DV02,2026-09-20,12:00,6.99,86.4,119.3,175.9,100,150,OK
C2,Cống chợ Tân Hoà,DV02,2026-09-20,18:00,7.29,89.1,111.1,152.5,100,150,OK
C2,Cống chợ Tân Hoà,DV02,2026-09-21,00:00,7.42,72.7,130.3,165.6,100,150,OK
C2,Cống chợ Tân Hoà,DV02,2026-09-21,06:00,7.55,69.7,99.5,139.4,100,150,OK
C2,Cống chợ Tân Hoà,DV02,2026-09-21,12:00,7.09,74.6,117.9,155.6,100,150,OK
C2,Cống chợ Tân Hoà,DV02,2026-09-21,18:00,7.35,72.0,111.3,128.4,100,150,OK
C2,Cống chợ Tân Hoà,DV02,2026-09-22,00:00,7.22,74.5,120.6,166.4,100,150,OK
C2,Cống chợ Tân Hoà,DV02,2026-09-22,06:00,7.15,68.2,84.3,176.8,100,150,OK
C2,Cống chợ Tân Hoà,DV02,2026-09-22,12:00,7.49,75.0,125.8,163.6,100,150,OK
C2,Cống chợ Tân Hoà,DV02,2026-09-22,18:00,7.05,78.6,128.4,146.9,100,150,OK
C2,Cống chợ Tân Hoà,DV02,2026-09-23,00:00,7.35,78.3,122.1,129.7,100,150,OK
C2,Cống chợ Tân Hoà,DV02,2026-09-23,06:00,7.51,81.2,126.7,156.1,100,150,OK
C2,Cống chợ Tân Hoà,DV02,2026-09-23,12:00,7.27,86.0,126.6,174.1,100,150,OK
C2,Cống chợ Tân Hoà,DV02,2026-09-23,18:00,7.2,75.8,95.8,161.4,100,150,OK
C2,Cống chợ Tân Hoà,DV02,2026-09-24,00:00,6.87,96.6,114.2,133.9,100,150,OK
C2,Cống chợ Tân Hoà,DV02,2026-09-24,06:00,7.31,68.8,106.5,168.3,100,150,OK
C2,Cống chợ Tân Hoà,DV02,2026-09-24,12:00,7.18,91.9,113.1,162.8,100,150,OK
C2,Cống chợ Tân Hoà,DV02,2026-09-24,18:00,7.02,58.2,123.8,140.6,100,150,OK
C2,Cống chợ Tân Hoà,DV02,2026-09-25,00:00,7.1,95.2,106.4,139.2,100,150,OK
C2,Cống chợ Tân Hoà,DV02,2026-09-25,06:00,7.75,95.6,126.6,157.8,100,150,OK
C2,Cống chợ Tân Hoà,DV02,2026-09-25,12:00,7.09,68.7,124.8,135.0,100,150,OK
C2,Cống chợ Tân Hoà,DV02,2026-09-25,18:00,7.76,82.0,99.8,115.7,100,150,OK
C2,Cống chợ Tân Hoà,DV02,2026-09-26,00:00,7.21,84.9,135.3,161.5,100,150,OK
C2,Cống chợ Tân Hoà,DV02,2026-09-26,06:00,6.95,92.9,115.1,126.6,100,150,OK
C2,Cống chợ Tân Hoà,DV02,2026-09-26,12:00,7.36,77.8,133.1,175.3,100,150,OK
C2,Cống chợ Tân Hoà,DV02,2026-09-26,18:00,7.48,63.1,113.2,166.0,100,150,OK
C2,Cống chợ Tân Hoà,DV02,2026-09-27,00:00,6.95,80.2,119.6,128.0,100,150,OK
C2,Cống chợ Tân Hoà,DV02,2026-09-27,06:00,7.06,78.7,117.7,135.8,100,150,OK
C2,Cống chợ Tân Hoà,DV02,2026-09-27,12:00,7.66,76.8,120.0,170.2,100,150,OK
C2,Cống chợ Tân Hoà,DV02,2026-09-27,18:00,7.45,75.5,127.8,155.2,100,150,OK
C3,Cống cụm sản xuất Long Thành,DV06,2026-09-14,00:00,7.09,72.1,107.5,114.6,100,150,OK
C3,Cống cụm sản xuất Long Thành,DV06,2026-09-14,06:00,7.22,72.6,95.4,142.6,100,150,OK
C3,Cống cụm sản xuất Long Thành,DV06,2026-09-14,12:00,7.35,72.7,114.3,119.7,100,150,OK
C3,Cống cụm sản xuất Long Thành,DV06,2026-09-14,18:00,7.1,58.4,98.2,149.7,100,150,OK
C3,Cống cụm sản xuất Long Thành,DV06,2026-09-15,00:00,7.34,57.2,89.4,141.5,100,150,OK
C3,Cống cụm sản xuất Long Thành,DV06,2026-09-15,06:00,7.06,58.4,81.4,133.1,100,150,OK
C3,Cống cụm sản xuất Long Thành,DV06,2026-09-15,12:00,6.9,66.9,100.8,140.3,100,150,OK
C3,Cống cụm sản xuất Long Thành,DV06,2026-09-15,18:00,7.01,89.9,96.2,144.6,100,150,OK
C3,Cống cụm sản xuất Long Thành,DV06,2026-09-16,00:00,5.43,231.0,391.4,120.0,100,150,OK
C3,Cống cụm sản xuất Long Thành,DV06,2026-09-16,06:00,6.85,66.2,119.1,134.6,100,150,OK
C3,Cống cụm sản xuất Long Thành,DV06,2026-09-16,12:00,7.34,84.1,119.9,132.5,100,150,OK
C3,Cống cụm sản xuất Long Thành,DV06,2026-09-16,18:00,7.07,48.7,116.0,146.5,100,150,OK
C3,Cống cụm sản xuất Long Thành,DV06,2026-09-17,00:00,5.8,190.9,395.1,136.2,100,150,OK
C3,Cống cụm sản xuất Long Thành,DV06,2026-09-17,06:00,7.37,76.6,98.8,159.0,100,150,OK
C3,Cống cụm sản xuất Long Thành,DV06,2026-09-17,12:00,6.62,61.0,116.2,134.2,100,150,OK
C3,Cống cụm sản xuất Long Thành,DV06,2026-09-17,18:00,6.95,77.6,101.5,121.8,100,150,OK
C3,Cống cụm sản xuất Long Thành,DV06,2026-09-18,00:00,7.08,66.5,89.8,123.7,100,150,OK
C3,Cống cụm sản xuất Long Thành,DV06,2026-09-18,06:00,7.53,86.2,88.1,111.8,100,150,OK
C3,Cống cụm sản xuất Long Thành,DV06,2026-09-18,12:00,6.87,70.0,106.6,135.2,100,150,OK
C3,Cống cụm sản xuất Long Thành,DV06,2026-09-18,18:00,7.67,73.1,96.7,131.8,100,150,OK
C3,Cống cụm sản xuất Long Thành,DV06,2026-09-19,00:00,5.44,197.1,380.0,146.6,100,150,OK
C3,Cống cụm sản xuất Long Thành,DV06,2026-09-19,06:00,7.17,59.2,105.6,127.9,100,150,OK
C3,Cống cụm sản xuất Long Thành,DV06,2026-09-19,12:00,7.18,55.6,119.3,119.7,100,150,OK
C3,Cống cụm sản xuất Long Thành,DV06,2026-09-19,18:00,7.35,73.4,111.2,153.4,100,150,OK
C3,Cống cụm sản xuất Long Thành,DV06,2026-09-20,00:00,5.45,158.6,373.0,149.2,100,150,OK
C3,Cống cụm sản xuất Long Thành,DV06,2026-09-20,06:00,7.28,72.2,126.6,120.0,100,150,OK
C3,Cống cụm sản xuất Long Thành,DV06,2026-09-20,12:00,6.88,77.6,91.6,130.3,100,150,OK
C3,Cống cụm sản xuất Long Thành,DV06,2026-09-20,18:00,7.03,79.0,127.7,140.0,100,150,OK
C3,Cống cụm sản xuất Long Thành,DV06,2026-09-21,00:00,7.06,82.2,108.1,152.9,100,150,OK
C3,Cống cụm sản xuất Long Thành,DV06,2026-09-21,06:00,7.22,76.1,90.9,128.8,100,150,OK
C3,Cống cụm sản xuất Long Thành,DV06,2026-09-21,12:00,7.34,56.8,119.8,147.8,100,150,OK
C3,Cống cụm sản xuất Long Thành,DV06,2026-09-21,18:00,6.56,55.6,98.3,137.9,100,150,OK
C3,Cống cụm sản xuất Long Thành,DV06,2026-09-22,00:00,6.01,211.7,400.0,119.0,100,150,OK
C3,Cống cụm sản xuất Long Thành,DV06,2026-09-22,06:00,7.27,60.4,92.0,141.9,100,150,OK
C3,Cống cụm sản xuất Long Thành,DV06,2026-09-22,12:00,7.34,77.3,118.3,136.8,100,150,OK
C3,Cống cụm sản xuất Long Thành,DV06,2026-09-22,18:00,7.18,73.2,105.4,131.9,100,150,OK
C3,Cống cụm sản xuất Long Thành,DV06,2026-09-23,00:00,5.55,233.7,327.5,150.3,100,150,OK
C3,Cống cụm sản xuất Long Thành,DV06,2026-09-23,06:00,7.33,70.6,89.7,148.1,100,150,OK
C3,Cống cụm sản xuất Long Thành,DV06,2026-09-23,12:00,7.19,65.3,106.0,128.0,100,150,OK
C3,Cống cụm sản xuất Long Thành,DV06,2026-09-23,18:00,7.46,70.2,94.6,108.9,100,150,OK
C3,Cống cụm sản xuất Long Thành,DV06,2026-09-24,00:00,7.08,76.0,89.5,131.5,100,150,OK
C3,Cống cụm sản xuất Long Thành,DV06,2026-09-24,06:00,6.94,69.7,89.3,111.0,100,150,OK
C3,Cống cụm sản xuất Long Thành,DV06,2026-09-24,12:00,7.2,65.8,104.9,139.0,100,150,OK
C3,Cống cụm sản xuất Long Thành,DV06,2026-09-24,18:00,7.19,63.5,88.6,115.3,100,150,OK
C3,Cống cụm sản xuất Long Thành,DV06,2026-09-25,00:00,5.7,206.1,420.7,140.0,100,150,OK
C3,Cống cụm sản xuất Long Thành,DV06,2026-09-25,06:00,7.37,67.6,113.8,113.0,100,150,OK
C3,Cống cụm sản xuất Long Thành,DV06,2026-09-25,12:00,7.03,70.9,94.2,135.9,100,150,OK
C3,Cống cụm sản xuất Long Thành,DV06,2026-09-25,18:00,6.95,66.2,118.1,131.1,100,150,OK
C3,Cống cụm sản xuất Long Thành,DV06,2026-09-26,00:00,4.97,186.5,361.2,156.4,100,150,OK
C3,Cống cụm sản xuất Long Thành,DV06,2026-09-26,06:00,7.38,74.1,106.2,111.2,100,150,OK
C3,Cống cụm sản xuất Long Thành,DV06,2026-09-26,12:00,7.44,65.5,105.9,145.7,100,150,OK
C3,Cống cụm sản xuất Long Thành,DV06,2026-09-26,18:00,7.25,63.2,126.5,123.0,100,150,OK
C3,Cống cụm sản xuất Long Thành,DV06,2026-09-27,00:00,4.73,188.0,400.2,104.7,100,150,OK
C3,Cống cụm sản xuất Long Thành,DV06,2026-09-27,06:00,7.55,95.8,84.5,138.7,100,150,OK
C3,Cống cụm sản xuất Long Thành,DV06,2026-09-27,12:00,7.02,51.5,133.1,137.4,100,150,OK
C3,Cống cụm sản xuất Long Thành,DV06,2026-09-27,18:00,7.03,68.7,112.0,157.3,100,150,OK
C4,Cống Nam Phong,DV04,2026-09-14,00:00,7.23,54.1,65.9,89.9,100,150,OK
C4,Cống Nam Phong,DV04,2026-09-14,06:00,7.39,51.3,103.1,120.4,100,150,OK
C4,Cống Nam Phong,DV04,2026-09-14,12:00,6.84,45.7,85.3,124.5,100,150,OK
C4,Cống Nam Phong,DV04,2026-09-14,18:00,7.01,45.9,99.7,109.0,100,150,OK
C4,Cống Nam Phong,DV04,2026-09-15,00:00,7.3,56.3,92.0,136.7,100,150,OK
C4,Cống Nam Phong,DV04,2026-09-15,06:00,7.5,54.9,101.4,104.2,100,150,OK
C4,Cống Nam Phong,DV04,2026-09-15,12:00,7.22,60.3,90.9,101.3,100,150,OK
C4,Cống Nam Phong,DV04,2026-09-15,18:00,7.17,53.4,87.4,85.3,100,150,OK
C4,Cống Nam Phong,DV04,2026-09-16,00:00,7.49,64.8,55.2,100.3,100,150,OK
C4,Cống Nam Phong,DV04,2026-09-16,06:00,6.89,63.2,73.8,80.9,100,150,OK
C4,Cống Nam Phong,DV04,2026-09-16,12:00,7.47,37.1,61.0,105.1,100,150,OK
C4,Cống Nam Phong,DV04,2026-09-16,18:00,7.51,54.3,73.5,122.6,100,150,OK
C4,Cống Nam Phong,DV04,2026-09-17,00:00,7.69,56.6,87.0,138.2,100,150,OK
C4,Cống Nam Phong,DV04,2026-09-17,06:00,6.98,67.1,80.6,108.6,100,150,OK
C4,Cống Nam Phong,DV04,2026-09-17,12:00,7.29,42.8,71.7,83.9,100,150,OK
C4,Cống Nam Phong,DV04,2026-09-17,18:00,7.24,49.8,86.4,102.0,100,150,OK
C4,Cống Nam Phong,DV04,2026-09-18,00:00,7.36,35.1,105.1,123.4,100,150,OK
C4,Cống Nam Phong,DV04,2026-09-18,06:00,6.62,65.6,69.0,109.7,100,150,OK
C4,Cống Nam Phong,DV04,2026-09-18,12:00,7.46,46.5,77.5,105.0,100,150,OK
C4,Cống Nam Phong,DV04,2026-09-18,18:00,7.07,57.1,65.0,121.4,100,150,OK
C4,Cống Nam Phong,DV04,2026-09-19,00:00,7.13,62.0,99.4,107.2,100,150,OK
C4,Cống Nam Phong,DV04,2026-09-19,06:00,7.58,63.2,94.7,83.3,100,150,OK
C4,Cống Nam Phong,DV04,2026-09-19,12:00,7.07,65.7,91.1,118.9,100,150,OK
C4,Cống Nam Phong,DV04,2026-09-19,18:00,6.95,53.3,69.6,111.4,100,150,OK
C4,Cống Nam Phong,DV04,2026-09-20,00:00,7.17,58.0,105.5,85.4,100,150,OK
C4,Cống Nam Phong,DV04,2026-09-20,06:00,6.91,60.6,105.7,114.8,100,150,OK
C4,Cống Nam Phong,DV04,2026-09-20,12:00,7.26,52.5,93.6,97.4,100,150,OK
C4,Cống Nam Phong,DV04,2026-09-20,18:00,7.33,47.4,63.3,91.7,100,150,OK
C4,Cống Nam Phong,DV04,2026-09-21,00:00,7.37,65.8,85.8,124.4,100,150,OK
C4,Cống Nam Phong,DV04,2026-09-21,06:00,7.72,54.8,90.5,91.1,100,150,OK
C4,Cống Nam Phong,DV04,2026-09-21,12:00,7.28,56.0,110.2,103.5,100,150,OK
C4,Cống Nam Phong,DV04,2026-09-21,18:00,7.07,65.7,76.9,94.1,100,150,OK
C4,Cống Nam Phong,DV04,2026-09-22,00:00,6.98,47.9,86.1,128.7,100,150,OK
C4,Cống Nam Phong,DV04,2026-09-22,06:00,7.14,45.8,98.2,113.6,100,150,OK
C4,Cống Nam Phong,DV04,2026-09-22,12:00,7.12,71.5,91.2,112.7,100,150,OK
C4,Cống Nam Phong,DV04,2026-09-22,18:00,7.4,72.2,87.4,108.3,100,150,OK
C4,Cống Nam Phong,DV04,2026-09-23,00:00,7.45,65.4,109.9,116.2,100,150,OK
C4,Cống Nam Phong,DV04,2026-09-23,06:00,7.12,59.9,94.0,105.3,100,150,OK
C4,Cống Nam Phong,DV04,2026-09-23,12:00,7.26,46.5,71.7,102.2,100,150,OK
C4,Cống Nam Phong,DV04,2026-09-23,18:00,7.35,52.5,88.0,114.0,100,150,OK
C4,Cống Nam Phong,DV04,2026-09-24,00:00,,,,,100,150,Mất kết nối
C4,Cống Nam Phong,DV04,2026-09-24,06:00,,,,,100,150,Mất kết nối
C4,Cống Nam Phong,DV04,2026-09-24,12:00,,,,,100,150,Mất kết nối
C4,Cống Nam Phong,DV04,2026-09-24,18:00,,,,,100,150,Mất kết nối
C4,Cống Nam Phong,DV04,2026-09-25,00:00,,,,,100,150,Mất kết nối
C4,Cống Nam Phong,DV04,2026-09-25,06:00,,,,,100,150,Mất kết nối
C4,Cống Nam Phong,DV04,2026-09-25,12:00,,,,,100,150,Mất kết nối
C4,Cống Nam Phong,DV04,2026-09-25,18:00,,,,,100,150,Mất kết nối
C4,Cống Nam Phong,DV04,2026-09-26,00:00,,,,,100,150,Mất kết nối
C4,Cống Nam Phong,DV04,2026-09-26,06:00,,,,,100,150,Mất kết nối
C4,Cống Nam Phong,DV04,2026-09-26,12:00,,,,,100,150,Mất kết nối
C4,Cống Nam Phong,DV04,2026-09-26,18:00,,,,,100,150,Mất kết nối
C4,Cống Nam Phong,DV04,2026-09-27,00:00,,,,,100,150,Mất kết nối
C4,Cống Nam Phong,DV04,2026-09-27,06:00,,,,,100,150,Mất kết nối
C4,Cống Nam Phong,DV04,2026-09-27,12:00,,,,,100,150,Mất kết nối
C4,Cống Nam Phong,DV04,2026-09-27,18:00,,,,,100,150,Mất kết nối
C5,Cống khu dân cư Mỹ Khánh,DV11,2026-09-14,00:00,7.04,56.6,97.1,66.6,100,150,OK
C5,Cống khu dân cư Mỹ Khánh,DV11,2026-09-14,06:00,6.84,40.1,77.7,80.3,100,150,OK
C5,Cống khu dân cư Mỹ Khánh,DV11,2026-09-14,12:00,7.32,64.9,70.2,95.8,100,150,OK
C5,Cống khu dân cư Mỹ Khánh,DV11,2026-09-14,18:00,7.43,52.7,65.6,88.3,100,150,OK
C5,Cống khu dân cư Mỹ Khánh,DV11,2026-09-15,00:00,7.29,62.7,59.4,101.2,100,150,OK
C5,Cống khu dân cư Mỹ Khánh,DV11,2026-09-15,06:00,7.3,64.0,90.6,78.1,100,150,OK
C5,Cống khu dân cư Mỹ Khánh,DV11,2026-09-15,12:00,7.41,37.1,74.0,100.2,100,150,OK
C5,Cống khu dân cư Mỹ Khánh,DV11,2026-09-15,18:00,7.48,36.5,88.1,101.6,100,150,OK
C5,Cống khu dân cư Mỹ Khánh,DV11,2026-09-16,00:00,7.07,45.0,86.2,111.3,100,150,OK
C5,Cống khu dân cư Mỹ Khánh,DV11,2026-09-16,06:00,7.44,47.5,80.2,87.3,100,150,OK
C5,Cống khu dân cư Mỹ Khánh,DV11,2026-09-16,12:00,7.47,44.8,68.2,98.5,100,150,OK
C5,Cống khu dân cư Mỹ Khánh,DV11,2026-09-16,18:00,7.32,46.4,63.3,87.1,100,150,OK
C5,Cống khu dân cư Mỹ Khánh,DV11,2026-09-17,00:00,7.02,58.4,103.1,91.0,100,150,OK
C5,Cống khu dân cư Mỹ Khánh,DV11,2026-09-17,06:00,6.89,56.6,73.7,84.8,100,150,OK
C5,Cống khu dân cư Mỹ Khánh,DV11,2026-09-17,12:00,7.27,60.0,89.4,79.7,100,150,OK
C5,Cống khu dân cư Mỹ Khánh,DV11,2026-09-17,18:00,7.07,60.1,85.4,100.0,100,150,OK
C5,Cống khu dân cư Mỹ Khánh,DV11,2026-09-18,00:00,7.06,54.0,71.4,88.6,100,150,OK
C5,Cống khu dân cư Mỹ Khánh,DV11,2026-09-18,06:00,7.64,49.6,92.2,89.9,100,150,OK
C5,Cống khu dân cư Mỹ Khánh,DV11,2026-09-18,12:00,6.93,46.0,48.4,105.2,100,150,OK
C5,Cống khu dân cư Mỹ Khánh,DV11,2026-09-18,18:00,7.12,58.8,78.3,107.8,100,150,OK
C5,Cống khu dân cư Mỹ Khánh,DV11,2026-09-19,00:00,7.18,28.2,74.3,85.3,100,150,OK
C5,Cống khu dân cư Mỹ Khánh,DV11,2026-09-19,06:00,6.9,41.9,83.8,106.1,100,150,OK
C5,Cống khu dân cư Mỹ Khánh,DV11,2026-09-19,12:00,6.65,44.5,64.0,105.1,100,150,OK
C5,Cống khu dân cư Mỹ Khánh,DV11,2026-09-19,18:00,6.96,27.5,70.4,90.5,100,150,OK
C5,Cống khu dân cư Mỹ Khánh,DV11,2026-09-20,00:00,6.69,48.7,47.7,93.4,100,150,OK
C5,Cống khu dân cư Mỹ Khánh,DV11,2026-09-20,06:00,7.74,59.7,79.9,89.0,100,150,OK
C5,Cống khu dân cư Mỹ Khánh,DV11,2026-09-20,12:00,7.0,50.7,69.7,88.0,100,150,OK
C5,Cống khu dân cư Mỹ Khánh,DV11,2026-09-20,18:00,7.09,57.4,51.1,123.4,100,150,OK
C5,Cống khu dân cư Mỹ Khánh,DV11,2026-09-21,00:00,7.2,63.8,61.5,95.6,100,150,OK
C5,Cống khu dân cư Mỹ Khánh,DV11,2026-09-21,06:00,7.28,54.8,61.9,90.3,100,150,OK
C5,Cống khu dân cư Mỹ Khánh,DV11,2026-09-21,12:00,7.34,45.0,58.1,90.6,100,150,OK
C5,Cống khu dân cư Mỹ Khánh,DV11,2026-09-21,18:00,7.2,41.9,104.6,110.7,100,150,OK
C5,Cống khu dân cư Mỹ Khánh,DV11,2026-09-22,00:00,7.03,54.3,76.2,111.2,100,150,OK
C5,Cống khu dân cư Mỹ Khánh,DV11,2026-09-22,06:00,7.26,51.8,75.5,93.9,100,150,OK
C5,Cống khu dân cư Mỹ Khánh,DV11,2026-09-22,12:00,7.05,47.9,70.5,101.6,100,150,OK
C5,Cống khu dân cư Mỹ Khánh,DV11,2026-09-22,18:00,7.32,52.4,100.9,109.5,100,150,OK
C5,Cống khu dân cư Mỹ Khánh,DV11,2026-09-23,00:00,7.34,50.8,85.5,95.0,100,150,OK
C5,Cống khu dân cư Mỹ Khánh,DV11,2026-09-23,06:00,6.8,47.1,56.7,97.1,100,150,OK
C5,Cống khu dân cư Mỹ Khánh,DV11,2026-09-23,12:00,6.79,49.8,87.1,107.9,100,150,OK
C5,Cống khu dân cư Mỹ Khánh,DV11,2026-09-23,18:00,7.07,29.9,78.7,98.5,100,150,OK
C5,Cống khu dân cư Mỹ Khánh,DV11,2026-09-24,00:00,7.61,42.3,82.7,95.0,100,150,OK
C5,Cống khu dân cư Mỹ Khánh,DV11,2026-09-24,06:00,7.29,38.5,85.0,110.7,100,150,OK
C5,Cống khu dân cư Mỹ Khánh,DV11,2026-09-24,12:00,7.17,43.1,81.8,87.3,100,150,OK
C5,Cống khu dân cư Mỹ Khánh,DV11,2026-09-24,18:00,7.61,49.4,79.8,92.1,100,150,OK
C5,Cống khu dân cư Mỹ Khánh,DV11,2026-09-25,00:00,7.73,36.9,81.5,108.9,100,150,OK
C5,Cống khu dân cư Mỹ Khánh,DV11,2026-09-25,06:00,6.98,43.6,66.4,97.6,100,150,OK
C5,Cống khu dân cư Mỹ Khánh,DV11,2026-09-25,12:00,7.02,51.0,70.4,117.0,100,150,OK
C5,Cống khu dân cư Mỹ Khánh,DV11,2026-09-25,18:00,6.83,54.8,86.0,70.4,100,150,OK
C5,Cống khu dân cư Mỹ Khánh,DV11,2026-09-26,00:00,6.68,51.2,77.1,114.0,100,150,OK
C5,Cống khu dân cư Mỹ Khánh,DV11,2026-09-26,06:00,6.88,62.7,76.3,120.3,100,150,OK
C5,Cống khu dân cư Mỹ Khánh,DV11,2026-09-26,12:00,7.41,53.1,77.3,103.5,100,150,OK
C5,Cống khu dân cư Mỹ Khánh,DV11,2026-09-26,18:00,7.13,53.4,93.8,77.5,100,150,OK
C5,Cống khu dân cư Mỹ Khánh,DV11,2026-09-27,00:00,7.19,43.9,54.8,90.8,100,150,OK
C5,Cống khu dân cư Mỹ Khánh,DV11,2026-09-27,06:00,7.1,59.4,70.2,104.0,100,150,OK
C5,Cống khu dân cư Mỹ Khánh,DV11,2026-09-27,12:00,7.2,51.7,66.5,109.5,100,150,OK
C5,Cống khu dân cư Mỹ Khánh,DV11,2026-09-27,18:00,7.0,50.6,75.0,80.7,100,150,OK
