ma_tram,ten_tram,ma_don_vi,ngay,thu,luot_kham,luot_chuyen_tuyen,thoi_gian_cho_phut,bac_si_co_mat,so_mat_hang_thuoc_theo_doi,so_mat_hang_duoi_muc_toi_thieu
YT01,Trạm Y tế Hoà Thuận,DV01,2026-09-01,Thứ ba,26,0,24,1,40,0
YT01,Trạm Y tế Hoà Thuận,DV01,2026-09-02,Thứ tư,22,2,18,1,40,0
YT01,Trạm Y tế Hoà Thuận,DV01,2026-09-03,Thứ năm,25,3,17,1,40,0
YT01,Trạm Y tế Hoà Thuận,DV01,2026-09-04,Thứ sáu,22,0,16,1,40,0
YT01,Trạm Y tế Hoà Thuận,DV01,2026-09-05,Thứ bảy,12,0,17,1,40,0
YT01,Trạm Y tế Hoà Thuận,DV01,2026-09-07,Thứ hai,22,0,9,1,40,1
YT01,Trạm Y tế Hoà Thuận,DV01,2026-09-08,Thứ ba,19,1,10,1,40,0
YT01,Trạm Y tế Hoà Thuận,DV01,2026-09-09,Thứ tư,18,0,13,1,40,0
YT01,Trạm Y tế Hoà Thuận,DV01,2026-09-10,Thứ năm,21,0,15,1,40,0
YT01,Trạm Y tế Hoà Thuận,DV01,2026-09-11,Thứ sáu,20,0,14,1,40,0
YT01,Trạm Y tế Hoà Thuận,DV01,2026-09-12,Thứ bảy,10,0,13,1,40,0
YT01,Trạm Y tế Hoà Thuận,DV01,2026-09-14,Thứ hai,21,0,18,1,40,0
YT01,Trạm Y tế Hoà Thuận,DV01,2026-09-15,Thứ ba,17,0,16,1,40,0
YT01,Trạm Y tế Hoà Thuận,DV01,2026-09-16,Thứ tư,20,2,19,1,40,0
YT01,Trạm Y tế Hoà Thuận,DV01,2026-09-17,Thứ năm,20,2,7,1,40,0
YT01,Trạm Y tế Hoà Thuận,DV01,2026-09-18,Thứ sáu,21,1,16,1,40,0
YT01,Trạm Y tế Hoà Thuận,DV01,2026-09-19,Thứ bảy,12,0,13,1,40,0
YT01,Trạm Y tế Hoà Thuận,DV01,2026-09-21,Thứ hai,20,1,13,1,40,0
YT01,Trạm Y tế Hoà Thuận,DV01,2026-09-22,Thứ ba,21,1,16,1,40,1
YT01,Trạm Y tế Hoà Thuận,DV01,2026-09-23,Thứ tư,17,1,20,1,40,0
YT01,Trạm Y tế Hoà Thuận,DV01,2026-09-24,Thứ năm,17,1,18,1,40,0
YT01,Trạm Y tế Hoà Thuận,DV01,2026-09-25,Thứ sáu,17,0,19,1,40,0
YT01,Trạm Y tế Hoà Thuận,DV01,2026-09-26,Thứ bảy,16,0,14,1,40,0
YT01,Trạm Y tế Hoà Thuận,DV01,2026-09-28,Thứ hai,18,0,13,1,40,0
YT01,Trạm Y tế Hoà Thuận,DV01,2026-09-29,Thứ ba,20,2,19,1,40,0
YT01,Trạm Y tế Hoà Thuận,DV01,2026-09-30,Thứ tư,26,0,6,1,40,0
YT02,Trạm Y tế Tân Hoà,DV02,2026-09-01,Thứ ba,24,2,22,1,40,0
YT02,Trạm Y tế Tân Hoà,DV02,2026-09-02,Thứ tư,23,2,11,1,40,1
YT02,Trạm Y tế Tân Hoà,DV02,2026-09-03,Thứ năm,23,0,23,1,40,0
YT02,Trạm Y tế Tân Hoà,DV02,2026-09-04,Thứ sáu,23,1,19,1,40,0
YT02,Trạm Y tế Tân Hoà,DV02,2026-09-05,Thứ bảy,15,1,16,1,40,0
YT02,Trạm Y tế Tân Hoà,DV02,2026-09-07,Thứ hai,22,1,17,1,40,0
YT02,Trạm Y tế Tân Hoà,DV02,2026-09-08,Thứ ba,29,1,16,1,40,1
YT02,Trạm Y tế Tân Hoà,DV02,2026-09-09,Thứ tư,27,2,14,1,40,0
YT02,Trạm Y tế Tân Hoà,DV02,2026-09-10,Thứ năm,20,0,20,1,40,1
YT02,Trạm Y tế Tân Hoà,DV02,2026-09-11,Thứ sáu,17,0,20,1,40,0
YT02,Trạm Y tế Tân Hoà,DV02,2026-09-12,Thứ bảy,12,1,19,1,40,1
YT02,Trạm Y tế Tân Hoà,DV02,2026-09-14,Thứ hai,19,1,17,1,40,0
YT02,Trạm Y tế Tân Hoà,DV02,2026-09-15,Thứ ba,31,3,15,1,40,0
YT02,Trạm Y tế Tân Hoà,DV02,2026-09-16,Thứ tư,34,0,25,1,40,0
YT02,Trạm Y tế Tân Hoà,DV02,2026-09-17,Thứ năm,22,1,28,1,40,0
YT02,Trạm Y tế Tân Hoà,DV02,2026-09-18,Thứ sáu,27,2,18,1,40,0
YT02,Trạm Y tế Tân Hoà,DV02,2026-09-19,Thứ bảy,16,1,10,1,40,0
YT02,Trạm Y tế Tân Hoà,DV02,2026-09-21,Thứ hai,25,0,17,1,40,0
YT02,Trạm Y tế Tân Hoà,DV02,2026-09-22,Thứ ba,22,2,11,1,40,0
YT02,Trạm Y tế Tân Hoà,DV02,2026-09-23,Thứ tư,23,1,20,1,40,0
YT02,Trạm Y tế Tân Hoà,DV02,2026-09-24,Thứ năm,21,1,19,1,40,0
YT02,Trạm Y tế Tân Hoà,DV02,2026-09-25,Thứ sáu,26,3,16,1,40,0
YT02,Trạm Y tế Tân Hoà,DV02,2026-09-26,Thứ bảy,11,0,23,1,40,0
YT02,Trạm Y tế Tân Hoà,DV02,2026-09-28,Thứ hai,23,1,20,1,40,0
YT02,Trạm Y tế Tân Hoà,DV02,2026-09-29,Thứ ba,27,3,22,1,40,0
YT02,Trạm Y tế Tân Hoà,DV02,2026-09-30,Thứ tư,22,1,19,1,40,0
YT03,Trạm Y tế Đông Giang,DV03,2026-09-01,Thứ ba,16,0,17,1,40,0
YT03,Trạm Y tế Đông Giang,DV03,2026-09-02,Thứ tư,25,3,17,1,40,0
YT03,Trạm Y tế Đông Giang,DV03,2026-09-03,Thứ năm,14,0,22,1,40,0
YT03,Trạm Y tế Đông Giang,DV03,2026-09-04,Thứ sáu,16,1,21,1,40,0
YT03,Trạm Y tế Đông Giang,DV03,2026-09-05,Thứ bảy,10,0,13,1,40,0
YT03,Trạm Y tế Đông Giang,DV03,2026-09-07,Thứ hai,20,0,24,1,40,0
YT03,Trạm Y tế Đông Giang,DV03,2026-09-08,Thứ ba,17,0,23,1,40,0
YT03,Trạm Y tế Đông Giang,DV03,2026-09-09,Thứ tư,14,1,22,1,40,0
YT03,Trạm Y tế Đông Giang,DV03,2026-09-10,Thứ năm,17,1,12,1,40,0
YT03,Trạm Y tế Đông Giang,DV03,2026-09-11,Thứ sáu,16,0,20,1,40,0
YT03,Trạm Y tế Đông Giang,DV03,2026-09-12,Thứ bảy,13,0,19,1,40,0
YT03,Trạm Y tế Đông Giang,DV03,2026-09-14,Thứ hai,15,0,12,1,40,0
YT03,Trạm Y tế Đông Giang,DV03,2026-09-15,Thứ ba,20,0,9,1,40,0
YT03,Trạm Y tế Đông Giang,DV03,2026-09-16,Thứ tư,19,0,15,1,40,0
YT03,Trạm Y tế Đông Giang,DV03,2026-09-17,Thứ năm,14,1,16,1,40,1
YT03,Trạm Y tế Đông Giang,DV03,2026-09-18,Thứ sáu,17,0,10,1,40,0
YT03,Trạm Y tế Đông Giang,DV03,2026-09-19,Thứ bảy,13,2,17,1,40,1
YT03,Trạm Y tế Đông Giang,DV03,2026-09-21,Thứ hai,20,0,16,1,40,0
YT03,Trạm Y tế Đông Giang,DV03,2026-09-22,Thứ ba,13,0,12,1,40,0
YT03,Trạm Y tế Đông Giang,DV03,2026-09-23,Thứ tư,23,0,17,1,40,0
YT03,Trạm Y tế Đông Giang,DV03,2026-09-24,Thứ năm,21,0,19,1,40,0
YT03,Trạm Y tế Đông Giang,DV03,2026-09-25,Thứ sáu,17,0,15,1,40,1
YT03,Trạm Y tế Đông Giang,DV03,2026-09-26,Thứ bảy,10,0,15,1,40,1
YT03,Trạm Y tế Đông Giang,DV03,2026-09-28,Thứ hai,17,3,15,1,40,0
YT03,Trạm Y tế Đông Giang,DV03,2026-09-29,Thứ ba,24,1,18,1,40,0
YT03,Trạm Y tế Đông Giang,DV03,2026-09-30,Thứ tư,18,0,16,1,40,0
YT04,Trạm Y tế Nam Phong,DV04,2026-09-01,Thứ ba,20,2,19,1,40,0
YT04,Trạm Y tế Nam Phong,DV04,2026-09-02,Thứ tư,16,1,14,1,40,0
YT04,Trạm Y tế Nam Phong,DV04,2026-09-03,Thứ năm,21,1,17,1,40,0
YT04,Trạm Y tế Nam Phong,DV04,2026-09-04,Thứ sáu,16,2,16,1,40,0
YT04,Trạm Y tế Nam Phong,DV04,2026-09-05,Thứ bảy,12,0,16,1,40,0
YT04,Trạm Y tế Nam Phong,DV04,2026-09-07,Thứ hai,22,0,14,1,40,0
YT04,Trạm Y tế Nam Phong,DV04,2026-09-08,Thứ ba,17,1,16,1,40,0
YT04,Trạm Y tế Nam Phong,DV04,2026-09-09,Thứ tư,24,1,13,1,40,0
YT04,Trạm Y tế Nam Phong,DV04,2026-09-10,Thứ năm,21,0,17,1,40,1
YT04,Trạm Y tế Nam Phong,DV04,2026-09-11,Thứ sáu,22,0,17,1,40,0
YT04,Trạm Y tế Nam Phong,DV04,2026-09-12,Thứ bảy,14,1,12,1,40,0
YT04,Trạm Y tế Nam Phong,DV04,2026-09-14,Thứ hai,23,0,21,1,40,1
YT04,Trạm Y tế Nam Phong,DV04,2026-09-15,Thứ ba,20,2,18,1,40,0
YT04,Trạm Y tế Nam Phong,DV04,2026-09-16,Thứ tư,14,2,16,1,40,0
YT04,Trạm Y tế Nam Phong,DV04,2026-09-17,Thứ năm,12,2,14,1,40,0
YT04,Trạm Y tế Nam Phong,DV04,2026-09-18,Thứ sáu,26,3,22,1,40,0
YT04,Trạm Y tế Nam Phong,DV04,2026-09-19,Thứ bảy,14,2,15,1,40,0
YT04,Trạm Y tế Nam Phong,DV04,2026-09-21,Thứ hai,26,1,18,1,40,0
YT04,Trạm Y tế Nam Phong,DV04,2026-09-22,Thứ ba,22,0,13,1,40,0
YT04,Trạm Y tế Nam Phong,DV04,2026-09-23,Thứ tư,23,3,19,1,40,0
YT04,Trạm Y tế Nam Phong,DV04,2026-09-24,Thứ năm,26,0,16,1,40,0
YT04,Trạm Y tế Nam Phong,DV04,2026-09-25,Thứ sáu,22,2,16,1,40,0
YT04,Trạm Y tế Nam Phong,DV04,2026-09-26,Thứ bảy,14,1,20,1,40,0
YT04,Trạm Y tế Nam Phong,DV04,2026-09-28,Thứ hai,25,0,22,1,40,0
YT04,Trạm Y tế Nam Phong,DV04,2026-09-29,Thứ ba,19,1,14,1,40,0
YT04,Trạm Y tế Nam Phong,DV04,2026-09-30,Thứ tư,21,2,18,1,40,0
YT05,Trạm Y tế Bình An,DV05,2026-09-01,Thứ ba,18,1,22,1,40,0
YT05,Trạm Y tế Bình An,DV05,2026-09-02,Thứ tư,19,5,10,0,40,0
YT05,Trạm Y tế Bình An,DV05,2026-09-03,Thứ năm,20,3,13,0,40,0
YT05,Trạm Y tế Bình An,DV05,2026-09-04,Thứ sáu,18,1,13,1,40,0
YT05,Trạm Y tế Bình An,DV05,2026-09-05,Thứ bảy,11,1,23,1,40,0
YT05,Trạm Y tế Bình An,DV05,2026-09-07,Thứ hai,17,2,16,1,40,0
YT05,Trạm Y tế Bình An,DV05,2026-09-08,Thứ ba,14,2,18,0,40,0
YT05,Trạm Y tế Bình An,DV05,2026-09-09,Thứ tư,22,1,20,1,40,0
YT05,Trạm Y tế Bình An,DV05,2026-09-10,Thứ năm,23,0,14,1,40,3
YT05,Trạm Y tế Bình An,DV05,2026-09-11,Thứ sáu,18,2,10,1,40,3
YT05,Trạm Y tế Bình An,DV05,2026-09-12,Thứ bảy,13,1,8,0,40,3
YT05,Trạm Y tế Bình An,DV05,2026-09-14,Thứ hai,24,2,20,1,40,4
YT05,Trạm Y tế Bình An,DV05,2026-09-15,Thứ ba,17,2,19,1,40,4
YT05,Trạm Y tế Bình An,DV05,2026-09-16,Thứ tư,18,1,15,1,40,5
YT05,Trạm Y tế Bình An,DV05,2026-09-17,Thứ năm,19,1,13,1,40,5
YT05,Trạm Y tế Bình An,DV05,2026-09-18,Thứ sáu,22,2,20,1,40,5
YT05,Trạm Y tế Bình An,DV05,2026-09-19,Thứ bảy,15,3,17,0,40,6
YT05,Trạm Y tế Bình An,DV05,2026-09-21,Thứ hai,21,4,16,0,40,6
YT05,Trạm Y tế Bình An,DV05,2026-09-22,Thứ ba,18,1,21,1,40,7
YT05,Trạm Y tế Bình An,DV05,2026-09-23,Thứ tư,14,0,18,1,40,7
YT05,Trạm Y tế Bình An,DV05,2026-09-24,Thứ năm,21,0,7,1,40,7
YT05,Trạm Y tế Bình An,DV05,2026-09-25,Thứ sáu,17,1,21,1,40,8
YT05,Trạm Y tế Bình An,DV05,2026-09-26,Thứ bảy,11,0,17,1,40,8
YT05,Trạm Y tế Bình An,DV05,2026-09-28,Thứ hai,18,1,18,1,40,9
YT05,Trạm Y tế Bình An,DV05,2026-09-29,Thứ ba,17,1,14,1,40,9
YT05,Trạm Y tế Bình An,DV05,2026-09-30,Thứ tư,23,1,12,1,40,9
YT06,Trạm Y tế Long Thành,DV06,2026-09-01,Thứ ba,21,0,17,1,40,0
YT06,Trạm Y tế Long Thành,DV06,2026-09-02,Thứ tư,24,5,19,0,40,0
YT06,Trạm Y tế Long Thành,DV06,2026-09-03,Thứ năm,21,0,18,1,40,0
YT06,Trạm Y tế Long Thành,DV06,2026-09-04,Thứ sáu,17,1,19,1,40,0
YT06,Trạm Y tế Long Thành,DV06,2026-09-05,Thứ bảy,15,1,17,1,40,0
YT06,Trạm Y tế Long Thành,DV06,2026-09-07,Thứ hai,22,5,14,0,40,0
YT06,Trạm Y tế Long Thành,DV06,2026-09-08,Thứ ba,21,5,23,0,40,0
YT06,Trạm Y tế Long Thành,DV06,2026-09-09,Thứ tư,19,1,11,1,40,0
YT06,Trạm Y tế Long Thành,DV06,2026-09-10,Thứ năm,22,2,19,1,40,0
YT06,Trạm Y tế Long Thành,DV06,2026-09-11,Thứ sáu,22,1,13,1,40,0
YT06,Trạm Y tế Long Thành,DV06,2026-09-12,Thứ bảy,12,1,22,1,40,0
YT06,Trạm Y tế Long Thành,DV06,2026-09-14,Thứ hai,20,5,18,0,40,0
YT06,Trạm Y tế Long Thành,DV06,2026-09-15,Thứ ba,20,1,11,1,40,1
YT06,Trạm Y tế Long Thành,DV06,2026-09-16,Thứ tư,17,3,11,0,40,0
YT06,Trạm Y tế Long Thành,DV06,2026-09-17,Thứ năm,26,2,17,1,40,0
YT06,Trạm Y tế Long Thành,DV06,2026-09-18,Thứ sáu,18,0,12,1,40,0
YT06,Trạm Y tế Long Thành,DV06,2026-09-19,Thứ bảy,13,0,13,1,40,0
YT06,Trạm Y tế Long Thành,DV06,2026-09-21,Thứ hai,19,3,13,1,40,0
YT06,Trạm Y tế Long Thành,DV06,2026-09-22,Thứ ba,29,0,22,1,40,0
YT06,Trạm Y tế Long Thành,DV06,2026-09-23,Thứ tư,29,7,17,0,40,0
YT06,Trạm Y tế Long Thành,DV06,2026-09-24,Thứ năm,24,2,18,1,40,0
YT06,Trạm Y tế Long Thành,DV06,2026-09-25,Thứ sáu,23,1,16,1,40,0
YT06,Trạm Y tế Long Thành,DV06,2026-09-26,Thứ bảy,14,0,19,1,40,0
YT06,Trạm Y tế Long Thành,DV06,2026-09-28,Thứ hai,21,0,19,1,40,0
YT06,Trạm Y tế Long Thành,DV06,2026-09-29,Thứ ba,20,1,22,1,40,0
YT06,Trạm Y tế Long Thành,DV06,2026-09-30,Thứ tư,22,1,18,1,40,0
YT07,Trạm Y tế Phú Điền,DV07,2026-09-01,Thứ ba,12,0,17,1,40,0
YT07,Trạm Y tế Phú Điền,DV07,2026-09-02,Thứ tư,15,1,20,1,40,0
YT07,Trạm Y tế Phú Điền,DV07,2026-09-03,Thứ năm,17,0,7,1,40,0
YT07,Trạm Y tế Phú Điền,DV07,2026-09-04,Thứ sáu,15,1,19,1,40,1
YT07,Trạm Y tế Phú Điền,DV07,2026-09-05,Thứ bảy,11,2,18,1,40,0
YT07,Trạm Y tế Phú Điền,DV07,2026-09-07,Thứ hai,12,0,12,1,40,0
YT07,Trạm Y tế Phú Điền,DV07,2026-09-08,Thứ ba,12,0,20,1,40,0
YT07,Trạm Y tế Phú Điền,DV07,2026-09-09,Thứ tư,14,0,16,1,40,0
YT07,Trạm Y tế Phú Điền,DV07,2026-09-10,Thứ năm,14,3,18,0,40,0
YT07,Trạm Y tế Phú Điền,DV07,2026-09-11,Thứ sáu,15,0,15,1,40,0
YT07,Trạm Y tế Phú Điền,DV07,2026-09-12,Thứ bảy,11,1,17,1,40,0
YT07,Trạm Y tế Phú Điền,DV07,2026-09-14,Thứ hai,10,0,15,1,40,0
YT07,Trạm Y tế Phú Điền,DV07,2026-09-15,Thứ ba,18,1,20,1,40,0
YT07,Trạm Y tế Phú Điền,DV07,2026-09-16,Thứ tư,13,3,15,0,40,0
YT07,Trạm Y tế Phú Điền,DV07,2026-09-17,Thứ năm,16,4,11,0,40,0
YT07,Trạm Y tế Phú Điền,DV07,2026-09-18,Thứ sáu,14,0,19,1,40,0
YT07,Trạm Y tế Phú Điền,DV07,2026-09-19,Thứ bảy,7,0,18,1,40,0
YT07,Trạm Y tế Phú Điền,DV07,2026-09-21,Thứ hai,14,0,13,1,40,0
YT07,Trạm Y tế Phú Điền,DV07,2026-09-22,Thứ ba,15,2,11,0,40,0
YT07,Trạm Y tế Phú Điền,DV07,2026-09-23,Thứ tư,17,3,12,0,40,0
YT07,Trạm Y tế Phú Điền,DV07,2026-09-24,Thứ năm,17,2,11,0,40,0
YT07,Trạm Y tế Phú Điền,DV07,2026-09-25,Thứ sáu,10,2,14,0,40,0
YT07,Trạm Y tế Phú Điền,DV07,2026-09-26,Thứ bảy,7,0,18,1,40,0
YT07,Trạm Y tế Phú Điền,DV07,2026-09-28,Thứ hai,12,1,22,0,40,0
YT07,Trạm Y tế Phú Điền,DV07,2026-09-29,Thứ ba,11,2,21,1,40,0
YT07,Trạm Y tế Phú Điền,DV07,2026-09-30,Thứ tư,11,2,11,0,40,0
YT08,Trạm Y tế Vĩnh Lộc,DV08,2026-09-01,Thứ ba,18,2,15,1,40,0
YT08,Trạm Y tế Vĩnh Lộc,DV08,2026-09-02,Thứ tư,18,0,21,1,40,0
YT08,Trạm Y tế Vĩnh Lộc,DV08,2026-09-03,Thứ năm,16,1,18,1,40,0
YT08,Trạm Y tế Vĩnh Lộc,DV08,2026-09-04,Thứ sáu,16,0,11,1,40,0
YT08,Trạm Y tế Vĩnh Lộc,DV08,2026-09-05,Thứ bảy,8,0,12,0,40,0
YT08,Trạm Y tế Vĩnh Lộc,DV08,2026-09-07,Thứ hai,22,5,16,0,40,1
YT08,Trạm Y tế Vĩnh Lộc,DV08,2026-09-08,Thứ ba,16,1,13,1,40,0
YT08,Trạm Y tế Vĩnh Lộc,DV08,2026-09-09,Thứ tư,15,1,22,1,40,0
YT08,Trạm Y tế Vĩnh Lộc,DV08,2026-09-10,Thứ năm,18,2,22,0,40,0
YT08,Trạm Y tế Vĩnh Lộc,DV08,2026-09-11,Thứ sáu,17,3,16,0,40,0
YT08,Trạm Y tế Vĩnh Lộc,DV08,2026-09-12,Thứ bảy,15,2,16,0,40,0
YT08,Trạm Y tế Vĩnh Lộc,DV08,2026-09-14,Thứ hai,17,1,15,1,40,0
YT08,Trạm Y tế Vĩnh Lộc,DV08,2026-09-15,Thứ ba,16,3,14,1,40,0
YT08,Trạm Y tế Vĩnh Lộc,DV08,2026-09-16,Thứ tư,19,2,17,1,40,0
YT08,Trạm Y tế Vĩnh Lộc,DV08,2026-09-17,Thứ năm,21,4,23,0,40,0
YT08,Trạm Y tế Vĩnh Lộc,DV08,2026-09-18,Thứ sáu,9,1,16,1,40,0
YT08,Trạm Y tế Vĩnh Lộc,DV08,2026-09-19,Thứ bảy,9,1,17,0,40,0
YT08,Trạm Y tế Vĩnh Lộc,DV08,2026-09-21,Thứ hai,21,3,12,0,40,0
YT08,Trạm Y tế Vĩnh Lộc,DV08,2026-09-22,Thứ ba,17,0,15,1,40,0
YT08,Trạm Y tế Vĩnh Lộc,DV08,2026-09-23,Thứ tư,17,0,10,1,40,0
YT08,Trạm Y tế Vĩnh Lộc,DV08,2026-09-24,Thứ năm,21,0,12,1,40,0
YT08,Trạm Y tế Vĩnh Lộc,DV08,2026-09-25,Thứ sáu,23,0,20,1,40,0
YT08,Trạm Y tế Vĩnh Lộc,DV08,2026-09-26,Thứ bảy,9,2,16,1,40,0
YT08,Trạm Y tế Vĩnh Lộc,DV08,2026-09-28,Thứ hai,14,1,19,1,40,0
YT08,Trạm Y tế Vĩnh Lộc,DV08,2026-09-29,Thứ ba,13,0,9,1,40,0
YT08,Trạm Y tế Vĩnh Lộc,DV08,2026-09-30,Thứ tư,17,3,18,1,40,0
YT09,Trạm Y tế An Cư,DV09,2026-09-01,Thứ ba,12,1,12,1,40,0
YT09,Trạm Y tế An Cư,DV09,2026-09-02,Thứ tư,10,2,12,1,40,1
YT09,Trạm Y tế An Cư,DV09,2026-09-03,Thứ năm,12,1,18,1,40,0
YT09,Trạm Y tế An Cư,DV09,2026-09-04,Thứ sáu,13,0,13,0,40,0
YT09,Trạm Y tế An Cư,DV09,2026-09-05,Thứ bảy,7,0,8,1,40,0
YT09,Trạm Y tế An Cư,DV09,2026-09-07,Thứ hai,10,2,9,0,40,0
YT09,Trạm Y tế An Cư,DV09,2026-09-08,Thứ ba,14,4,11,0,40,0
YT09,Trạm Y tế An Cư,DV09,2026-09-09,Thứ tư,10,1,12,0,40,0
YT09,Trạm Y tế An Cư,DV09,2026-09-10,Thứ năm,13,0,18,1,40,0
YT09,Trạm Y tế An Cư,DV09,2026-09-11,Thứ sáu,11,1,12,0,40,0
YT09,Trạm Y tế An Cư,DV09,2026-09-12,Thứ bảy,9,0,21,1,40,0
YT09,Trạm Y tế An Cư,DV09,2026-09-14,Thứ hai,14,0,13,1,40,0
YT09,Trạm Y tế An Cư,DV09,2026-09-15,Thứ ba,11,2,26,1,40,0
YT09,Trạm Y tế An Cư,DV09,2026-09-16,Thứ tư,11,0,18,1,40,0
YT09,Trạm Y tế An Cư,DV09,2026-09-17,Thứ năm,14,2,16,1,40,0
YT09,Trạm Y tế An Cư,DV09,2026-09-18,Thứ sáu,11,1,11,0,40,0
YT09,Trạm Y tế An Cư,DV09,2026-09-19,Thứ bảy,3,1,10,1,40,0
YT09,Trạm Y tế An Cư,DV09,2026-09-21,Thứ hai,10,0,10,1,40,0
YT09,Trạm Y tế An Cư,DV09,2026-09-22,Thứ ba,11,0,10,1,40,0
YT09,Trạm Y tế An Cư,DV09,2026-09-23,Thứ tư,13,2,14,0,40,0
YT09,Trạm Y tế An Cư,DV09,2026-09-24,Thứ năm,11,1,13,0,40,0
YT09,Trạm Y tế An Cư,DV09,2026-09-25,Thứ sáu,12,2,17,0,40,0
YT09,Trạm Y tế An Cư,DV09,2026-09-26,Thứ bảy,4,0,22,1,40,0
YT09,Trạm Y tế An Cư,DV09,2026-09-28,Thứ hai,11,1,15,1,40,0
YT09,Trạm Y tế An Cư,DV09,2026-09-29,Thứ ba,13,5,9,0,40,0
YT09,Trạm Y tế An Cư,DV09,2026-09-30,Thứ tư,16,3,15,0,40,0
YT10,Trạm Y tế Thanh Sơn,DV10,2026-09-01,Thứ ba,13,0,11,1,40,0
YT10,Trạm Y tế Thanh Sơn,DV10,2026-09-02,Thứ tư,13,0,15,1,40,0
YT10,Trạm Y tế Thanh Sơn,DV10,2026-09-03,Thứ năm,13,0,11,1,40,0
YT10,Trạm Y tế Thanh Sơn,DV10,2026-09-04,Thứ sáu,12,2,19,0,40,0
YT10,Trạm Y tế Thanh Sơn,DV10,2026-09-05,Thứ bảy,8,2,15,0,40,0
YT10,Trạm Y tế Thanh Sơn,DV10,2026-09-07,Thứ hai,9,0,18,1,40,0
YT10,Trạm Y tế Thanh Sơn,DV10,2026-09-08,Thứ ba,13,0,18,1,40,0
YT10,Trạm Y tế Thanh Sơn,DV10,2026-09-09,Thứ tư,13,2,5,0,40,0
YT10,Trạm Y tế Thanh Sơn,DV10,2026-09-10,Thứ năm,12,3,13,0,40,0
YT10,Trạm Y tế Thanh Sơn,DV10,2026-09-11,Thứ sáu,12,3,16,0,40,0
YT10,Trạm Y tế Thanh Sơn,DV10,2026-09-12,Thứ bảy,4,0,10,1,40,1
YT10,Trạm Y tế Thanh Sơn,DV10,2026-09-14,Thứ hai,10,3,18,0,40,0
YT10,Trạm Y tế Thanh Sơn,DV10,2026-09-15,Thứ ba,13,3,13,0,40,0
YT10,Trạm Y tế Thanh Sơn,DV10,2026-09-16,Thứ tư,8,0,18,0,40,0
YT10,Trạm Y tế Thanh Sơn,DV10,2026-09-17,Thứ năm,13,2,24,0,40,0
YT10,Trạm Y tế Thanh Sơn,DV10,2026-09-18,Thứ sáu,11,1,12,1,40,0
YT10,Trạm Y tế Thanh Sơn,DV10,2026-09-19,Thứ bảy,6,1,17,0,40,0
YT10,Trạm Y tế Thanh Sơn,DV10,2026-09-21,Thứ hai,14,0,10,1,40,0
YT10,Trạm Y tế Thanh Sơn,DV10,2026-09-22,Thứ ba,12,1,18,0,40,0
YT10,Trạm Y tế Thanh Sơn,DV10,2026-09-23,Thứ tư,10,1,14,0,40,0
YT10,Trạm Y tế Thanh Sơn,DV10,2026-09-24,Thứ năm,14,3,17,0,40,0
YT10,Trạm Y tế Thanh Sơn,DV10,2026-09-25,Thứ sáu,10,3,16,0,40,0
YT10,Trạm Y tế Thanh Sơn,DV10,2026-09-26,Thứ bảy,9,3,9,0,40,0
YT10,Trạm Y tế Thanh Sơn,DV10,2026-09-28,Thứ hai,9,0,12,0,40,0
YT10,Trạm Y tế Thanh Sơn,DV10,2026-09-29,Thứ ba,9,3,19,0,40,0
YT10,Trạm Y tế Thanh Sơn,DV10,2026-09-30,Thứ tư,11,0,16,1,40,0
YT11,Trạm Y tế Mỹ Khánh,DV11,2026-09-01,Thứ ba,18,1,22,1,40,0
YT11,Trạm Y tế Mỹ Khánh,DV11,2026-09-02,Thứ tư,19,1,22,1,40,0
YT11,Trạm Y tế Mỹ Khánh,DV11,2026-09-03,Thứ năm,21,2,23,1,40,0
YT11,Trạm Y tế Mỹ Khánh,DV11,2026-09-04,Thứ sáu,21,2,15,1,40,0
YT11,Trạm Y tế Mỹ Khánh,DV11,2026-09-05,Thứ bảy,15,0,15,1,40,0
YT11,Trạm Y tế Mỹ Khánh,DV11,2026-09-07,Thứ hai,25,1,18,1,40,0
YT11,Trạm Y tế Mỹ Khánh,DV11,2026-09-08,Thứ ba,18,1,13,1,40,0
YT11,Trạm Y tế Mỹ Khánh,DV11,2026-09-09,Thứ tư,17,2,19,1,40,0
YT11,Trạm Y tế Mỹ Khánh,DV11,2026-09-10,Thứ năm,23,3,18,0,40,0
YT11,Trạm Y tế Mỹ Khánh,DV11,2026-09-11,Thứ sáu,19,0,14,1,40,0
YT11,Trạm Y tế Mỹ Khánh,DV11,2026-09-12,Thứ bảy,13,0,17,1,40,0
YT11,Trạm Y tế Mỹ Khánh,DV11,2026-09-14,Thứ hai,16,0,20,1,40,0
YT11,Trạm Y tế Mỹ Khánh,DV11,2026-09-15,Thứ ba,19,2,15,1,40,0
YT11,Trạm Y tế Mỹ Khánh,DV11,2026-09-16,Thứ tư,21,1,17,1,40,0
YT11,Trạm Y tế Mỹ Khánh,DV11,2026-09-17,Thứ năm,24,1,15,1,40,0
YT11,Trạm Y tế Mỹ Khánh,DV11,2026-09-18,Thứ sáu,19,0,15,1,40,0
YT11,Trạm Y tế Mỹ Khánh,DV11,2026-09-19,Thứ bảy,13,2,15,0,40,0
YT11,Trạm Y tế Mỹ Khánh,DV11,2026-09-21,Thứ hai,21,6,23,0,40,0
YT11,Trạm Y tế Mỹ Khánh,DV11,2026-09-22,Thứ ba,23,3,13,0,40,0
YT11,Trạm Y tế Mỹ Khánh,DV11,2026-09-23,Thứ tư,19,1,21,1,40,0
YT11,Trạm Y tế Mỹ Khánh,DV11,2026-09-24,Thứ năm,24,1,15,1,40,0
YT11,Trạm Y tế Mỹ Khánh,DV11,2026-09-25,Thứ sáu,18,0,12,1,40,0
YT11,Trạm Y tế Mỹ Khánh,DV11,2026-09-26,Thứ bảy,6,2,7,1,40,0
YT11,Trạm Y tế Mỹ Khánh,DV11,2026-09-28,Thứ hai,16,0,23,1,40,0
YT11,Trạm Y tế Mỹ Khánh,DV11,2026-09-29,Thứ ba,15,2,21,1,40,1
YT11,Trạm Y tế Mỹ Khánh,DV11,2026-09-30,Thứ tư,11,1,16,1,40,0
YT12,Trạm Y tế Hương Trà,DV12,2026-09-01,Thứ ba,14,0,8,1,40,0
YT12,Trạm Y tế Hương Trà,DV12,2026-09-02,Thứ tư,16,1,23,1,40,0
YT12,Trạm Y tế Hương Trà,DV12,2026-09-03,Thứ năm,19,2,20,1,40,0
YT12,Trạm Y tế Hương Trà,DV12,2026-09-04,Thứ sáu,16,1,15,1,40,0
YT12,Trạm Y tế Hương Trà,DV12,2026-09-05,Thứ bảy,9,1,11,0,40,0
YT12,Trạm Y tế Hương Trà,DV12,2026-09-07,Thứ hai,15,0,21,1,40,0
YT12,Trạm Y tế Hương Trà,DV12,2026-09-08,Thứ ba,14,3,19,0,40,0
YT12,Trạm Y tế Hương Trà,DV12,2026-09-09,Thứ tư,13,2,16,0,40,0
YT12,Trạm Y tế Hương Trà,DV12,2026-09-10,Thứ năm,16,2,14,0,40,0
YT12,Trạm Y tế Hương Trà,DV12,2026-09-11,Thứ sáu,15,1,21,1,40,0
YT12,Trạm Y tế Hương Trà,DV12,2026-09-12,Thứ bảy,14,1,15,1,40,0
YT12,Trạm Y tế Hương Trà,DV12,2026-09-14,Thứ hai,13,1,17,1,40,0
YT12,Trạm Y tế Hương Trà,DV12,2026-09-15,Thứ ba,12,0,14,1,40,1
YT12,Trạm Y tế Hương Trà,DV12,2026-09-16,Thứ tư,13,2,19,1,40,0
YT12,Trạm Y tế Hương Trà,DV12,2026-09-17,Thứ năm,17,5,17,0,40,0
YT12,Trạm Y tế Hương Trà,DV12,2026-09-18,Thứ sáu,16,0,12,1,40,0
YT12,Trạm Y tế Hương Trà,DV12,2026-09-19,Thứ bảy,5,0,7,1,40,0
YT12,Trạm Y tế Hương Trà,DV12,2026-09-21,Thứ hai,15,0,17,1,40,0
YT12,Trạm Y tế Hương Trà,DV12,2026-09-22,Thứ ba,15,0,14,1,40,0
YT12,Trạm Y tế Hương Trà,DV12,2026-09-23,Thứ tư,17,1,19,1,40,0
YT12,Trạm Y tế Hương Trà,DV12,2026-09-24,Thứ năm,12,1,14,1,40,0
YT12,Trạm Y tế Hương Trà,DV12,2026-09-25,Thứ sáu,19,5,12,0,40,0
YT12,Trạm Y tế Hương Trà,DV12,2026-09-26,Thứ bảy,13,0,23,1,40,0
YT12,Trạm Y tế Hương Trà,DV12,2026-09-28,Thứ hai,17,0,22,1,40,0
YT12,Trạm Y tế Hương Trà,DV12,2026-09-29,Thứ ba,17,1,15,1,40,0
YT12,Trạm Y tế Hương Trà,DV12,2026-09-30,Thứ tư,19,0,7,1,40,0
