ma_nha,ten_nha,ma_don_vi,so_tang,so_phong,so_nguoi_luu_tru,co_loi_thoat_hiem_thu_hai,ngay,ty_le_dau_bao_khoi_online_pct,so_canh_bao_khoi,so_gio_cua_thoat_hiem_bi_khoa,nhiet_do_tu_dien_max_c
NT01,Nhà trọ/CCMN số 01,DV01,8,32,72,1,2026-09-14,93,0,0,30.0
NT01,Nhà trọ/CCMN số 01,DV01,8,32,72,1,2026-09-15,100,0,0,45.0
NT01,Nhà trọ/CCMN số 01,DV01,8,32,72,1,2026-09-16,92,0,0,34.8
NT01,Nhà trọ/CCMN số 01,DV01,8,32,72,1,2026-09-17,96,0,0,37.1
NT01,Nhà trọ/CCMN số 01,DV01,8,32,72,1,2026-09-18,93,0,0,41.4
NT01,Nhà trọ/CCMN số 01,DV01,8,32,72,1,2026-09-19,98,0,0,50.7
NT01,Nhà trọ/CCMN số 01,DV01,8,32,72,1,2026-09-20,96,0,0,36.0
NT01,Nhà trọ/CCMN số 01,DV01,8,32,72,1,2026-09-21,100,0,0,36.2
NT01,Nhà trọ/CCMN số 01,DV01,8,32,72,1,2026-09-22,89,0,0,43.1
NT01,Nhà trọ/CCMN số 01,DV01,8,32,72,1,2026-09-23,95,0,0,40.9
NT01,Nhà trọ/CCMN số 01,DV01,8,32,72,1,2026-09-24,97,0,0,43.2
NT01,Nhà trọ/CCMN số 01,DV01,8,32,72,1,2026-09-25,97,0,0,34.3
NT01,Nhà trọ/CCMN số 01,DV01,8,32,72,1,2026-09-26,94,0,0,44.0
NT01,Nhà trọ/CCMN số 01,DV01,8,32,72,1,2026-09-27,94,0,0,40.3
NT02,Nhà trọ/CCMN số 02,DV02,5,30,55,1,2026-09-14,100,0,0,37.3
NT02,Nhà trọ/CCMN số 02,DV02,5,30,55,1,2026-09-15,95,0,0,43.2
NT02,Nhà trọ/CCMN số 02,DV02,5,30,55,1,2026-09-16,89,0,0,43.8
NT02,Nhà trọ/CCMN số 02,DV02,5,30,55,1,2026-09-17,95,0,0,39.5
NT02,Nhà trọ/CCMN số 02,DV02,5,30,55,1,2026-09-18,97,0,0,38.5
NT02,Nhà trọ/CCMN số 02,DV02,5,30,55,1,2026-09-19,94,0,0,44.5
NT02,Nhà trọ/CCMN số 02,DV02,5,30,55,1,2026-09-20,97,0,0,34.0
NT02,Nhà trọ/CCMN số 02,DV02,5,30,55,1,2026-09-21,96,0,0,41.8
NT02,Nhà trọ/CCMN số 02,DV02,5,30,55,1,2026-09-22,97,0,0,37.3
NT02,Nhà trọ/CCMN số 02,DV02,5,30,55,1,2026-09-23,94,0,0,41.6
NT02,Nhà trọ/CCMN số 02,DV02,5,30,55,1,2026-09-24,94,0,0,44.6
NT02,Nhà trọ/CCMN số 02,DV02,5,30,55,1,2026-09-25,96,0,0,35.0
NT02,Nhà trọ/CCMN số 02,DV02,5,30,55,1,2026-09-26,93,0,0,44.0
NT02,Nhà trọ/CCMN số 02,DV02,5,30,55,1,2026-09-27,86,0,0,36.5
NT03,Nhà trọ/CCMN số 03,DV03,9,54,110,0,2026-09-14,95,0,7,47.0
NT03,Nhà trọ/CCMN số 03,DV03,9,54,110,0,2026-09-15,100,0,0,40.4
NT03,Nhà trọ/CCMN số 03,DV03,9,54,110,0,2026-09-16,94,0,7,41.6
NT03,Nhà trọ/CCMN số 03,DV03,9,54,110,0,2026-09-17,99,0,0,44.1
NT03,Nhà trọ/CCMN số 03,DV03,9,54,110,0,2026-09-18,93,0,7,35.9
NT03,Nhà trọ/CCMN số 03,DV03,9,54,110,0,2026-09-19,98,0,8,42.8
NT03,Nhà trọ/CCMN số 03,DV03,9,54,110,0,2026-09-20,98,0,8,45.6
NT03,Nhà trọ/CCMN số 03,DV03,9,54,110,0,2026-09-21,93,0,6,37.5
NT03,Nhà trọ/CCMN số 03,DV03,9,54,110,0,2026-09-22,99,0,0,37.2
NT03,Nhà trọ/CCMN số 03,DV03,9,54,110,0,2026-09-23,100,0,7,37.1
NT03,Nhà trọ/CCMN số 03,DV03,9,54,110,0,2026-09-24,100,0,7,38.6
NT03,Nhà trọ/CCMN số 03,DV03,9,54,110,0,2026-09-25,100,0,7,43.8
NT03,Nhà trọ/CCMN số 03,DV03,9,54,110,0,2026-09-26,97,0,8,41.0
NT03,Nhà trọ/CCMN số 03,DV03,9,54,110,0,2026-09-27,94,0,6,39.5
NT04,Nhà trọ/CCMN số 04,DV04,8,40,90,1,2026-09-14,94,0,0,43.2
NT04,Nhà trọ/CCMN số 04,DV04,8,40,90,1,2026-09-15,89,0,0,37.6
NT04,Nhà trọ/CCMN số 04,DV04,8,40,90,1,2026-09-16,95,0,0,39.1
NT04,Nhà trọ/CCMN số 04,DV04,8,40,90,1,2026-09-17,100,0,0,43.4
NT04,Nhà trọ/CCMN số 04,DV04,8,40,90,1,2026-09-18,97,0,0,46.0
NT04,Nhà trọ/CCMN số 04,DV04,8,40,90,1,2026-09-19,89,0,0,45.0
NT04,Nhà trọ/CCMN số 04,DV04,8,40,90,1,2026-09-20,100,0,0,36.1
NT04,Nhà trọ/CCMN số 04,DV04,8,40,90,1,2026-09-21,89,0,0,39.9
NT04,Nhà trọ/CCMN số 04,DV04,8,40,90,1,2026-09-22,91,0,0,38.2
NT04,Nhà trọ/CCMN số 04,DV04,8,40,90,1,2026-09-23,96,0,0,50.7
NT04,Nhà trọ/CCMN số 04,DV04,8,40,90,1,2026-09-24,95,0,0,41.4
NT04,Nhà trọ/CCMN số 04,DV04,8,40,90,1,2026-09-25,100,0,0,34.3
NT04,Nhà trọ/CCMN số 04,DV04,8,40,90,1,2026-09-26,95,0,0,46.0
NT04,Nhà trọ/CCMN số 04,DV04,8,40,90,1,2026-09-27,92,0,0,42.9
NT05,Nhà trọ/CCMN số 05,DV01,6,30,48,1,2026-09-14,88,0,0,44.0
NT05,Nhà trọ/CCMN số 05,DV01,6,30,48,1,2026-09-15,92,0,0,38.4
NT05,Nhà trọ/CCMN số 05,DV01,6,30,48,1,2026-09-16,96,0,0,47.6
NT05,Nhà trọ/CCMN số 05,DV01,6,30,48,1,2026-09-17,93,0,0,36.6
NT05,Nhà trọ/CCMN số 05,DV01,6,30,48,1,2026-09-18,100,0,0,42.3
NT05,Nhà trọ/CCMN số 05,DV01,6,30,48,1,2026-09-19,100,0,0,48.2
NT05,Nhà trọ/CCMN số 05,DV01,6,30,48,1,2026-09-20,92,0,0,35.0
NT05,Nhà trọ/CCMN số 05,DV01,6,30,48,1,2026-09-21,96,0,0,45.9
NT05,Nhà trọ/CCMN số 05,DV01,6,30,48,1,2026-09-22,92,0,0,39.9
NT05,Nhà trọ/CCMN số 05,DV01,6,30,48,1,2026-09-23,95,0,0,39.5
NT05,Nhà trọ/CCMN số 05,DV01,6,30,48,1,2026-09-24,100,0,0,40.3
NT05,Nhà trọ/CCMN số 05,DV01,6,30,48,1,2026-09-25,95,0,0,41.3
NT05,Nhà trọ/CCMN số 05,DV01,6,30,48,1,2026-09-26,95,0,0,45.0
NT05,Nhà trọ/CCMN số 05,DV01,6,30,48,1,2026-09-27,100,0,0,36.5
NT06,Nhà trọ/CCMN số 06,DV02,9,45,81,1,2026-09-14,97,0,0,45.5
NT06,Nhà trọ/CCMN số 06,DV02,9,45,81,1,2026-09-15,98,0,0,31.9
NT06,Nhà trọ/CCMN số 06,DV02,9,45,81,1,2026-09-16,89,0,0,43.2
NT06,Nhà trọ/CCMN số 06,DV02,9,45,81,1,2026-09-17,93,0,0,38.4
NT06,Nhà trọ/CCMN số 06,DV02,9,45,81,1,2026-09-18,95,0,0,40.8
NT06,Nhà trọ/CCMN số 06,DV02,9,45,81,1,2026-09-19,96,0,0,46.5
NT06,Nhà trọ/CCMN số 06,DV02,9,45,81,1,2026-09-20,89,0,0,43.3
NT06,Nhà trọ/CCMN số 06,DV02,9,45,81,1,2026-09-21,94,0,0,42.1
NT06,Nhà trọ/CCMN số 06,DV02,9,45,81,1,2026-09-22,96,0,0,36.8
NT06,Nhà trọ/CCMN số 06,DV02,9,45,81,1,2026-09-23,96,0,0,47.0
NT06,Nhà trọ/CCMN số 06,DV02,9,45,81,1,2026-09-24,93,0,0,32.9
NT06,Nhà trọ/CCMN số 06,DV02,9,45,81,1,2026-09-25,99,0,0,51.6
NT06,Nhà trọ/CCMN số 06,DV02,9,45,81,1,2026-09-26,94,0,0,45.3
NT06,Nhà trọ/CCMN số 06,DV02,9,45,81,1,2026-09-27,97,0,0,39.1
NT07,Nhà trọ/CCMN số 07,DV03,6,24,41,0,2026-09-14,94,1,8,65.3
NT07,Nhà trọ/CCMN số 07,DV03,6,24,41,0,2026-09-15,100,0,6,66.9
NT07,Nhà trọ/CCMN số 07,DV03,6,24,41,0,2026-09-16,99,0,8,65.8
NT07,Nhà trọ/CCMN số 07,DV03,6,24,41,0,2026-09-17,97,0,6,60.3
NT07,Nhà trọ/CCMN số 07,DV03,6,24,41,0,2026-09-18,90,0,7,71.7
NT07,Nhà trọ/CCMN số 07,DV03,6,24,41,0,2026-09-19,100,0,0,65.3
NT07,Nhà trọ/CCMN số 07,DV03,6,24,41,0,2026-09-20,87,0,6,73.8
NT07,Nhà trọ/CCMN số 07,DV03,6,24,41,0,2026-09-21,94,0,8,64.1
NT07,Nhà trọ/CCMN số 07,DV03,6,24,41,0,2026-09-22,94,0,0,61.4
NT07,Nhà trọ/CCMN số 07,DV03,6,24,41,0,2026-09-23,100,0,0,67.5
NT07,Nhà trọ/CCMN số 07,DV03,6,24,41,0,2026-09-24,98,0,6,74.6
NT07,Nhà trọ/CCMN số 07,DV03,6,24,41,0,2026-09-25,94,0,0,69.5
NT07,Nhà trọ/CCMN số 07,DV03,6,24,41,0,2026-09-26,91,0,8,64.8
NT07,Nhà trọ/CCMN số 07,DV03,6,24,41,0,2026-09-27,93,0,7,75.5
NT08,Nhà trọ/CCMN số 08,DV04,6,24,54,1,2026-09-14,95,0,0,41.7
NT08,Nhà trọ/CCMN số 08,DV04,6,24,54,1,2026-09-15,86,0,0,38.5
NT08,Nhà trọ/CCMN số 08,DV04,6,24,54,1,2026-09-16,93,0,0,49.6
NT08,Nhà trọ/CCMN số 08,DV04,6,24,54,1,2026-09-17,90,0,0,38.7
NT08,Nhà trọ/CCMN số 08,DV04,6,24,54,1,2026-09-18,98,0,0,41.3
NT08,Nhà trọ/CCMN số 08,DV04,6,24,54,1,2026-09-19,90,0,0,41.0
NT08,Nhà trọ/CCMN số 08,DV04,6,24,54,1,2026-09-20,91,0,0,39.2
NT08,Nhà trọ/CCMN số 08,DV04,6,24,54,1,2026-09-21,100,0,0,46.9
NT08,Nhà trọ/CCMN số 08,DV04,6,24,54,1,2026-09-22,100,0,0,39.9
NT08,Nhà trọ/CCMN số 08,DV04,6,24,54,1,2026-09-23,97,0,0,43.0
NT08,Nhà trọ/CCMN số 08,DV04,6,24,54,1,2026-09-24,96,0,0,49.0
NT08,Nhà trọ/CCMN số 08,DV04,6,24,54,1,2026-09-25,96,0,0,45.9
NT08,Nhà trọ/CCMN số 08,DV04,6,24,54,1,2026-09-26,99,0,0,43.9
NT08,Nhà trọ/CCMN số 08,DV04,6,24,54,1,2026-09-27,99,0,0,31.3
NT09,Nhà trọ/CCMN số 09,DV01,6,30,57,1,2026-09-14,88,0,0,40.8
NT09,Nhà trọ/CCMN số 09,DV01,6,30,57,1,2026-09-15,97,0,0,40.0
NT09,Nhà trọ/CCMN số 09,DV01,6,30,57,1,2026-09-16,100,0,0,45.8
NT09,Nhà trọ/CCMN số 09,DV01,6,30,57,1,2026-09-17,98,0,0,45.6
NT09,Nhà trọ/CCMN số 09,DV01,6,30,57,1,2026-09-18,100,0,0,48.9
NT09,Nhà trọ/CCMN số 09,DV01,6,30,57,1,2026-09-19,92,0,0,37.2
NT09,Nhà trọ/CCMN số 09,DV01,6,30,57,1,2026-09-20,95,0,0,43.0
NT09,Nhà trọ/CCMN số 09,DV01,6,30,57,1,2026-09-21,95,0,0,34.8
NT09,Nhà trọ/CCMN số 09,DV01,6,30,57,1,2026-09-22,94,0,0,35.1
NT09,Nhà trọ/CCMN số 09,DV01,6,30,57,1,2026-09-23,100,0,0,34.5
NT09,Nhà trọ/CCMN số 09,DV01,6,30,57,1,2026-09-24,100,0,0,51.4
NT09,Nhà trọ/CCMN số 09,DV01,6,30,57,1,2026-09-25,99,0,0,45.2
NT09,Nhà trọ/CCMN số 09,DV01,6,30,57,1,2026-09-26,95,0,0,40.8
NT09,Nhà trọ/CCMN số 09,DV01,6,30,57,1,2026-09-27,100,0,0,42.3
NT10,Nhà trọ/CCMN số 10,DV02,7,42,71,1,2026-09-14,95,0,0,36.9
NT10,Nhà trọ/CCMN số 10,DV02,7,42,71,1,2026-09-15,95,0,0,40.2
NT10,Nhà trọ/CCMN số 10,DV02,7,42,71,1,2026-09-16,100,0,0,39.8
NT10,Nhà trọ/CCMN số 10,DV02,7,42,71,1,2026-09-17,98,0,0,39.3
NT10,Nhà trọ/CCMN số 10,DV02,7,42,71,1,2026-09-18,98,0,0,46.6
NT10,Nhà trọ/CCMN số 10,DV02,7,42,71,1,2026-09-19,92,0,0,43.2
NT10,Nhà trọ/CCMN số 10,DV02,7,42,71,1,2026-09-20,90,0,0,41.4
NT10,Nhà trọ/CCMN số 10,DV02,7,42,71,1,2026-09-21,95,0,0,42.3
NT10,Nhà trọ/CCMN số 10,DV02,7,42,71,1,2026-09-22,97,0,0,36.4
NT10,Nhà trọ/CCMN số 10,DV02,7,42,71,1,2026-09-23,100,0,0,43.5
NT10,Nhà trọ/CCMN số 10,DV02,7,42,71,1,2026-09-24,96,0,0,42.5
NT10,Nhà trọ/CCMN số 10,DV02,7,42,71,1,2026-09-25,91,0,0,41.4
NT10,Nhà trọ/CCMN số 10,DV02,7,42,71,1,2026-09-26,88,0,0,45.2
NT10,Nhà trọ/CCMN số 10,DV02,7,42,71,1,2026-09-27,100,0,0,36.9
NT11,Nhà trọ/CCMN số 11,DV03,6,24,49,0,2026-09-14,72,0,0,39.2
NT11,Nhà trọ/CCMN số 11,DV03,6,24,49,0,2026-09-15,65,0,0,41.7
NT11,Nhà trọ/CCMN số 11,DV03,6,24,49,0,2026-09-16,73,0,0,39.6
NT11,Nhà trọ/CCMN số 11,DV03,6,24,49,0,2026-09-17,72,0,0,43.6
NT11,Nhà trọ/CCMN số 11,DV03,6,24,49,0,2026-09-18,75,0,0,39.8
NT11,Nhà trọ/CCMN số 11,DV03,6,24,49,0,2026-09-19,65,0,0,41.5
NT11,Nhà trọ/CCMN số 11,DV03,6,24,49,0,2026-09-20,71,0,0,40.1
NT11,Nhà trọ/CCMN số 11,DV03,6,24,49,0,2026-09-21,71,0,0,34.9
NT11,Nhà trọ/CCMN số 11,DV03,6,24,49,0,2026-09-22,77,0,0,30.1
NT11,Nhà trọ/CCMN số 11,DV03,6,24,49,0,2026-09-23,72,0,0,44.3
NT11,Nhà trọ/CCMN số 11,DV03,6,24,49,0,2026-09-24,76,0,0,35.9
NT11,Nhà trọ/CCMN số 11,DV03,6,24,49,0,2026-09-25,66,0,0,41.2
NT11,Nhà trọ/CCMN số 11,DV03,6,24,49,0,2026-09-26,69,0,0,33.3
NT11,Nhà trọ/CCMN số 11,DV03,6,24,49,0,2026-09-27,67,0,0,38.1
NT12,Nhà trọ/CCMN số 12,DV04,6,24,53,1,2026-09-14,92,0,7,42.1
NT12,Nhà trọ/CCMN số 12,DV04,6,24,53,1,2026-09-15,93,0,0,32.9
NT12,Nhà trọ/CCMN số 12,DV04,6,24,53,1,2026-09-16,98,0,0,42.8
NT12,Nhà trọ/CCMN số 12,DV04,6,24,53,1,2026-09-17,94,0,6,46.6
NT12,Nhà trọ/CCMN số 12,DV04,6,24,53,1,2026-09-18,100,0,8,39.5
NT12,Nhà trọ/CCMN số 12,DV04,6,24,53,1,2026-09-19,95,0,0,47.8
NT12,Nhà trọ/CCMN số 12,DV04,6,24,53,1,2026-09-20,95,0,6,34.3
NT12,Nhà trọ/CCMN số 12,DV04,6,24,53,1,2026-09-21,89,0,7,43.2
NT12,Nhà trọ/CCMN số 12,DV04,6,24,53,1,2026-09-22,85,0,0,46.4
NT12,Nhà trọ/CCMN số 12,DV04,6,24,53,1,2026-09-23,95,0,7,40.0
NT12,Nhà trọ/CCMN số 12,DV04,6,24,53,1,2026-09-24,99,0,8,34.5
NT12,Nhà trọ/CCMN số 12,DV04,6,24,53,1,2026-09-25,98,0,0,48.5
NT12,Nhà trọ/CCMN số 12,DV04,6,24,53,1,2026-09-26,91,0,7,37.5
NT12,Nhà trọ/CCMN số 12,DV04,6,24,53,1,2026-09-27,100,0,8,48.0
NT13,Nhà trọ/CCMN số 13,DV01,9,45,92,1,2026-09-14,95,0,0,45.7
NT13,Nhà trọ/CCMN số 13,DV01,9,45,92,1,2026-09-15,91,0,0,41.9
NT13,Nhà trọ/CCMN số 13,DV01,9,45,92,1,2026-09-16,97,0,0,35.2
NT13,Nhà trọ/CCMN số 13,DV01,9,45,92,1,2026-09-17,100,0,0,41.9
NT13,Nhà trọ/CCMN số 13,DV01,9,45,92,1,2026-09-18,100,0,0,37.0
NT13,Nhà trọ/CCMN số 13,DV01,9,45,92,1,2026-09-19,100,0,0,34.3
NT13,Nhà trọ/CCMN số 13,DV01,9,45,92,1,2026-09-20,100,0,0,41.8
NT13,Nhà trọ/CCMN số 13,DV01,9,45,92,1,2026-09-21,95,0,0,41.2
NT13,Nhà trọ/CCMN số 13,DV01,9,45,92,1,2026-09-22,95,0,0,42.8
NT13,Nhà trọ/CCMN số 13,DV01,9,45,92,1,2026-09-23,100,0,0,44.0
NT13,Nhà trọ/CCMN số 13,DV01,9,45,92,1,2026-09-24,91,0,0,35.7
NT13,Nhà trọ/CCMN số 13,DV01,9,45,92,1,2026-09-25,97,0,0,40.8
NT13,Nhà trọ/CCMN số 13,DV01,9,45,92,1,2026-09-26,100,0,0,34.5
NT13,Nhà trọ/CCMN số 13,DV01,9,45,92,1,2026-09-27,92,0,0,43.2
NT14,Nhà trọ/CCMN số 14,DV02,7,28,54,0,2026-09-14,83,0,0,63.5
NT14,Nhà trọ/CCMN số 14,DV02,7,28,54,0,2026-09-15,77,0,0,67.5
NT14,Nhà trọ/CCMN số 14,DV02,7,28,54,0,2026-09-16,63,0,0,72.4
NT14,Nhà trọ/CCMN số 14,DV02,7,28,54,0,2026-09-17,68,0,0,69.0
NT14,Nhà trọ/CCMN số 14,DV02,7,28,54,0,2026-09-18,79,0,0,68.3
NT14,Nhà trọ/CCMN số 14,DV02,7,28,54,0,2026-09-19,73,0,0,66.4
NT14,Nhà trọ/CCMN số 14,DV02,7,28,54,0,2026-09-20,76,0,0,56.9
NT14,Nhà trọ/CCMN số 14,DV02,7,28,54,0,2026-09-21,71,0,0,67.2
NT14,Nhà trọ/CCMN số 14,DV02,7,28,54,0,2026-09-22,76,0,0,63.7
NT14,Nhà trọ/CCMN số 14,DV02,7,28,54,0,2026-09-23,74,1,0,69.6
NT14,Nhà trọ/CCMN số 14,DV02,7,28,54,0,2026-09-24,71,1,0,72.1
NT14,Nhà trọ/CCMN số 14,DV02,7,28,54,0,2026-09-25,71,0,0,78.5
NT14,Nhà trọ/CCMN số 14,DV02,7,28,54,0,2026-09-26,68,1,0,72.9
NT14,Nhà trọ/CCMN số 14,DV02,7,28,54,0,2026-09-27,78,0,0,75.5
NT15,Nhà trọ/CCMN số 15,DV03,5,20,44,1,2026-09-14,100,0,0,40.6
NT15,Nhà trọ/CCMN số 15,DV03,5,20,44,1,2026-09-15,95,0,0,40.0
NT15,Nhà trọ/CCMN số 15,DV03,5,20,44,1,2026-09-16,95,0,0,41.3
NT15,Nhà trọ/CCMN số 15,DV03,5,20,44,1,2026-09-17,90,0,0,43.4
NT15,Nhà trọ/CCMN số 15,DV03,5,20,44,1,2026-09-18,93,0,0,41.8
NT15,Nhà trọ/CCMN số 15,DV03,5,20,44,1,2026-09-19,100,0,0,40.0
NT15,Nhà trọ/CCMN số 15,DV03,5,20,44,1,2026-09-20,97,0,0,39.5
NT15,Nhà trọ/CCMN số 15,DV03,5,20,44,1,2026-09-21,91,0,0,50.7
NT15,Nhà trọ/CCMN số 15,DV03,5,20,44,1,2026-09-22,97,0,0,40.3
NT15,Nhà trọ/CCMN số 15,DV03,5,20,44,1,2026-09-23,92,0,0,33.8
NT15,Nhà trọ/CCMN số 15,DV03,5,20,44,1,2026-09-24,91,0,0,38.5
NT15,Nhà trọ/CCMN số 15,DV03,5,20,44,1,2026-09-25,88,0,0,36.5
NT15,Nhà trọ/CCMN số 15,DV03,5,20,44,1,2026-09-26,93,0,0,37.2
NT15,Nhà trọ/CCMN số 15,DV03,5,20,44,1,2026-09-27,89,0,0,36.3
NT16,Nhà trọ/CCMN số 16,DV04,5,25,40,1,2026-09-14,95,0,0,33.2
NT16,Nhà trọ/CCMN số 16,DV04,5,25,40,1,2026-09-15,94,0,0,38.2
NT16,Nhà trọ/CCMN số 16,DV04,5,25,40,1,2026-09-16,99,0,0,43.6
NT16,Nhà trọ/CCMN số 16,DV04,5,25,40,1,2026-09-17,96,0,0,41.3
NT16,Nhà trọ/CCMN số 16,DV04,5,25,40,1,2026-09-18,94,0,0,41.3
NT16,Nhà trọ/CCMN số 16,DV04,5,25,40,1,2026-09-19,95,0,0,41.8
NT16,Nhà trọ/CCMN số 16,DV04,5,25,40,1,2026-09-20,90,0,0,43.6
NT16,Nhà trọ/CCMN số 16,DV04,5,25,40,1,2026-09-21,100,0,0,35.2
NT16,Nhà trọ/CCMN số 16,DV04,5,25,40,1,2026-09-22,96,0,0,38.7
NT16,Nhà trọ/CCMN số 16,DV04,5,25,40,1,2026-09-23,97,0,0,41.1
NT16,Nhà trọ/CCMN số 16,DV04,5,25,40,1,2026-09-24,94,0,0,48.4
NT16,Nhà trọ/CCMN số 16,DV04,5,25,40,1,2026-09-25,99,0,0,34.4
NT16,Nhà trọ/CCMN số 16,DV04,5,25,40,1,2026-09-26,91,0,0,40.8
NT16,Nhà trọ/CCMN số 16,DV04,5,25,40,1,2026-09-27,87,0,0,37.7
