ma_don_vi,ten_don_vi,lao_dong_thu_nhap_thap,nhu_cau_can_ho_uoc_tinh,can_ho_nos_hien_co,can_ho_nos_dang_xay,gia_thue_phong_tro_tb_nghin_dong,so_phong_tro_dang_ky_luu_tru
DV01,Phường Hoà Thuận,2944,942,88,0,2636,1177
DV02,Phường Tân Hoà,5657,1810,309,0,2603,2262
DV03,Phường Đông Giang,2512,803,57,0,2356,1004
DV04,Phường Nam Phong,3168,1013,105,0,2617,1267
DV05,Xã Bình An,864,276,7,0,1657,345
DV06,Xã Long Thành,1612,515,15,300,1198,644
DV07,Xã Phú Điền,657,210,11,0,1220,262
DV08,Xã Vĩnh Lộc,792,253,3,0,1346,316
DV09,Xã An Cư,576,184,12,0,1744,230
DV10,Xã Thanh Sơn,531,169,0,0,1733,212
DV11,Xã Mỹ Khánh,936,299,6,0,1453,374
DV12,Xã Hương Trà,693,221,11,0,1551,277
