ma_phan_anh,ngay_tiep_nhan,don_vi,kenh_tiep_nhan,linh_vuc,noi_dung_phan_anh,sac_thai_tham_chieu,trang_thai,so_ngay_xu_ly
PA20260162,2026-01-01,Phường Bình Minh,Trực tiếp,Hạ tầng - Giao thông,Đèn chiếu sáng công cộng khu vực Bạch Đàn hỏng đã hai tuần chưa được sửa.,Tiêu cực,Chuyển cơ quan khác,
PA20260409,2026-01-02,Phường Hoà Lạc,Mạng xã hội,An ninh - Trật tự,Đề nghị lắp thêm camera an ninh tại ngã tư số 12.,Trung tính,Đã xử lý,5.0
PA20260255,2026-01-03,Xã Mỹ Trạch,Tổng đài 1022,Môi trường - Đô thị,Tiếng ồn từ công trình xây dựng Bạch Đàn kéo dài đến khuya.,Tiêu cực,Chuyển cơ quan khác,
PA20260450,2026-01-03,Xã Tân Phước,Cổng DVC quốc gia,An sinh xã hội,Cảm ơn chính quyền đã hỗ trợ nhanh trong đợt ngập vừa qua.,Tích cực,Đã xử lý,7.0
PA20260308,2026-01-03,Phường Bình Minh,Tổng đài 1022,Dịch vụ công trực tuyến,Nộp hồ sơ trực tuyến nhưng hệ thống báo lỗi khi tải tệp đính kèm.,Tiêu cực,Đã xử lý,6.0
PA20260437,2026-01-03,Phường Hoà Lạc,Tổng đài 1022,Trật tự đô thị,Khu vực chợ Hoa Mai họp lấn chiếm lòng đường vào buổi sáng.,Tiêu cực,Đã xử lý,7.0
PA20260206,2026-01-04,Phường Long Phú,Cổng DVC quốc gia,Dịch vụ công trực tuyến,"Ứng dụng tra cứu tiến độ hồ sơ rất tiện, đề nghị bổ sung thông báo qua tin nhắn.",Tích cực,Đang xử lý,
PA20260225,2026-01-04,Phường Bình Minh,Tổng đài 1022,Hạ tầng - Giao thông,"Đường Phượng Vỹ bị ngập sau mưa lớn, nước rút rất chậm gây khó khăn đi lại.",Tiêu cực,Đã xử lý,11.0
PA20260366,2026-01-04,Xã Mỹ Trạch,Tổng đài 1022,Trật tự đô thị,Khu vực chợ số 12 họp lấn chiếm lòng đường vào buổi sáng.,Tiêu cực,Đang xử lý,
PA20260392,2026-01-05,Phường Hoà Lạc,Mạng xã hội,An ninh - Trật tự,Đề nghị lắp thêm camera an ninh tại ngã tư Hoa Mai.,Trung tính,Đã xử lý,1.0
PA20260309,2026-01-06,Phường Hoà Lạc,Cổng DVC quốc gia,Dịch vụ công trực tuyến,Nộp hồ sơ trực tuyến nhưng hệ thống báo lỗi khi tải tệp đính kèm.,Tiêu cực,Đã xử lý,8.0
PA20260140,2026-01-06,Phường An Thịnh,Cổng DVC quốc gia,Dịch vụ công trực tuyến,Nộp hồ sơ trực tuyến nhưng hệ thống báo lỗi khi tải tệp đính kèm.,Tiêu cực,Đang xử lý,
PA20260245,2026-01-06,Xã Mỹ Trạch,Trực tiếp,Hạ tầng - Giao thông,Đèn chiếu sáng công cộng khu vực Bạch Đàn hỏng đã hai tuần chưa được sửa.,Tiêu cực,Đang xử lý,
PA20260335,2026-01-07,Phường Kim Sơn,Cổng DVC quốc gia,Môi trường - Đô thị,"Cây xanh trên tuyến Bạch Đàn có nhánh khô, nguy cơ gãy đổ mùa mưa bão.",Tiêu cực,Đã xử lý,3.0
PA20260186,2026-01-07,Phường Kim Sơn,Trực tiếp,Thủ tục hành chính,Xin hỏi thủ tục đăng ký khai sinh cho trẻ sinh ở tỉnh khác thực hiện thế nào?,Trung tính,Đã xử lý,20.0
PA20260404,2026-01-08,Phường Bình Minh,Cổng DVC quốc gia,Thủ tục hành chính,Xin hỏi thủ tục đăng ký khai sinh cho trẻ sinh ở tỉnh khác thực hiện thế nào?,Trung tính,Đã xử lý,2.0
PA20260021,2026-01-08,Phường Long Phú,Trực tiếp,Hạ tầng - Giao thông,Đèn chiếu sáng công cộng khu vực số 3 hỏng đã hai tuần chưa được sửa.,Tiêu cực,Đang xử lý,
PA20260120,2026-01-08,Phường An Thịnh,Tổng đài 1022,Hạ tầng - Giao thông,"Đường số 3 bị ngập sau mưa lớn, nước rút rất chậm gây khó khăn đi lại.",Tiêu cực,Đã xử lý,10.0
PA20260220,2026-01-09,Phường Bình Minh,Trực tiếp,Môi trường - Đô thị,Đề nghị bổ sung thêm điểm thu gom rác tại tổ dân phố Phượng Vỹ.,Trung tính,Đã xử lý,13.0
PA20260361,2026-01-09,Phường Hoà Lạc,Cổng DVC quốc gia,Hạ tầng - Giao thông,Đèn chiếu sáng công cộng khu vực Phượng Vỹ hỏng đã hai tuần chưa được sửa.,Tiêu cực,Đã xử lý,11.0
PA20260136,2026-01-10,Xã Mỹ Trạch,Tổng đài 1022,Dịch vụ công trực tuyến,"Ứng dụng tra cứu tiến độ hồ sơ rất tiện, đề nghị bổ sung thông báo qua tin nhắn.",Tích cực,Chuyển cơ quan khác,
PA20260123,2026-01-12,Phường Long Phú,Cổng DVC quốc gia,Thủ tục hành chính,"Cán bộ một cửa hướng dẫn tận tình, hồ sơ được trả sớm hơn hẹn. Xin cảm ơn.",Tích cực,Đã xử lý,16.0
PA20260458,2026-01-12,Xã Mỹ Trạch,Cổng DVC quốc gia,Dịch vụ công trực tuyến,"Ứng dụng tra cứu tiến độ hồ sơ rất tiện, đề nghị bổ sung thông báo qua tin nhắn.",Tích cực,Đã xử lý,17.0
PA20260193,2026-01-13,Xã Tân Phước,Mạng xã hội,Thủ tục hành chính,Xin hỏi thủ tục đăng ký khai sinh cho trẻ sinh ở tỉnh khác thực hiện thế nào?,Trung tính,Đã xử lý,12.0
PA20260274,2026-01-14,Xã Mỹ Trạch,Mạng xã hội,Môi trường - Đô thị,"Cây xanh trên tuyến số 3 có nhánh khô, nguy cơ gãy đổ mùa mưa bão.",Tiêu cực,Đã xử lý,17.0
PA20260352,2026-01-14,Phường Long Phú,Trực tiếp,An sinh xã hội,Hồ sơ trợ cấp xã hội của gia đình đã nộp hơn một tháng chưa có kết quả.,Tiêu cực,Đang xử lý,
PA20260339,2026-01-14,Xã Nam Hải,Cổng DVC quốc gia,Dịch vụ công trực tuyến,"Người cao tuổi khó tự nộp hồ sơ trực tuyến, đề nghị bố trí người hỗ trợ.",Trung tính,Đã xử lý,4.0
PA20260314,2026-01-15,Phường Kim Sơn,Cổng DVC quốc gia,Môi trường - Đô thị,Tiếng ồn từ công trình xây dựng Ngọc Lan kéo dài đến khuya.,Tiêu cực,Đã xử lý,15.0
PA20260420,2026-01-15,Xã Nam Hải,Tổng đài 1022,An sinh xã hội,Hồ sơ trợ cấp xã hội của gia đình đã nộp hơn một tháng chưa có kết quả.,Tiêu cực,Đã xử lý,1.0
PA20260190,2026-01-15,Phường Kim Sơn,Cổng DVC quốc gia,Hạ tầng - Giao thông,"Đường Ngọc Lan bị ngập sau mưa lớn, nước rút rất chậm gây khó khăn đi lại.",Tiêu cực,Đang xử lý,
PA20260191,2026-01-15,Phường Kim Sơn,Tổng đài 1022,Dịch vụ công trực tuyến,"Người cao tuổi khó tự nộp hồ sơ trực tuyến, đề nghị bố trí người hỗ trợ.",Trung tính,Đang xử lý,
PA20260343,2026-01-18,Xã Mỹ Trạch,Cổng DVC quốc gia,Thủ tục hành chính,Thời gian chờ tại trung tâm phục vụ hành chính công sáng thứ Hai quá lâu.,Tiêu cực,Đã xử lý,18.0
PA20260270,2026-01-19,Xã Mỹ Trạch,Mạng xã hội,Hạ tầng - Giao thông,"Đường số 21 bị ngập sau mưa lớn, nước rút rất chậm gây khó khăn đi lại.",Tiêu cực,Đã xử lý,16.0
PA20260122,2026-01-20,Phường Hoà Lạc,Cổng DVC quốc gia,Dịch vụ công trực tuyến,Nộp hồ sơ trực tuyến nhưng hệ thống báo lỗi khi tải tệp đính kèm.,Tiêu cực,Đang xử lý,
PA20260412,2026-01-22,Phường Hoà Lạc,Mạng xã hội,Dịch vụ công trực tuyến,Nộp hồ sơ trực tuyến nhưng hệ thống báo lỗi khi tải tệp đính kèm.,Tiêu cực,Đã xử lý,17.0
PA20260369,2026-01-22,Phường Hoà Lạc,Trực tiếp,Công khai - Minh bạch,Đề nghị công khai lịch tiếp công dân của lãnh đạo trên trang thông tin điện tử.,Trung tính,Đã xử lý,8.0
PA20260051,2026-01-23,Phường Long Phú,Mạng xã hội,Thủ tục hành chính,"Cán bộ một cửa hướng dẫn tận tình, hồ sơ được trả sớm hơn hẹn. Xin cảm ơn.",Tích cực,Đã xử lý,11.0
PA20260304,2026-01-24,Phường Bình Minh,Cổng DVC quốc gia,Dịch vụ công trực tuyến,"Ứng dụng tra cứu tiến độ hồ sơ rất tiện, đề nghị bổ sung thông báo qua tin nhắn.",Tích cực,Chuyển cơ quan khác,
PA20260310,2026-01-27,Xã Tân Phước,Trực tiếp,Dịch vụ công trực tuyến,"Ứng dụng tra cứu tiến độ hồ sơ rất tiện, đề nghị bổ sung thông báo qua tin nhắn.",Tích cực,Đã xử lý,4.0
PA20260251,2026-01-27,Phường Kim Sơn,Mạng xã hội,Thủ tục hành chính,Thời gian chờ tại trung tâm phục vụ hành chính công sáng thứ Hai quá lâu.,Tiêu cực,Đang xử lý,
PA20260283,2026-01-29,Phường Bình Minh,Cổng DVC quốc gia,Công khai - Minh bạch,Đề nghị công khai lịch tiếp công dân của lãnh đạo trên trang thông tin điện tử.,Trung tính,Đã xử lý,2.0
PA20260064,2026-01-29,Xã Tân Phước,Cổng DVC quốc gia,Dịch vụ công trực tuyến,"Ứng dụng tra cứu tiến độ hồ sơ rất tiện, đề nghị bổ sung thông báo qua tin nhắn.",Tích cực,Đang xử lý,
PA20260110,2026-01-29,Phường Hoà Lạc,Trực tiếp,An ninh - Trật tự,Đề nghị lắp thêm camera an ninh tại ngã tư Hoa Mai.,Trung tính,Đã xử lý,12.0
PA20260457,2026-01-29,Xã Nam Hải,Tổng đài 1022,Dịch vụ công trực tuyến,"Ứng dụng tra cứu tiến độ hồ sơ rất tiện, đề nghị bổ sung thông báo qua tin nhắn.",Tích cực,Đã xử lý,18.0
PA20260287,2026-01-30,Phường Hoà Lạc,Cổng DVC quốc gia,An sinh xã hội,Cảm ơn chính quyền đã hỗ trợ nhanh trong đợt ngập vừa qua.,Tích cực,Đã xử lý,14.0
PA20260348,2026-01-30,Phường Hoà Lạc,Tổng đài 1022,Môi trường - Đô thị,Tiếng ồn từ công trình xây dựng số 7 kéo dài đến khuya.,Tiêu cực,Đã xử lý,6.0
PA20260447,2026-01-31,Phường Bình Minh,Cổng DVC quốc gia,Thủ tục hành chính,Thời gian chờ tại trung tâm phục vụ hành chính công sáng thứ Hai quá lâu.,Tiêu cực,Đang xử lý,
PA20260005,2026-02-01,Phường An Thịnh,Tổng đài 1022,Môi trường - Đô thị,Đề nghị bổ sung thêm điểm thu gom rác tại tổ dân phố số 7.,Trung tính,Đã xử lý,6.0
PA20260336,2026-02-01,Phường Long Phú,Tổng đài 1022,An ninh - Trật tự,Đề nghị lắp thêm camera an ninh tại ngã tư số 12.,Trung tính,Đã xử lý,21.0
PA20260439,2026-02-02,Phường Long Phú,Cổng DVC quốc gia,Hạ tầng - Giao thông,"Đường số 3 bị ngập sau mưa lớn, nước rút rất chậm gây khó khăn đi lại.",Tiêu cực,Đã xử lý,13.0
PA20260178,2026-02-04,Xã Nam Hải,Cổng DVC quốc gia,Trật tự đô thị,Khu vực chợ số 7 họp lấn chiếm lòng đường vào buổi sáng.,Tiêu cực,Đã xử lý,4.0
PA20260121,2026-02-05,Phường Bình Minh,Mạng xã hội,Môi trường - Đô thị,Đề nghị bổ sung thêm điểm thu gom rác tại tổ dân phố Ngọc Lan.,Trung tính,Đang xử lý,
PA20260081,2026-02-06,Phường Long Phú,Cổng DVC quốc gia,Dịch vụ công trực tuyến,"Ứng dụng tra cứu tiến độ hồ sơ rất tiện, đề nghị bổ sung thông báo qua tin nhắn.",Tích cực,Đã xử lý,12.0
PA20260440,2026-02-07,Phường Long Phú,Cổng DVC quốc gia,Công khai - Minh bạch,Đề nghị công khai lịch tiếp công dân của lãnh đạo trên trang thông tin điện tử.,Trung tính,Đã xử lý,14.0
PA20260349,2026-02-08,Xã Mỹ Trạch,Mạng xã hội,Thủ tục hành chính,Xin hỏi thủ tục đăng ký khai sinh cho trẻ sinh ở tỉnh khác thực hiện thế nào?,Trung tính,Đã xử lý,11.0
PA20260189,2026-02-08,Phường An Thịnh,Tổng đài 1022,Môi trường - Đô thị,Đề nghị bổ sung thêm điểm thu gom rác tại tổ dân phố số 3.,Trung tính,Đang xử lý,
PA20260105,2026-02-08,Phường An Thịnh,Cổng DVC quốc gia,Dịch vụ công trực tuyến,"Ứng dụng tra cứu tiến độ hồ sơ rất tiện, đề nghị bổ sung thông báo qua tin nhắn.",Tích cực,Đã xử lý,14.0
PA20260062,2026-02-09,Phường An Thịnh,Trực tiếp,Thủ tục hành chính,"Cán bộ một cửa hướng dẫn tận tình, hồ sơ được trả sớm hơn hẹn. Xin cảm ơn.",Tích cực,Đã xử lý,16.0
PA20260146,2026-02-11,Phường Bình Minh,Cổng DVC quốc gia,Dịch vụ công trực tuyến,Nộp hồ sơ trực tuyến nhưng hệ thống báo lỗi khi tải tệp đính kèm.,Tiêu cực,Đã xử lý,21.0
PA20260399,2026-02-12,Phường Kim Sơn,Cổng DVC quốc gia,Dịch vụ công trực tuyến,"Ứng dụng tra cứu tiến độ hồ sơ rất tiện, đề nghị bổ sung thông báo qua tin nhắn.",Tích cực,Đang xử lý,
PA20260433,2026-02-12,Xã Tân Phước,Tổng đài 1022,An sinh xã hội,Hồ sơ trợ cấp xã hội của gia đình đã nộp hơn một tháng chưa có kết quả.,Tiêu cực,Đã xử lý,21.0
PA20260312,2026-02-14,Phường An Thịnh,Tổng đài 1022,Dịch vụ công trực tuyến,"Ứng dụng tra cứu tiến độ hồ sơ rất tiện, đề nghị bổ sung thông báo qua tin nhắn.",Tích cực,Đã xử lý,16.0
PA20260011,2026-02-16,Phường Kim Sơn,Trực tiếp,Môi trường - Đô thị,Đề nghị bổ sung thêm điểm thu gom rác tại tổ dân phố Hoa Mai.,Trung tính,Đang xử lý,
PA20260341,2026-02-16,Phường Hoà Lạc,Cổng DVC quốc gia,Hạ tầng - Giao thông,"Đường số 7 bị ngập sau mưa lớn, nước rút rất chậm gây khó khăn đi lại.",Tiêu cực,Đã xử lý,15.0
PA20260227,2026-02-17,Phường Kim Sơn,Cổng DVC quốc gia,Dịch vụ công trực tuyến,Nộp hồ sơ trực tuyến nhưng hệ thống báo lỗi khi tải tệp đính kèm.,Tiêu cực,Đã xử lý,5.0
PA20260324,2026-02-18,Phường Hoà Lạc,Tổng đài 1022,Trật tự đô thị,Khu vực chợ Ngọc Lan họp lấn chiếm lòng đường vào buổi sáng.,Tiêu cực,Đã xử lý,15.0
PA20260400,2026-02-19,Phường Hoà Lạc,Tổng đài 1022,Môi trường - Đô thị,Tiếng ồn từ công trình xây dựng số 3 kéo dài đến khuya.,Tiêu cực,Đã xử lý,6.0
PA20260137,2026-02-19,Phường An Thịnh,Cổng DVC quốc gia,Thủ tục hành chính,"Cán bộ một cửa hướng dẫn tận tình, hồ sơ được trả sớm hơn hẹn. Xin cảm ơn.",Tích cực,Đã xử lý,3.0
PA20260098,2026-02-20,Xã Tân Phước,Mạng xã hội,Hạ tầng - Giao thông,"Đường số 7 bị ngập sau mưa lớn, nước rút rất chậm gây khó khăn đi lại.",Tiêu cực,Đã xử lý,11.0
PA20260075,2026-02-21,Phường Kim Sơn,Cổng DVC quốc gia,Thủ tục hành chính,Xin hỏi thủ tục đăng ký khai sinh cho trẻ sinh ở tỉnh khác thực hiện thế nào?,Trung tính,Đã xử lý,4.0
PA20260441,2026-02-24,Xã Nam Hải,Cổng DVC quốc gia,An sinh xã hội,Hồ sơ trợ cấp xã hội của gia đình đã nộp hơn một tháng chưa có kết quả.,Tiêu cực,Đã xử lý,8.0
PA20260382,2026-02-25,Xã Mỹ Trạch,Mạng xã hội,Trật tự đô thị,Khu vực chợ Phượng Vỹ họp lấn chiếm lòng đường vào buổi sáng.,Tiêu cực,Đang xử lý,
PA20260429,2026-02-26,Phường Long Phú,Trực tiếp,Môi trường - Đô thị,Đề nghị bổ sung thêm điểm thu gom rác tại tổ dân phố Phượng Vỹ.,Trung tính,Đang xử lý,
PA20260443,2026-02-26,Xã Mỹ Trạch,Cổng DVC quốc gia,Thủ tục hành chính,Thời gian chờ tại trung tâm phục vụ hành chính công sáng thứ Hai quá lâu.,Tiêu cực,Chuyển cơ quan khác,
PA20260127,2026-02-27,Xã Nam Hải,Cổng DVC quốc gia,Trật tự đô thị,Khu vực chợ Phượng Vỹ họp lấn chiếm lòng đường vào buổi sáng.,Tiêu cực,Đã xử lý,5.0
PA20260322,2026-03-02,Phường An Thịnh,Trực tiếp,An ninh - Trật tự,Đề nghị lắp thêm camera an ninh tại ngã tư Hoa Mai.,Trung tính,Đã xử lý,11.0
PA20260218,2026-03-04,Phường Kim Sơn,Cổng DVC quốc gia,Hạ tầng - Giao thông,Đèn chiếu sáng công cộng khu vực số 21 hỏng đã hai tuần chưa được sửa.,Tiêu cực,Đã xử lý,4.0
PA20260072,2026-03-05,Phường Long Phú,Cổng DVC quốc gia,Dịch vụ công trực tuyến,"Người cao tuổi khó tự nộp hồ sơ trực tuyến, đề nghị bố trí người hỗ trợ.",Trung tính,Chuyển cơ quan khác,
PA20260331,2026-03-05,Phường Kim Sơn,Mạng xã hội,An ninh - Trật tự,Đề nghị lắp thêm camera an ninh tại ngã tư số 21.,Trung tính,Đang xử lý,
PA20260444,2026-03-07,Phường Kim Sơn,Tổng đài 1022,Dịch vụ công trực tuyến,Nộp hồ sơ trực tuyến nhưng hệ thống báo lỗi khi tải tệp đính kèm.,Tiêu cực,Đang xử lý,
PA20260208,2026-03-09,Phường Long Phú,Cổng DVC quốc gia,Hạ tầng - Giao thông,"Đường Ngọc Lan bị ngập sau mưa lớn, nước rút rất chậm gây khó khăn đi lại.",Tiêu cực,Đang xử lý,
PA20260380,2026-03-09,Phường Hoà Lạc,Cổng DVC quốc gia,An sinh xã hội,Hồ sơ trợ cấp xã hội của gia đình đã nộp hơn một tháng chưa có kết quả.,Tiêu cực,Đã xử lý,9.0
PA20260049,2026-03-09,Xã Tân Phước,Tổng đài 1022,Môi trường - Đô thị,Tiếng ồn từ công trình xây dựng Bạch Đàn kéo dài đến khuya.,Tiêu cực,Đã xử lý,14.0
PA20260046,2026-03-10,Xã Tân Phước,Cổng DVC quốc gia,Hạ tầng - Giao thông,Đèn chiếu sáng công cộng khu vực số 7 hỏng đã hai tuần chưa được sửa.,Tiêu cực,Đã xử lý,9.0
PA20260058,2026-03-10,Xã Tân Phước,Tổng đài 1022,Thủ tục hành chính,"Cán bộ một cửa hướng dẫn tận tình, hồ sơ được trả sớm hơn hẹn. Xin cảm ơn.",Tích cực,Đã xử lý,15.0
PA20260248,2026-03-13,Xã Mỹ Trạch,Tổng đài 1022,Công khai - Minh bạch,Đề nghị công khai lịch tiếp công dân của lãnh đạo trên trang thông tin điện tử.,Trung tính,Đã xử lý,20.0
PA20260095,2026-03-13,Xã Nam Hải,Tổng đài 1022,Thủ tục hành chính,"Cán bộ một cửa hướng dẫn tận tình, hồ sơ được trả sớm hơn hẹn. Xin cảm ơn.",Tích cực,Đã xử lý,1.0
PA20260082,2026-03-14,Xã Mỹ Trạch,Trực tiếp,An ninh - Trật tự,Đề nghị lắp thêm camera an ninh tại ngã tư Hoa Mai.,Trung tính,Đã xử lý,8.0
PA20260320,2026-03-14,Xã Mỹ Trạch,Tổng đài 1022,An sinh xã hội,Hồ sơ trợ cấp xã hội của gia đình đã nộp hơn một tháng chưa có kết quả.,Tiêu cực,Đã xử lý,2.0
PA20260163,2026-03-15,Phường Hoà Lạc,Cổng DVC quốc gia,Hạ tầng - Giao thông,"Đường số 3 bị ngập sau mưa lớn, nước rút rất chậm gây khó khăn đi lại.",Tiêu cực,Đã xử lý,19.0
PA20260445,2026-03-16,Xã Nam Hải,Trực tiếp,Trật tự đô thị,Khu vực chợ số 7 họp lấn chiếm lòng đường vào buổi sáng.,Tiêu cực,Đã xử lý,18.0
PA20260377,2026-03-17,Xã Mỹ Trạch,Trực tiếp,Thủ tục hành chính,"Cán bộ một cửa hướng dẫn tận tình, hồ sơ được trả sớm hơn hẹn. Xin cảm ơn.",Tích cực,Đã xử lý,20.0
PA20260177,2026-03-17,Phường Bình Minh,Tổng đài 1022,An sinh xã hội,Hồ sơ trợ cấp xã hội của gia đình đã nộp hơn một tháng chưa có kết quả.,Tiêu cực,Đã xử lý,18.0
PA20260106,2026-03-18,Phường An Thịnh,Mạng xã hội,Thủ tục hành chính,Xin hỏi thủ tục đăng ký khai sinh cho trẻ sinh ở tỉnh khác thực hiện thế nào?,Trung tính,Đã xử lý,8.0
PA20260275,2026-03-19,Phường Bình Minh,Trực tiếp,Thủ tục hành chính,Thời gian chờ tại trung tâm phục vụ hành chính công sáng thứ Hai quá lâu.,Tiêu cực,Đang xử lý,
PA20260192,2026-03-19,Xã Nam Hải,Trực tiếp,Hạ tầng - Giao thông,Đèn chiếu sáng công cộng khu vực Hoa Mai hỏng đã hai tuần chưa được sửa.,Tiêu cực,Đã xử lý,15.0
PA20260416,2026-03-20,Xã Mỹ Trạch,Trực tiếp,Môi trường - Đô thị,"Cây xanh trên tuyến Ngọc Lan có nhánh khô, nguy cơ gãy đổ mùa mưa bão.",Tiêu cực,Chuyển cơ quan khác,
PA20260131,2026-03-20,Phường Long Phú,Trực tiếp,Thủ tục hành chính,"Cán bộ một cửa hướng dẫn tận tình, hồ sơ được trả sớm hơn hẹn. Xin cảm ơn.",Tích cực,Đang xử lý,
PA20260375,2026-03-20,Xã Mỹ Trạch,Trực tiếp,Hạ tầng - Giao thông,Đèn chiếu sáng công cộng khu vực Hoa Mai hỏng đã hai tuần chưa được sửa.,Tiêu cực,Đã xử lý,4.0
PA20260252,2026-03-21,Phường Bình Minh,Tổng đài 1022,An sinh xã hội,Hồ sơ trợ cấp xã hội của gia đình đã nộp hơn một tháng chưa có kết quả.,Tiêu cực,Đã xử lý,19.0
PA20260364,2026-03-21,Phường An Thịnh,Tổng đài 1022,Trật tự đô thị,Khu vực chợ Phượng Vỹ họp lấn chiếm lòng đường vào buổi sáng.,Tiêu cực,Đã xử lý,15.0
PA20260148,2026-03-22,Phường Long Phú,Tổng đài 1022,An sinh xã hội,Cảm ơn chính quyền đã hỗ trợ nhanh trong đợt ngập vừa qua.,Tích cực,Đã xử lý,5.0
PA20260301,2026-03-22,Phường Hoà Lạc,Tổng đài 1022,Hạ tầng - Giao thông,"Đường số 7 bị ngập sau mưa lớn, nước rút rất chậm gây khó khăn đi lại.",Tiêu cực,Đã xử lý,10.0
PA20260431,2026-03-22,Phường An Thịnh,Cổng DVC quốc gia,Thủ tục hành chính,Thời gian chờ tại trung tâm phục vụ hành chính công sáng thứ Hai quá lâu.,Tiêu cực,Đang xử lý,
PA20260371,2026-03-24,Phường Kim Sơn,Cổng DVC quốc gia,Hạ tầng - Giao thông,"Đường Bạch Đàn bị ngập sau mưa lớn, nước rút rất chậm gây khó khăn đi lại.",Tiêu cực,Đã xử lý,12.0
PA20260034,2026-03-24,Xã Mỹ Trạch,Tổng đài 1022,Dịch vụ công trực tuyến,"Ứng dụng tra cứu tiến độ hồ sơ rất tiện, đề nghị bổ sung thông báo qua tin nhắn.",Tích cực,Đã xử lý,3.0
PA20260338,2026-03-24,Phường Bình Minh,Cổng DVC quốc gia,Môi trường - Đô thị,Đề nghị bổ sung thêm điểm thu gom rác tại tổ dân phố số 3.,Trung tính,Đã xử lý,12.0
PA20260282,2026-03-25,Xã Tân Phước,Mạng xã hội,Dịch vụ công trực tuyến,"Người cao tuổi khó tự nộp hồ sơ trực tuyến, đề nghị bố trí người hỗ trợ.",Trung tính,Đã xử lý,17.0
PA20260172,2026-03-25,Phường Long Phú,Trực tiếp,Dịch vụ công trực tuyến,"Người cao tuổi khó tự nộp hồ sơ trực tuyến, đề nghị bố trí người hỗ trợ.",Trung tính,Đã xử lý,6.0
PA20260138,2026-03-25,Phường An Thịnh,Trực tiếp,Công khai - Minh bạch,Đề nghị công khai lịch tiếp công dân của lãnh đạo trên trang thông tin điện tử.,Trung tính,Chuyển cơ quan khác,
PA20260346,2026-03-25,Xã Tân Phước,Cổng DVC quốc gia,Thủ tục hành chính,"Cán bộ một cửa hướng dẫn tận tình, hồ sơ được trả sớm hơn hẹn. Xin cảm ơn.",Tích cực,Đang xử lý,
PA20260016,2026-03-26,Phường An Thịnh,Cổng DVC quốc gia,Thủ tục hành chính,Thời gian chờ tại trung tâm phục vụ hành chính công sáng thứ Hai quá lâu.,Tiêu cực,Đã xử lý,16.0
PA20260174,2026-03-28,Phường Long Phú,Cổng DVC quốc gia,Thủ tục hành chính,"Cán bộ một cửa hướng dẫn tận tình, hồ sơ được trả sớm hơn hẹn. Xin cảm ơn.",Tích cực,Đã xử lý,9.0
PA20260411,2026-03-31,Xã Nam Hải,Cổng DVC quốc gia,Hạ tầng - Giao thông,Đèn chiếu sáng công cộng khu vực Hoa Mai hỏng đã hai tuần chưa được sửa.,Tiêu cực,Đã xử lý,13.0
PA20260337,2026-03-31,Phường Kim Sơn,Cổng DVC quốc gia,Hạ tầng - Giao thông,Đèn chiếu sáng công cộng khu vực Hoa Mai hỏng đã hai tuần chưa được sửa.,Tiêu cực,Đã xử lý,19.0
PA20260020,2026-04-03,Phường Bình Minh,Cổng DVC quốc gia,An ninh - Trật tự,Đề nghị lắp thêm camera an ninh tại ngã tư Ngọc Lan.,Trung tính,Đã xử lý,5.0
PA20260038,2026-04-04,Xã Nam Hải,Trực tiếp,Môi trường - Đô thị,Đề nghị bổ sung thêm điểm thu gom rác tại tổ dân phố số 12.,Trung tính,Đã xử lý,1.0
PA20260004,2026-04-05,Phường Long Phú,Trực tiếp,Trật tự đô thị,Khu vực chợ Bạch Đàn họp lấn chiếm lòng đường vào buổi sáng.,Tiêu cực,Đã xử lý,14.0
PA20260285,2026-04-08,Phường An Thịnh,Cổng DVC quốc gia,An ninh - Trật tự,Đề nghị lắp thêm camera an ninh tại ngã tư số 3.,Trung tính,Đã xử lý,7.0
PA20260151,2026-04-10,Xã Nam Hải,Mạng xã hội,Thủ tục hành chính,Thời gian chờ tại trung tâm phục vụ hành chính công sáng thứ Hai quá lâu.,Tiêu cực,Đã xử lý,8.0
PA20260052,2026-04-10,Phường Kim Sơn,Cổng DVC quốc gia,Môi trường - Đô thị,"Cây xanh trên tuyến Bạch Đàn có nhánh khô, nguy cơ gãy đổ mùa mưa bão.",Tiêu cực,Đã xử lý,17.0
PA20260247,2026-04-11,Phường Bình Minh,Mạng xã hội,An ninh - Trật tự,Đề nghị lắp thêm camera an ninh tại ngã tư Phượng Vỹ.,Trung tính,Đang xử lý,
PA20260379,2026-04-11,Xã Tân Phước,Cổng DVC quốc gia,Thủ tục hành chính,Thời gian chờ tại trung tâm phục vụ hành chính công sáng thứ Hai quá lâu.,Tiêu cực,Đã xử lý,20.0
PA20260370,2026-04-12,Phường Long Phú,Trực tiếp,An sinh xã hội,Cảm ơn chính quyền đã hỗ trợ nhanh trong đợt ngập vừa qua.,Tích cực,Đang xử lý,
PA20260083,2026-04-12,Phường Long Phú,Trực tiếp,Trật tự đô thị,Khu vực chợ Bạch Đàn họp lấn chiếm lòng đường vào buổi sáng.,Tiêu cực,Đang xử lý,
PA20260114,2026-04-13,Xã Tân Phước,Cổng DVC quốc gia,Dịch vụ công trực tuyến,"Ứng dụng tra cứu tiến độ hồ sơ rất tiện, đề nghị bổ sung thông báo qua tin nhắn.",Tích cực,Đang xử lý,
PA20260067,2026-04-13,Xã Tân Phước,Trực tiếp,Dịch vụ công trực tuyến,Nộp hồ sơ trực tuyến nhưng hệ thống báo lỗi khi tải tệp đính kèm.,Tiêu cực,Đã xử lý,14.0
PA20260045,2026-04-13,Phường Bình Minh,Mạng xã hội,Dịch vụ công trực tuyến,"Ứng dụng tra cứu tiến độ hồ sơ rất tiện, đề nghị bổ sung thông báo qua tin nhắn.",Tích cực,Đang xử lý,
PA20260103,2026-04-13,Phường Kim Sơn,Trực tiếp,Hạ tầng - Giao thông,Đèn chiếu sáng công cộng khu vực số 21 hỏng đã hai tuần chưa được sửa.,Tiêu cực,Đã xử lý,20.0
PA20260007,2026-04-14,Xã Mỹ Trạch,Mạng xã hội,Dịch vụ công trực tuyến,Nộp hồ sơ trực tuyến nhưng hệ thống báo lỗi khi tải tệp đính kèm.,Tiêu cực,Đang xử lý,
PA20260263,2026-04-15,Phường Kim Sơn,Cổng DVC quốc gia,Môi trường - Đô thị,Tiếng ồn từ công trình xây dựng Hoa Mai kéo dài đến khuya.,Tiêu cực,Đang xử lý,
PA20260108,2026-04-16,Xã Tân Phước,Mạng xã hội,Dịch vụ công trực tuyến,"Người cao tuổi khó tự nộp hồ sơ trực tuyến, đề nghị bố trí người hỗ trợ.",Trung tính,Đã xử lý,2.0
PA20260152,2026-04-16,Phường Hoà Lạc,Mạng xã hội,Hạ tầng - Giao thông,"Đường Phượng Vỹ bị ngập sau mưa lớn, nước rút rất chậm gây khó khăn đi lại.",Tiêu cực,Đã xử lý,17.0
PA20260267,2026-04-17,Phường Kim Sơn,Cổng DVC quốc gia,Hạ tầng - Giao thông,Đèn chiếu sáng công cộng khu vực số 21 hỏng đã hai tuần chưa được sửa.,Tiêu cực,Đã xử lý,13.0
PA20260449,2026-04-17,Phường Hoà Lạc,Cổng DVC quốc gia,Thủ tục hành chính,"Cán bộ một cửa hướng dẫn tận tình, hồ sơ được trả sớm hơn hẹn. Xin cảm ơn.",Tích cực,Đã xử lý,8.0
PA20260035,2026-04-18,Xã Nam Hải,Cổng DVC quốc gia,Môi trường - Đô thị,Đề nghị bổ sung thêm điểm thu gom rác tại tổ dân phố Ngọc Lan.,Trung tính,Đã xử lý,3.0
PA20260022,2026-04-19,Phường An Thịnh,Cổng DVC quốc gia,Dịch vụ công trực tuyến,"Người cao tuổi khó tự nộp hồ sơ trực tuyến, đề nghị bố trí người hỗ trợ.",Trung tính,Đang xử lý,
PA20260421,2026-04-19,Phường Hoà Lạc,Trực tiếp,An sinh xã hội,Cảm ơn chính quyền đã hỗ trợ nhanh trong đợt ngập vừa qua.,Tích cực,Đã xử lý,14.0
PA20260104,2026-04-19,Xã Tân Phước,Cổng DVC quốc gia,Dịch vụ công trực tuyến,Nộp hồ sơ trực tuyến nhưng hệ thống báo lỗi khi tải tệp đính kèm.,Tiêu cực,Đã xử lý,20.0
PA20260226,2026-04-20,Xã Tân Phước,Cổng DVC quốc gia,Thủ tục hành chính,Xin hỏi thủ tục đăng ký khai sinh cho trẻ sinh ở tỉnh khác thực hiện thế nào?,Trung tính,Chuyển cơ quan khác,
PA20260109,2026-04-20,Phường Kim Sơn,Cổng DVC quốc gia,Môi trường - Đô thị,Tiếng ồn từ công trình xây dựng Bạch Đàn kéo dài đến khuya.,Tiêu cực,Đã xử lý,6.0
PA20260328,2026-04-22,Xã Nam Hải,Trực tiếp,An ninh - Trật tự,Đề nghị lắp thêm camera an ninh tại ngã tư Ngọc Lan.,Trung tính,Đã xử lý,20.0
PA20260292,2026-04-22,Phường Long Phú,Cổng DVC quốc gia,Môi trường - Đô thị,Đề nghị bổ sung thêm điểm thu gom rác tại tổ dân phố Phượng Vỹ.,Trung tính,Đã xử lý,17.0
PA20260002,2026-04-23,Phường Long Phú,Tổng đài 1022,Môi trường - Đô thị,Đề nghị bổ sung thêm điểm thu gom rác tại tổ dân phố Ngọc Lan.,Trung tính,Đã xử lý,5.0
PA20260388,2026-04-27,Phường Long Phú,Cổng DVC quốc gia,Môi trường - Đô thị,Đề nghị bổ sung thêm điểm thu gom rác tại tổ dân phố Ngọc Lan.,Trung tính,Đang xử lý,
PA20260376,2026-04-28,Phường Bình Minh,Trực tiếp,Môi trường - Đô thị,Đề nghị bổ sung thêm điểm thu gom rác tại tổ dân phố số 12.,Trung tính,Đã xử lý,15.0
PA20260279,2026-04-28,Phường Bình Minh,Cổng DVC quốc gia,Thủ tục hành chính,Thời gian chờ tại trung tâm phục vụ hành chính công sáng thứ Hai quá lâu.,Tiêu cực,Đã xử lý,1.0
PA20260236,2026-04-28,Phường An Thịnh,Tổng đài 1022,Thủ tục hành chính,Thời gian chờ tại trung tâm phục vụ hành chính công sáng thứ Hai quá lâu.,Tiêu cực,Đã xử lý,7.0
PA20260237,2026-04-29,Phường Long Phú,Cổng DVC quốc gia,Môi trường - Đô thị,Đề nghị bổ sung thêm điểm thu gom rác tại tổ dân phố số 3.,Trung tính,Đã xử lý,4.0
PA20260317,2026-04-30,Xã Nam Hải,Tổng đài 1022,Hạ tầng - Giao thông,Đèn chiếu sáng công cộng khu vực Bạch Đàn hỏng đã hai tuần chưa được sửa.,Tiêu cực,Đang xử lý,
PA20260201,2026-04-30,Xã Nam Hải,Cổng DVC quốc gia,Dịch vụ công trực tuyến,Nộp hồ sơ trực tuyến nhưng hệ thống báo lỗi khi tải tệp đính kèm.,Tiêu cực,Đã xử lý,6.0
PA20260044,2026-05-01,Xã Nam Hải,Mạng xã hội,Thủ tục hành chính,"Cán bộ một cửa hướng dẫn tận tình, hồ sơ được trả sớm hơn hẹn. Xin cảm ơn.",Tích cực,Đã xử lý,4.0
PA20260024,2026-05-02,Phường Kim Sơn,Cổng DVC quốc gia,Môi trường - Đô thị,"Cây xanh trên tuyến số 21 có nhánh khô, nguy cơ gãy đổ mùa mưa bão.",Tiêu cực,Đang xử lý,
PA20260262,2026-05-02,Phường Long Phú,Mạng xã hội,Trật tự đô thị,Khu vực chợ số 3 họp lấn chiếm lòng đường vào buổi sáng.,Tiêu cực,Đã xử lý,19.0
PA20260244,2026-05-03,Phường Hoà Lạc,Tổng đài 1022,Thủ tục hành chính,Thời gian chờ tại trung tâm phục vụ hành chính công sáng thứ Hai quá lâu.,Tiêu cực,Đã xử lý,12.0
PA20260393,2026-05-03,Phường An Thịnh,Tổng đài 1022,Hạ tầng - Giao thông,Đèn chiếu sáng công cộng khu vực số 3 hỏng đã hai tuần chưa được sửa.,Tiêu cực,Chuyển cơ quan khác,
PA20260355,2026-05-03,Phường Hoà Lạc,Tổng đài 1022,Môi trường - Đô thị,Đề nghị bổ sung thêm điểm thu gom rác tại tổ dân phố Phượng Vỹ.,Trung tính,Đã xử lý,14.0
PA20260003,2026-05-04,Xã Tân Phước,Cổng DVC quốc gia,Thủ tục hành chính,Thời gian chờ tại trung tâm phục vụ hành chính công sáng thứ Hai quá lâu.,Tiêu cực,Đang xử lý,
PA20260203,2026-05-04,Phường Kim Sơn,Mạng xã hội,Dịch vụ công trực tuyến,"Ứng dụng tra cứu tiến độ hồ sơ rất tiện, đề nghị bổ sung thông báo qua tin nhắn.",Tích cực,Đang xử lý,
PA20260116,2026-05-05,Phường Hoà Lạc,Cổng DVC quốc gia,Thủ tục hành chính,Thời gian chờ tại trung tâm phục vụ hành chính công sáng thứ Hai quá lâu.,Tiêu cực,Chuyển cơ quan khác,
PA20260141,2026-05-10,Phường Kim Sơn,Cổng DVC quốc gia,Dịch vụ công trực tuyến,"Người cao tuổi khó tự nộp hồ sơ trực tuyến, đề nghị bố trí người hỗ trợ.",Trung tính,Đã xử lý,9.0
PA20260367,2026-05-12,Phường Kim Sơn,Cổng DVC quốc gia,Môi trường - Đô thị,Tiếng ồn từ công trình xây dựng số 7 kéo dài đến khuya.,Tiêu cực,Đã xử lý,6.0
PA20260009,2026-05-12,Xã Mỹ Trạch,Cổng DVC quốc gia,Môi trường - Đô thị,"Cây xanh trên tuyến số 21 có nhánh khô, nguy cơ gãy đổ mùa mưa bão.",Tiêu cực,Đã xử lý,1.0
PA20260418,2026-05-13,Phường Hoà Lạc,Tổng đài 1022,An sinh xã hội,Hồ sơ trợ cấp xã hội của gia đình đã nộp hơn một tháng chưa có kết quả.,Tiêu cực,Chuyển cơ quan khác,
PA20260196,2026-05-15,Xã Tân Phước,Tổng đài 1022,An sinh xã hội,Hồ sơ trợ cấp xã hội của gia đình đã nộp hơn một tháng chưa có kết quả.,Tiêu cực,Đang xử lý,
PA20260155,2026-05-15,Phường Kim Sơn,Tổng đài 1022,Hạ tầng - Giao thông,"Đường số 12 bị ngập sau mưa lớn, nước rút rất chậm gây khó khăn đi lại.",Tiêu cực,Đã xử lý,8.0
PA20260372,2026-05-15,Phường Hoà Lạc,Cổng DVC quốc gia,Dịch vụ công trực tuyến,"Người cao tuổi khó tự nộp hồ sơ trực tuyến, đề nghị bố trí người hỗ trợ.",Trung tính,Đã xử lý,20.0
PA20260175,2026-05-15,Phường Kim Sơn,Cổng DVC quốc gia,Thủ tục hành chính,"Cán bộ một cửa hướng dẫn tận tình, hồ sơ được trả sớm hơn hẹn. Xin cảm ơn.",Tích cực,Đã xử lý,5.0
PA20260054,2026-05-18,Phường Bình Minh,Tổng đài 1022,Thủ tục hành chính,"Cán bộ một cửa hướng dẫn tận tình, hồ sơ được trả sớm hơn hẹn. Xin cảm ơn.",Tích cực,Đang xử lý,
PA20260194,2026-05-18,Phường Long Phú,Tổng đài 1022,An ninh - Trật tự,Đề nghị lắp thêm camera an ninh tại ngã tư Hoa Mai.,Trung tính,Đã xử lý,9.0
PA20260233,2026-05-18,Xã Mỹ Trạch,Mạng xã hội,An ninh - Trật tự,Đề nghị lắp thêm camera an ninh tại ngã tư Bạch Đàn.,Trung tính,Đang xử lý,
PA20260268,2026-05-18,Phường Hoà Lạc,Tổng đài 1022,Dịch vụ công trực tuyến,Nộp hồ sơ trực tuyến nhưng hệ thống báo lỗi khi tải tệp đính kèm.,Tiêu cực,Đã xử lý,12.0
PA20260378,2026-05-19,Xã Tân Phước,Cổng DVC quốc gia,Dịch vụ công trực tuyến,Nộp hồ sơ trực tuyến nhưng hệ thống báo lỗi khi tải tệp đính kèm.,Tiêu cực,Đã xử lý,11.0
PA20260209,2026-05-19,Phường Bình Minh,Cổng DVC quốc gia,Trật tự đô thị,Khu vực chợ Ngọc Lan họp lấn chiếm lòng đường vào buổi sáng.,Tiêu cực,Đã xử lý,16.0
PA20260012,2026-05-19,Xã Tân Phước,Trực tiếp,Thủ tục hành chính,Thời gian chờ tại trung tâm phục vụ hành chính công sáng thứ Hai quá lâu.,Tiêu cực,Đã xử lý,15.0
PA20260448,2026-05-19,Xã Mỹ Trạch,Trực tiếp,An sinh xã hội,Cảm ơn chính quyền đã hỗ trợ nhanh trong đợt ngập vừa qua.,Tích cực,Đã xử lý,1.0
PA20260015,2026-05-19,Phường An Thịnh,Tổng đài 1022,Thủ tục hành chính,Xin hỏi thủ tục đăng ký khai sinh cho trẻ sinh ở tỉnh khác thực hiện thế nào?,Trung tính,Đang xử lý,
PA20260097,2026-05-20,Phường Kim Sơn,Cổng DVC quốc gia,An sinh xã hội,Cảm ơn chính quyền đã hỗ trợ nhanh trong đợt ngập vừa qua.,Tích cực,Đã xử lý,20.0
PA20260401,2026-05-21,Xã Nam Hải,Tổng đài 1022,Thủ tục hành chính,Thời gian chờ tại trung tâm phục vụ hành chính công sáng thứ Hai quá lâu.,Tiêu cực,Đã xử lý,9.0
PA20260397,2026-05-21,Phường An Thịnh,Cổng DVC quốc gia,Hạ tầng - Giao thông,Đèn chiếu sáng công cộng khu vực Bạch Đàn hỏng đã hai tuần chưa được sửa.,Tiêu cực,Đã xử lý,18.0
PA20260053,2026-05-22,Phường An Thịnh,Tổng đài 1022,An sinh xã hội,Hồ sơ trợ cấp xã hội của gia đình đã nộp hơn một tháng chưa có kết quả.,Tiêu cực,Đã xử lý,14.0
PA20260176,2026-05-23,Xã Mỹ Trạch,Cổng DVC quốc gia,Dịch vụ công trực tuyến,"Ứng dụng tra cứu tiến độ hồ sơ rất tiện, đề nghị bổ sung thông báo qua tin nhắn.",Tích cực,Đã xử lý,18.0
PA20260329,2026-05-23,Xã Tân Phước,Cổng DVC quốc gia,Môi trường - Đô thị,Đề nghị bổ sung thêm điểm thu gom rác tại tổ dân phố số 12.,Trung tính,Đã xử lý,9.0
PA20260350,2026-05-24,Phường Kim Sơn,Cổng DVC quốc gia,Thủ tục hành chính,Xin hỏi thủ tục đăng ký khai sinh cho trẻ sinh ở tỉnh khác thực hiện thế nào?,Trung tính,Đã xử lý,8.0
PA20260438,2026-05-24,Phường An Thịnh,Trực tiếp,Dịch vụ công trực tuyến,"Người cao tuổi khó tự nộp hồ sơ trực tuyến, đề nghị bố trí người hỗ trợ.",Trung tính,Đang xử lý,
PA20260334,2026-05-24,Phường Long Phú,Cổng DVC quốc gia,Môi trường - Đô thị,Tiếng ồn từ công trình xây dựng số 12 kéo dài đến khuya.,Tiêu cực,Đang xử lý,
PA20260363,2026-05-25,Xã Nam Hải,Cổng DVC quốc gia,Dịch vụ công trực tuyến,"Ứng dụng tra cứu tiến độ hồ sơ rất tiện, đề nghị bổ sung thông báo qua tin nhắn.",Tích cực,Đang xử lý,
PA20260166,2026-05-25,Xã Mỹ Trạch,Tổng đài 1022,Dịch vụ công trực tuyến,"Ứng dụng tra cứu tiến độ hồ sơ rất tiện, đề nghị bổ sung thông báo qua tin nhắn.",Tích cực,Đã xử lý,7.0
PA20260271,2026-05-28,Phường An Thịnh,Trực tiếp,Môi trường - Đô thị,"Cây xanh trên tuyến số 7 có nhánh khô, nguy cơ gãy đổ mùa mưa bão.",Tiêu cực,Đã xử lý,4.0
PA20260144,2026-05-29,Xã Mỹ Trạch,Trực tiếp,Công khai - Minh bạch,Đề nghị công khai lịch tiếp công dân của lãnh đạo trên trang thông tin điện tử.,Trung tính,Đã xử lý,7.0
PA20260145,2026-05-29,Phường Kim Sơn,Tổng đài 1022,Dịch vụ công trực tuyến,"Người cao tuổi khó tự nộp hồ sơ trực tuyến, đề nghị bố trí người hỗ trợ.",Trung tính,Đã xử lý,21.0
PA20260250,2026-05-29,Xã Nam Hải,Cổng DVC quốc gia,An sinh xã hội,Hồ sơ trợ cấp xã hội của gia đình đã nộp hơn một tháng chưa có kết quả.,Tiêu cực,Đã xử lý,19.0
PA20260455,2026-05-31,Xã Nam Hải,Tổng đài 1022,Dịch vụ công trực tuyến,"Người cao tuổi khó tự nộp hồ sơ trực tuyến, đề nghị bố trí người hỗ trợ.",Trung tính,Đã xử lý,14.0
PA20260057,2026-06-01,Xã Tân Phước,Mạng xã hội,Trật tự đô thị,Khu vực chợ Bạch Đàn họp lấn chiếm lòng đường vào buổi sáng.,Tiêu cực,Đã xử lý,3.0
PA20260129,2026-06-02,Phường An Thịnh,Cổng DVC quốc gia,Thủ tục hành chính,Thời gian chờ tại trung tâm phục vụ hành chính công sáng thứ Hai quá lâu.,Tiêu cực,Đã xử lý,20.0
PA20260198,2026-06-03,Phường An Thịnh,Tổng đài 1022,Hạ tầng - Giao thông,Đèn chiếu sáng công cộng khu vực Phượng Vỹ hỏng đã hai tuần chưa được sửa.,Tiêu cực,Đã xử lý,4.0
PA20260241,2026-06-03,Phường Bình Minh,Trực tiếp,Trật tự đô thị,Khu vực chợ số 21 họp lấn chiếm lòng đường vào buổi sáng.,Tiêu cực,Đã xử lý,9.0
PA20260391,2026-06-03,Phường Kim Sơn,Cổng DVC quốc gia,Thủ tục hành chính,Thời gian chờ tại trung tâm phục vụ hành chính công sáng thứ Hai quá lâu.,Tiêu cực,Đã xử lý,15.0
PA20260061,2026-06-04,Xã Nam Hải,Tổng đài 1022,Môi trường - Đô thị,"Cây xanh trên tuyến số 21 có nhánh khô, nguy cơ gãy đổ mùa mưa bão.",Tiêu cực,Đã xử lý,6.0
PA20260101,2026-06-06,Phường Long Phú,Tổng đài 1022,An sinh xã hội,Cảm ơn chính quyền đã hỗ trợ nhanh trong đợt ngập vừa qua.,Tích cực,Đã xử lý,21.0
PA20260410,2026-06-07,Phường Bình Minh,Cổng DVC quốc gia,Hạ tầng - Giao thông,Đèn chiếu sáng công cộng khu vực Ngọc Lan hỏng đã hai tuần chưa được sửa.,Tiêu cực,Đã xử lý,4.0
PA20260107,2026-06-07,Phường Kim Sơn,Mạng xã hội,Môi trường - Đô thị,"Cây xanh trên tuyến Bạch Đàn có nhánh khô, nguy cơ gãy đổ mùa mưa bão.",Tiêu cực,Đang xử lý,
PA20260102,2026-06-08,Xã Nam Hải,Tổng đài 1022,Thủ tục hành chính,Thời gian chờ tại trung tâm phục vụ hành chính công sáng thứ Hai quá lâu.,Tiêu cực,Đã xử lý,2.0
PA20260299,2026-06-09,Xã Mỹ Trạch,Tổng đài 1022,An sinh xã hội,Hồ sơ trợ cấp xã hội của gia đình đã nộp hơn một tháng chưa có kết quả.,Tiêu cực,Đã xử lý,13.0
PA20260294,2026-06-09,Xã Nam Hải,Trực tiếp,Công khai - Minh bạch,Đề nghị công khai lịch tiếp công dân của lãnh đạo trên trang thông tin điện tử.,Trung tính,Đã xử lý,13.0
PA20260056,2026-06-09,Phường Long Phú,Cổng DVC quốc gia,Trật tự đô thị,Khu vực chợ Phượng Vỹ họp lấn chiếm lòng đường vào buổi sáng.,Tiêu cực,Đã xử lý,19.0
PA20260426,2026-06-10,Phường Long Phú,Mạng xã hội,Dịch vụ công trực tuyến,"Người cao tuổi khó tự nộp hồ sơ trực tuyến, đề nghị bố trí người hỗ trợ.",Trung tính,Đang xử lý,
PA20260242,2026-06-10,Phường Hoà Lạc,Cổng DVC quốc gia,Trật tự đô thị,Khu vực chợ số 21 họp lấn chiếm lòng đường vào buổi sáng.,Tiêu cực,Đã xử lý,19.0
PA20260351,2026-06-11,Xã Mỹ Trạch,Tổng đài 1022,Dịch vụ công trực tuyến,Nộp hồ sơ trực tuyến nhưng hệ thống báo lỗi khi tải tệp đính kèm.,Tiêu cực,Đã xử lý,9.0
PA20260430,2026-06-12,Xã Mỹ Trạch,Tổng đài 1022,Thủ tục hành chính,"Cán bộ một cửa hướng dẫn tận tình, hồ sơ được trả sớm hơn hẹn. Xin cảm ơn.",Tích cực,Đã xử lý,4.0
PA20260088,2026-06-14,Phường Kim Sơn,Tổng đài 1022,Công khai - Minh bạch,Đề nghị công khai lịch tiếp công dân của lãnh đạo trên trang thông tin điện tử.,Trung tính,Đã xử lý,13.0
PA20260219,2026-06-15,Phường Long Phú,Cổng DVC quốc gia,Hạ tầng - Giao thông,"Đường Ngọc Lan bị ngập sau mưa lớn, nước rút rất chậm gây khó khăn đi lại.",Tiêu cực,Đang xử lý,
PA20260125,2026-06-15,Phường Kim Sơn,Trực tiếp,Hạ tầng - Giao thông,"Đường Hoa Mai bị ngập sau mưa lớn, nước rút rất chậm gây khó khăn đi lại.",Tiêu cực,Đã xử lý,2.0
PA20260390,2026-06-15,Phường Kim Sơn,Cổng DVC quốc gia,Môi trường - Đô thị,Đề nghị bổ sung thêm điểm thu gom rác tại tổ dân phố số 21.,Trung tính,Đã xử lý,8.0
PA20260354,2026-06-16,Phường Bình Minh,Trực tiếp,Dịch vụ công trực tuyến,"Ứng dụng tra cứu tiến độ hồ sơ rất tiện, đề nghị bổ sung thông báo qua tin nhắn.",Tích cực,Đang xử lý,
PA20260023,2026-06-16,Phường Kim Sơn,Trực tiếp,An ninh - Trật tự,Đề nghị lắp thêm camera an ninh tại ngã tư số 3.,Trung tính,Đã xử lý,15.0
PA20260434,2026-06-16,Xã Nam Hải,Cổng DVC quốc gia,Thủ tục hành chính,"Cán bộ một cửa hướng dẫn tận tình, hồ sơ được trả sớm hơn hẹn. Xin cảm ơn.",Tích cực,Đã xử lý,4.0
PA20260306,2026-06-18,Phường Hoà Lạc,Trực tiếp,Thủ tục hành chính,Thời gian chờ tại trung tâm phục vụ hành chính công sáng thứ Hai quá lâu.,Tiêu cực,Đang xử lý,
PA20260435,2026-06-18,Xã Mỹ Trạch,Tổng đài 1022,Môi trường - Đô thị,Đề nghị bổ sung thêm điểm thu gom rác tại tổ dân phố Phượng Vỹ.,Trung tính,Đang xử lý,
PA20260164,2026-06-19,Phường Long Phú,Tổng đài 1022,Dịch vụ công trực tuyến,Nộp hồ sơ trực tuyến nhưng hệ thống báo lỗi khi tải tệp đính kèm.,Tiêu cực,Đã xử lý,11.0
PA20260385,2026-06-20,Phường Kim Sơn,Cổng DVC quốc gia,Môi trường - Đô thị,Tiếng ồn từ công trình xây dựng số 3 kéo dài đến khuya.,Tiêu cực,Đã xử lý,13.0
PA20260059,2026-06-20,Phường An Thịnh,Tổng đài 1022,Thủ tục hành chính,Xin hỏi thủ tục đăng ký khai sinh cho trẻ sinh ở tỉnh khác thực hiện thế nào?,Trung tính,Đã xử lý,8.0
PA20260013,2026-06-20,Phường Hoà Lạc,Trực tiếp,An sinh xã hội,Cảm ơn chính quyền đã hỗ trợ nhanh trong đợt ngập vừa qua.,Tích cực,Chuyển cơ quan khác,
PA20260296,2026-06-20,Phường Kim Sơn,Cổng DVC quốc gia,Dịch vụ công trực tuyến,"Người cao tuổi khó tự nộp hồ sơ trực tuyến, đề nghị bố trí người hỗ trợ.",Trung tính,Đang xử lý,
PA20260269,2026-06-22,Phường An Thịnh,Cổng DVC quốc gia,Trật tự đô thị,Khu vực chợ số 21 họp lấn chiếm lòng đường vào buổi sáng.,Tiêu cực,Đã xử lý,6.0
PA20260238,2026-06-22,Phường Hoà Lạc,Cổng DVC quốc gia,An sinh xã hội,Cảm ơn chính quyền đã hỗ trợ nhanh trong đợt ngập vừa qua.,Tích cực,Đã xử lý,9.0
PA20260077,2026-06-24,Xã Tân Phước,Cổng DVC quốc gia,Hạ tầng - Giao thông,"Đường Ngọc Lan bị ngập sau mưa lớn, nước rút rất chậm gây khó khăn đi lại.",Tiêu cực,Đã xử lý,10.0
PA20260063,2026-06-24,Xã Nam Hải,Cổng DVC quốc gia,An sinh xã hội,Cảm ơn chính quyền đã hỗ trợ nhanh trong đợt ngập vừa qua.,Tích cực,Đang xử lý,
PA20260231,2026-06-24,Phường Long Phú,Cổng DVC quốc gia,Thủ tục hành chính,Thời gian chờ tại trung tâm phục vụ hành chính công sáng thứ Hai quá lâu.,Tiêu cực,Đã xử lý,9.0
PA20260139,2026-06-26,Phường An Thịnh,Cổng DVC quốc gia,Thủ tục hành chính,Xin hỏi thủ tục đăng ký khai sinh cho trẻ sinh ở tỉnh khác thực hiện thế nào?,Trung tính,Đã xử lý,21.0
PA20260325,2026-06-26,Phường Long Phú,Tổng đài 1022,Môi trường - Đô thị,"Cây xanh trên tuyến Ngọc Lan có nhánh khô, nguy cơ gãy đổ mùa mưa bão.",Tiêu cực,Đã xử lý,10.0
PA20260293,2026-06-27,Phường Long Phú,Mạng xã hội,Môi trường - Đô thị,Đề nghị bổ sung thêm điểm thu gom rác tại tổ dân phố Ngọc Lan.,Trung tính,Đang xử lý,
PA20260300,2026-06-28,Phường Kim Sơn,Cổng DVC quốc gia,Thủ tục hành chính,Xin hỏi thủ tục đăng ký khai sinh cho trẻ sinh ở tỉnh khác thực hiện thế nào?,Trung tính,Đã xử lý,12.0
PA20260315,2026-06-28,Xã Nam Hải,Tổng đài 1022,Môi trường - Đô thị,Tiếng ồn từ công trình xây dựng số 21 kéo dài đến khuya.,Tiêu cực,Đang xử lý,
PA20260202,2026-06-29,Phường Kim Sơn,Cổng DVC quốc gia,An ninh - Trật tự,Đề nghị lắp thêm camera an ninh tại ngã tư Phượng Vỹ.,Trung tính,Đã xử lý,1.0
PA20260415,2026-06-29,Phường An Thịnh,Cổng DVC quốc gia,An sinh xã hội,Hồ sơ trợ cấp xã hội của gia đình đã nộp hơn một tháng chưa có kết quả.,Tiêu cực,Đang xử lý,
PA20260029,2026-07-02,Xã Mỹ Trạch,Tổng đài 1022,Môi trường - Đô thị,Đề nghị bổ sung thêm điểm thu gom rác tại tổ dân phố Bạch Đàn.,Trung tính,Chuyển cơ quan khác,
PA20260302,2026-07-04,Xã Nam Hải,Trực tiếp,Hạ tầng - Giao thông,Đèn chiếu sáng công cộng khu vực số 3 hỏng đã hai tuần chưa được sửa.,Tiêu cực,Đã xử lý,13.0
PA20260210,2026-07-09,Phường An Thịnh,Trực tiếp,Hạ tầng - Giao thông,Đèn chiếu sáng công cộng khu vực số 12 hỏng đã hai tuần chưa được sửa.,Tiêu cực,Chuyển cơ quan khác,
PA20260060,2026-07-09,Xã Tân Phước,Cổng DVC quốc gia,Môi trường - Đô thị,Tiếng ồn từ công trình xây dựng số 7 kéo dài đến khuya.,Tiêu cực,Đã xử lý,19.0
PA20260183,2026-07-10,Phường Kim Sơn,Trực tiếp,Hạ tầng - Giao thông,Đèn chiếu sáng công cộng khu vực số 12 hỏng đã hai tuần chưa được sửa.,Tiêu cực,Đã xử lý,19.0
PA20260143,2026-07-10,Xã Tân Phước,Tổng đài 1022,Môi trường - Đô thị,Tiếng ồn từ công trình xây dựng Phượng Vỹ kéo dài đến khuya.,Tiêu cực,Đang xử lý,
PA20260330,2026-07-11,Xã Mỹ Trạch,Cổng DVC quốc gia,Hạ tầng - Giao thông,Đèn chiếu sáng công cộng khu vực số 21 hỏng đã hai tuần chưa được sửa.,Tiêu cực,Đang xử lý,
PA20260211,2026-07-12,Xã Tân Phước,Trực tiếp,Thủ tục hành chính,Xin hỏi thủ tục đăng ký khai sinh cho trẻ sinh ở tỉnh khác thực hiện thế nào?,Trung tính,Đã xử lý,1.0
PA20260188,2026-07-12,Phường Bình Minh,Tổng đài 1022,Hạ tầng - Giao thông,Đèn chiếu sáng công cộng khu vực Phượng Vỹ hỏng đã hai tuần chưa được sửa.,Tiêu cực,Đang xử lý,
PA20260265,2026-07-13,Xã Tân Phước,Cổng DVC quốc gia,Môi trường - Đô thị,Đề nghị bổ sung thêm điểm thu gom rác tại tổ dân phố Bạch Đàn.,Trung tính,Đang xử lý,
PA20260353,2026-07-13,Phường Kim Sơn,Tổng đài 1022,Hạ tầng - Giao thông,"Đường Hoa Mai bị ngập sau mưa lớn, nước rút rất chậm gây khó khăn đi lại.",Tiêu cực,Đã xử lý,6.0
PA20260093,2026-07-14,Phường Bình Minh,Tổng đài 1022,Công khai - Minh bạch,Đề nghị công khai lịch tiếp công dân của lãnh đạo trên trang thông tin điện tử.,Trung tính,Đã xử lý,15.0
PA20260398,2026-07-16,Phường Kim Sơn,Cổng DVC quốc gia,Dịch vụ công trực tuyến,"Ứng dụng tra cứu tiến độ hồ sơ rất tiện, đề nghị bổ sung thông báo qua tin nhắn.",Tích cực,Đã xử lý,12.0
PA20260032,2026-07-16,Phường Kim Sơn,Trực tiếp,Công khai - Minh bạch,Đề nghị công khai lịch tiếp công dân của lãnh đạo trên trang thông tin điện tử.,Trung tính,Đã xử lý,13.0
PA20260239,2026-07-16,Phường Kim Sơn,Mạng xã hội,An sinh xã hội,Hồ sơ trợ cấp xã hội của gia đình đã nộp hơn một tháng chưa có kết quả.,Tiêu cực,Đã xử lý,12.0
PA20260213,2026-07-19,Phường Long Phú,Trực tiếp,Môi trường - Đô thị,Đề nghị bổ sung thêm điểm thu gom rác tại tổ dân phố số 3.,Trung tính,Đã xử lý,13.0
PA20260180,2026-07-20,Phường An Thịnh,Tổng đài 1022,Môi trường - Đô thị,Tiếng ồn từ công trình xây dựng số 21 kéo dài đến khuya.,Tiêu cực,Đã xử lý,2.0
PA20260446,2026-07-20,Xã Mỹ Trạch,Trực tiếp,Hạ tầng - Giao thông,Đèn chiếu sáng công cộng khu vực Phượng Vỹ hỏng đã hai tuần chưa được sửa.,Tiêu cực,Đã xử lý,21.0
PA20260090,2026-07-22,Phường Kim Sơn,Trực tiếp,Thủ tục hành chính,Thời gian chờ tại trung tâm phục vụ hành chính công sáng thứ Hai quá lâu.,Tiêu cực,Chuyển cơ quan khác,
PA20260200,2026-07-22,Phường An Thịnh,Cổng DVC quốc gia,Dịch vụ công trực tuyến,"Người cao tuổi khó tự nộp hồ sơ trực tuyến, đề nghị bố trí người hỗ trợ.",Trung tính,Đã xử lý,15.0
PA20260092,2026-07-23,Xã Nam Hải,Tổng đài 1022,Hạ tầng - Giao thông,Đèn chiếu sáng công cộng khu vực Hoa Mai hỏng đã hai tuần chưa được sửa.,Tiêu cực,Chuyển cơ quan khác,
PA20260167,2026-07-24,Phường Kim Sơn,Tổng đài 1022,Hạ tầng - Giao thông,"Đường số 7 bị ngập sau mưa lớn, nước rút rất chậm gây khó khăn đi lại.",Tiêu cực,Đã xử lý,7.0
PA20260297,2026-07-25,Xã Nam Hải,Trực tiếp,Hạ tầng - Giao thông,"Đường số 12 bị ngập sau mưa lớn, nước rút rất chậm gây khó khăn đi lại.",Tiêu cực,Đã xử lý,7.0
PA20260249,2026-07-27,Xã Mỹ Trạch,Cổng DVC quốc gia,Dịch vụ công trực tuyến,"Người cao tuổi khó tự nộp hồ sơ trực tuyến, đề nghị bố trí người hỗ trợ.",Trung tính,Đã xử lý,16.0
PA20260019,2026-07-27,Xã Tân Phước,Trực tiếp,Hạ tầng - Giao thông,Đèn chiếu sáng công cộng khu vực Phượng Vỹ hỏng đã hai tuần chưa được sửa.,Tiêu cực,Đang xử lý,
PA20260254,2026-07-27,Phường An Thịnh,Cổng DVC quốc gia,An sinh xã hội,Hồ sơ trợ cấp xã hội của gia đình đã nộp hơn một tháng chưa có kết quả.,Tiêu cực,Đã xử lý,13.0
PA20260113,2026-07-28,Phường Hoà Lạc,Cổng DVC quốc gia,Dịch vụ công trực tuyến,Nộp hồ sơ trực tuyến nhưng hệ thống báo lỗi khi tải tệp đính kèm.,Tiêu cực,Đang xử lý,
PA20260365,2026-07-29,Phường An Thịnh,Cổng DVC quốc gia,Thủ tục hành chính,"Cán bộ một cửa hướng dẫn tận tình, hồ sơ được trả sớm hơn hẹn. Xin cảm ơn.",Tích cực,Đã xử lý,20.0
PA20260436,2026-08-02,Phường Long Phú,Trực tiếp,Môi trường - Đô thị,"Cây xanh trên tuyến số 12 có nhánh khô, nguy cơ gãy đổ mùa mưa bão.",Tiêu cực,Đã xử lý,17.0
PA20260414,2026-08-03,Phường Kim Sơn,Cổng DVC quốc gia,An ninh - Trật tự,Đề nghị lắp thêm camera an ninh tại ngã tư số 7.,Trung tính,Đã xử lý,19.0
PA20260026,2026-08-04,Xã Mỹ Trạch,Mạng xã hội,Dịch vụ công trực tuyến,Nộp hồ sơ trực tuyến nhưng hệ thống báo lỗi khi tải tệp đính kèm.,Tiêu cực,Đang xử lý,
PA20260316,2026-08-05,Phường Hoà Lạc,Tổng đài 1022,Môi trường - Đô thị,"Cây xanh trên tuyến Ngọc Lan có nhánh khô, nguy cơ gãy đổ mùa mưa bão.",Tiêu cực,Đã xử lý,2.0
PA20260305,2026-08-05,Phường Kim Sơn,Trực tiếp,Thủ tục hành chính,Xin hỏi thủ tục đăng ký khai sinh cho trẻ sinh ở tỉnh khác thực hiện thế nào?,Trung tính,Đang xử lý,
PA20260215,2026-08-05,Xã Mỹ Trạch,Cổng DVC quốc gia,Môi trường - Đô thị,Đề nghị bổ sung thêm điểm thu gom rác tại tổ dân phố số 21.,Trung tính,Đã xử lý,11.0
PA20260281,2026-08-06,Phường An Thịnh,Cổng DVC quốc gia,Dịch vụ công trực tuyến,Nộp hồ sơ trực tuyến nhưng hệ thống báo lỗi khi tải tệp đính kèm.,Tiêu cực,Đã xử lý,17.0
PA20260425,2026-08-06,Xã Mỹ Trạch,Tổng đài 1022,Hạ tầng - Giao thông,"Đường số 7 bị ngập sau mưa lớn, nước rút rất chậm gây khó khăn đi lại.",Tiêu cực,Đã xử lý,18.0
PA20260373,2026-08-07,Phường An Thịnh,Cổng DVC quốc gia,An ninh - Trật tự,Đề nghị lắp thêm camera an ninh tại ngã tư Bạch Đàn.,Trung tính,Đã xử lý,9.0
PA20260187,2026-08-07,Xã Mỹ Trạch,Cổng DVC quốc gia,Công khai - Minh bạch,Đề nghị công khai lịch tiếp công dân của lãnh đạo trên trang thông tin điện tử.,Trung tính,Đã xử lý,5.0
PA20260159,2026-08-08,Xã Mỹ Trạch,Tổng đài 1022,Dịch vụ công trực tuyến,Nộp hồ sơ trực tuyến nhưng hệ thống báo lỗi khi tải tệp đính kèm.,Tiêu cực,Đã xử lý,11.0
PA20260298,2026-08-09,Xã Tân Phước,Tổng đài 1022,Hạ tầng - Giao thông,"Đường số 3 bị ngập sau mưa lớn, nước rút rất chậm gây khó khăn đi lại.",Tiêu cực,Đã xử lý,15.0
PA20260383,2026-08-09,Phường An Thịnh,Cổng DVC quốc gia,Hạ tầng - Giao thông,Đèn chiếu sáng công cộng khu vực Ngọc Lan hỏng đã hai tuần chưa được sửa.,Tiêu cực,Đang xử lý,
PA20260066,2026-08-09,Phường Hoà Lạc,Tổng đài 1022,Môi trường - Đô thị,Đề nghị bổ sung thêm điểm thu gom rác tại tổ dân phố số 21.,Trung tính,Đang xử lý,
PA20260124,2026-08-10,Phường Kim Sơn,Tổng đài 1022,Hạ tầng - Giao thông,"Đường số 21 bị ngập sau mưa lớn, nước rút rất chậm gây khó khăn đi lại.",Tiêu cực,Chuyển cơ quan khác,
PA20260442,2026-08-10,Phường Long Phú,Mạng xã hội,Hạ tầng - Giao thông,Đèn chiếu sáng công cộng khu vực số 7 hỏng đã hai tuần chưa được sửa.,Tiêu cực,Đã xử lý,1.0
PA20260068,2026-08-10,Phường Hoà Lạc,Trực tiếp,Môi trường - Đô thị,"Cây xanh trên tuyến số 7 có nhánh khô, nguy cơ gãy đổ mùa mưa bão.",Tiêu cực,Đã xử lý,10.0
PA20260080,2026-08-10,Phường Bình Minh,Tổng đài 1022,Trật tự đô thị,Khu vực chợ Bạch Đàn họp lấn chiếm lòng đường vào buổi sáng.,Tiêu cực,Đang xử lý,
PA20260407,2026-08-12,Phường Kim Sơn,Trực tiếp,Thủ tục hành chính,Thời gian chờ tại trung tâm phục vụ hành chính công sáng thứ Hai quá lâu.,Tiêu cực,Đang xử lý,
PA20260402,2026-08-12,Phường Long Phú,Trực tiếp,Môi trường - Đô thị,"Cây xanh trên tuyến Bạch Đàn có nhánh khô, nguy cơ gãy đổ mùa mưa bão.",Tiêu cực,Đang xử lý,
PA20260381,2026-08-12,Phường Kim Sơn,Cổng DVC quốc gia,Dịch vụ công trực tuyến,"Người cao tuổi khó tự nộp hồ sơ trực tuyến, đề nghị bố trí người hỗ trợ.",Trung tính,Đã xử lý,19.0
PA20260217,2026-08-13,Xã Tân Phước,Tổng đài 1022,Dịch vụ công trực tuyến,"Ứng dụng tra cứu tiến độ hồ sơ rất tiện, đề nghị bổ sung thông báo qua tin nhắn.",Tích cực,Đã xử lý,19.0
PA20260344,2026-08-21,Xã Tân Phước,Tổng đài 1022,An sinh xã hội,Cảm ơn chính quyền đã hỗ trợ nhanh trong đợt ngập vừa qua.,Tích cực,Đã xử lý,7.0
PA20260221,2026-08-23,Xã Nam Hải,Trực tiếp,Công khai - Minh bạch,Đề nghị công khai lịch tiếp công dân của lãnh đạo trên trang thông tin điện tử.,Trung tính,Đã xử lý,6.0
PA20260261,2026-08-24,Phường Bình Minh,Cổng DVC quốc gia,Trật tự đô thị,Khu vực chợ Ngọc Lan họp lấn chiếm lòng đường vào buổi sáng.,Tiêu cực,Đang xử lý,
PA20260276,2026-08-25,Phường Hoà Lạc,Cổng DVC quốc gia,Trật tự đô thị,Khu vực chợ Ngọc Lan họp lấn chiếm lòng đường vào buổi sáng.,Tiêu cực,Đã xử lý,9.0
PA20260403,2026-08-25,Phường Bình Minh,Mạng xã hội,Hạ tầng - Giao thông,Đèn chiếu sáng công cộng khu vực số 3 hỏng đã hai tuần chưa được sửa.,Tiêu cực,Đã xử lý,15.0
PA20260405,2026-08-25,Phường Kim Sơn,Tổng đài 1022,An sinh xã hội,Cảm ơn chính quyền đã hỗ trợ nhanh trong đợt ngập vừa qua.,Tích cực,Đang xử lý,
PA20260427,2026-08-26,Xã Mỹ Trạch,Mạng xã hội,An sinh xã hội,Cảm ơn chính quyền đã hỗ trợ nhanh trong đợt ngập vừa qua.,Tích cực,Đã xử lý,1.0
PA20260256,2026-08-26,Xã Tân Phước,Tổng đài 1022,Hạ tầng - Giao thông,"Đường số 7 bị ngập sau mưa lớn, nước rút rất chậm gây khó khăn đi lại.",Tiêu cực,Đang xử lý,
PA20260147,2026-08-29,Xã Mỹ Trạch,Tổng đài 1022,Dịch vụ công trực tuyến,"Ứng dụng tra cứu tiến độ hồ sơ rất tiện, đề nghị bổ sung thông báo qua tin nhắn.",Tích cực,Đã xử lý,18.0
PA20260387,2026-08-31,Xã Mỹ Trạch,Cổng DVC quốc gia,Môi trường - Đô thị,Đề nghị bổ sung thêm điểm thu gom rác tại tổ dân phố Ngọc Lan.,Trung tính,Đã xử lý,2.0
PA20260048,2026-09-03,Xã Nam Hải,Mạng xã hội,An ninh - Trật tự,Đề nghị lắp thêm camera an ninh tại ngã tư Phượng Vỹ.,Trung tính,Đã xử lý,18.0
PA20260128,2026-09-03,Phường Bình Minh,Cổng DVC quốc gia,Môi trường - Đô thị,"Cây xanh trên tuyến Phượng Vỹ có nhánh khô, nguy cơ gãy đổ mùa mưa bão.",Tiêu cực,Đang xử lý,
PA20260374,2026-09-04,Phường Long Phú,Cổng DVC quốc gia,Dịch vụ công trực tuyến,"Ứng dụng tra cứu tiến độ hồ sơ rất tiện, đề nghị bổ sung thông báo qua tin nhắn.",Tích cực,Đã xử lý,2.0
PA20260156,2026-09-05,Xã Tân Phước,Tổng đài 1022,An sinh xã hội,Hồ sơ trợ cấp xã hội của gia đình đã nộp hơn một tháng chưa có kết quả.,Tiêu cực,Đang xử lý,
PA20260389,2026-09-05,Phường Bình Minh,Cổng DVC quốc gia,Công khai - Minh bạch,Đề nghị công khai lịch tiếp công dân của lãnh đạo trên trang thông tin điện tử.,Trung tính,Đang xử lý,
PA20260246,2026-09-05,Phường Hoà Lạc,Cổng DVC quốc gia,Công khai - Minh bạch,Đề nghị công khai lịch tiếp công dân của lãnh đạo trên trang thông tin điện tử.,Trung tính,Đang xử lý,
PA20260161,2026-09-06,Phường Long Phú,Tổng đài 1022,Môi trường - Đô thị,Đề nghị bổ sung thêm điểm thu gom rác tại tổ dân phố số 21.,Trung tính,Đã xử lý,6.0
PA20260115,2026-09-06,Phường Kim Sơn,Tổng đài 1022,Môi trường - Đô thị,Đề nghị bổ sung thêm điểm thu gom rác tại tổ dân phố số 7.,Trung tính,Đã xử lý,3.0
PA20260078,2026-09-08,Phường An Thịnh,Cổng DVC quốc gia,Dịch vụ công trực tuyến,"Ứng dụng tra cứu tiến độ hồ sơ rất tiện, đề nghị bổ sung thông báo qua tin nhắn.",Tích cực,Đã xử lý,19.0
PA20260272,2026-09-09,Xã Tân Phước,Trực tiếp,Hạ tầng - Giao thông,"Đường số 12 bị ngập sau mưa lớn, nước rút rất chậm gây khó khăn đi lại.",Tiêu cực,Đang xử lý,
PA20260112,2026-09-10,Xã Nam Hải,Trực tiếp,Môi trường - Đô thị,Tiếng ồn từ công trình xây dựng Phượng Vỹ kéo dài đến khuya.,Tiêu cực,Đã xử lý,19.0
PA20260150,2026-09-11,Phường An Thịnh,Tổng đài 1022,Dịch vụ công trực tuyến,"Người cao tuổi khó tự nộp hồ sơ trực tuyến, đề nghị bố trí người hỗ trợ.",Trung tính,Đã xử lý,16.0
PA20260117,2026-09-11,Phường Kim Sơn,Cổng DVC quốc gia,Công khai - Minh bạch,Đề nghị công khai lịch tiếp công dân của lãnh đạo trên trang thông tin điện tử.,Trung tính,Đã xử lý,1.0
PA20260395,2026-09-13,Phường An Thịnh,Mạng xã hội,Dịch vụ công trực tuyến,Nộp hồ sơ trực tuyến nhưng hệ thống báo lỗi khi tải tệp đính kèm.,Tiêu cực,Đã xử lý,4.0
PA20260290,2026-09-14,Phường Long Phú,Cổng DVC quốc gia,Môi trường - Đô thị,Đề nghị bổ sung thêm điểm thu gom rác tại tổ dân phố số 12.,Trung tính,Đã xử lý,7.0
PA20260452,2026-09-16,Phường Hoà Lạc,Trực tiếp,Môi trường - Đô thị,Tiếng ồn từ công trình xây dựng Ngọc Lan kéo dài đến khuya.,Tiêu cực,Đã xử lý,18.0
PA20260291,2026-09-16,Phường An Thịnh,Tổng đài 1022,Dịch vụ công trực tuyến,"Ứng dụng tra cứu tiến độ hồ sơ rất tiện, đề nghị bổ sung thông báo qua tin nhắn.",Tích cực,Đã xử lý,12.0
PA20260406,2026-09-16,Phường Bình Minh,Tổng đài 1022,Môi trường - Đô thị,Đề nghị bổ sung thêm điểm thu gom rác tại tổ dân phố Ngọc Lan.,Trung tính,Đã xử lý,16.0
PA20260319,2026-09-16,Phường Hoà Lạc,Cổng DVC quốc gia,Thủ tục hành chính,"Cán bộ một cửa hướng dẫn tận tình, hồ sơ được trả sớm hơn hẹn. Xin cảm ơn.",Tích cực,Đã xử lý,19.0
PA20260362,2026-09-17,Phường Hoà Lạc,Tổng đài 1022,An ninh - Trật tự,Đề nghị lắp thêm camera an ninh tại ngã tư Bạch Đàn.,Trung tính,Đã xử lý,12.0
PA20260179,2026-09-18,Phường Kim Sơn,Tổng đài 1022,Hạ tầng - Giao thông,"Đường Phượng Vỹ bị ngập sau mưa lớn, nước rút rất chậm gây khó khăn đi lại.",Tiêu cực,Đã xử lý,6.0
PA20260197,2026-09-18,Phường Long Phú,Tổng đài 1022,Môi trường - Đô thị,"Cây xanh trên tuyến Phượng Vỹ có nhánh khô, nguy cơ gãy đổ mùa mưa bão.",Tiêu cực,Đang xử lý,
PA20260185,2026-09-19,Phường Long Phú,Cổng DVC quốc gia,Môi trường - Đô thị,"Cây xanh trên tuyến số 21 có nhánh khô, nguy cơ gãy đổ mùa mưa bão.",Tiêu cực,Đã xử lý,21.0
PA20260235,2026-09-20,Phường Long Phú,Trực tiếp,Công khai - Minh bạch,Đề nghị công khai lịch tiếp công dân của lãnh đạo trên trang thông tin điện tử.,Trung tính,Đang xử lý,
PA20260277,2026-09-21,Phường An Thịnh,Trực tiếp,Hạ tầng - Giao thông,"Đường Ngọc Lan bị ngập sau mưa lớn, nước rút rất chậm gây khó khăn đi lại.",Tiêu cực,Đã xử lý,7.0
PA20260173,2026-09-22,Xã Mỹ Trạch,Cổng DVC quốc gia,Thủ tục hành chính,Thời gian chờ tại trung tâm phục vụ hành chính công sáng thứ Hai quá lâu.,Tiêu cực,Đã xử lý,6.0
PA20260257,2026-09-24,Phường Bình Minh,Trực tiếp,Dịch vụ công trực tuyến,Nộp hồ sơ trực tuyến nhưng hệ thống báo lỗi khi tải tệp đính kèm.,Tiêu cực,Đang xử lý,
PA20260182,2026-09-24,Phường Bình Minh,Tổng đài 1022,Dịch vụ công trực tuyến,"Ứng dụng tra cứu tiến độ hồ sơ rất tiện, đề nghị bổ sung thông báo qua tin nhắn.",Tích cực,Đang xử lý,
PA20260027,2026-09-25,Phường An Thịnh,Cổng DVC quốc gia,Công khai - Minh bạch,Đề nghị công khai lịch tiếp công dân của lãnh đạo trên trang thông tin điện tử.,Trung tính,Đã xử lý,19.0
PA20260423,2026-09-26,Phường Kim Sơn,Trực tiếp,Dịch vụ công trực tuyến,"Người cao tuổi khó tự nộp hồ sơ trực tuyến, đề nghị bố trí người hỗ trợ.",Trung tính,Đang xử lý,
PA20260224,2026-09-26,Phường Kim Sơn,Cổng DVC quốc gia,Hạ tầng - Giao thông,Đèn chiếu sáng công cộng khu vực Bạch Đàn hỏng đã hai tuần chưa được sửa.,Tiêu cực,Đã xử lý,3.0
PA20260345,2026-09-26,Phường Long Phú,Cổng DVC quốc gia,Thủ tục hành chính,Thời gian chờ tại trung tâm phục vụ hành chính công sáng thứ Hai quá lâu.,Tiêu cực,Đang xử lý,
PA20260153,2026-09-27,Phường Hoà Lạc,Cổng DVC quốc gia,Thủ tục hành chính,Thời gian chờ tại trung tâm phục vụ hành chính công sáng thứ Hai quá lâu.,Tiêu cực,Đã xử lý,10.0
PA20260266,2026-09-27,Phường Bình Minh,Tổng đài 1022,An sinh xã hội,Hồ sơ trợ cấp xã hội của gia đình đã nộp hơn một tháng chưa có kết quả.,Tiêu cực,Đã xử lý,15.0
PA20260132,2026-09-28,Xã Mỹ Trạch,Trực tiếp,Môi trường - Đô thị,Tiếng ồn từ công trình xây dựng số 3 kéo dài đến khuya.,Tiêu cực,Đang xử lý,
PA20260205,2026-09-29,Phường Long Phú,Cổng DVC quốc gia,Thủ tục hành chính,Thời gian chờ tại trung tâm phục vụ hành chính công sáng thứ Hai quá lâu.,Tiêu cực,Đang xử lý,
PA20260071,2026-09-30,Phường An Thịnh,Cổng DVC quốc gia,An sinh xã hội,Hồ sơ trợ cấp xã hội của gia đình đã nộp hơn một tháng chưa có kết quả.,Tiêu cực,Đang xử lý,
PA20260158,2026-09-30,Phường Long Phú,Tổng đài 1022,Dịch vụ công trực tuyến,Nộp hồ sơ trực tuyến nhưng hệ thống báo lỗi khi tải tệp đính kèm.,Tiêu cực,Đã xử lý,17.0
PA20260229,2026-10-02,Phường Hoà Lạc,Tổng đài 1022,Dịch vụ công trực tuyến,Nộp hồ sơ trực tuyến nhưng hệ thống báo lỗi khi tải tệp đính kèm.,Tiêu cực,Đã xử lý,20.0
PA20260264,2026-10-02,Phường Bình Minh,Cổng DVC quốc gia,Môi trường - Đô thị,Tiếng ồn từ công trình xây dựng Phượng Vỹ kéo dài đến khuya.,Tiêu cực,Đang xử lý,
PA20260025,2026-10-02,Phường Kim Sơn,Cổng DVC quốc gia,Hạ tầng - Giao thông,"Đường Phượng Vỹ bị ngập sau mưa lớn, nước rút rất chậm gây khó khăn đi lại.",Tiêu cực,Đã xử lý,18.0
PA20260327,2026-10-02,Phường An Thịnh,Trực tiếp,Thủ tục hành chính,Xin hỏi thủ tục đăng ký khai sinh cho trẻ sinh ở tỉnh khác thực hiện thế nào?,Trung tính,Đã xử lý,10.0
PA20260318,2026-10-02,Phường Kim Sơn,Cổng DVC quốc gia,Thủ tục hành chính,Xin hỏi thủ tục đăng ký khai sinh cho trẻ sinh ở tỉnh khác thực hiện thế nào?,Trung tính,Đang xử lý,
PA20260042,2026-10-03,Xã Tân Phước,Tổng đài 1022,Công khai - Minh bạch,Đề nghị công khai lịch tiếp công dân của lãnh đạo trên trang thông tin điện tử.,Trung tính,Đã xử lý,5.0
PA20260207,2026-10-04,Phường Hoà Lạc,Tổng đài 1022,An sinh xã hội,Hồ sơ trợ cấp xã hội của gia đình đã nộp hơn một tháng chưa có kết quả.,Tiêu cực,Đang xử lý,
PA20260084,2026-10-05,Phường Bình Minh,Cổng DVC quốc gia,Thủ tục hành chính,Xin hỏi thủ tục đăng ký khai sinh cho trẻ sinh ở tỉnh khác thực hiện thế nào?,Trung tính,Đang xử lý,
PA20260451,2026-10-05,Phường Hoà Lạc,Mạng xã hội,Hạ tầng - Giao thông,Đèn chiếu sáng công cộng khu vực Bạch Đàn hỏng đã hai tuần chưa được sửa.,Tiêu cực,Đã xử lý,19.0
PA20260086,2026-10-06,Xã Tân Phước,Tổng đài 1022,Trật tự đô thị,Khu vực chợ số 21 họp lấn chiếm lòng đường vào buổi sáng.,Tiêu cực,Đã xử lý,8.0
PA20260332,2026-10-07,Phường Long Phú,Trực tiếp,Thủ tục hành chính,Xin hỏi thủ tục đăng ký khai sinh cho trẻ sinh ở tỉnh khác thực hiện thế nào?,Trung tính,Đã xử lý,12.0
PA20260333,2026-10-09,Xã Tân Phước,Trực tiếp,Môi trường - Đô thị,Đề nghị bổ sung thêm điểm thu gom rác tại tổ dân phố số 3.,Trung tính,Đã xử lý,7.0
PA20260065,2026-10-09,Phường Kim Sơn,Tổng đài 1022,Trật tự đô thị,Khu vực chợ số 7 họp lấn chiếm lòng đường vào buổi sáng.,Tiêu cực,Đã xử lý,7.0
PA20260089,2026-10-10,Phường An Thịnh,Tổng đài 1022,Hạ tầng - Giao thông,Đèn chiếu sáng công cộng khu vực số 7 hỏng đã hai tuần chưa được sửa.,Tiêu cực,Đã xử lý,5.0
PA20260432,2026-10-10,Xã Tân Phước,Tổng đài 1022,An sinh xã hội,Hồ sơ trợ cấp xã hội của gia đình đã nộp hơn một tháng chưa có kết quả.,Tiêu cực,Đang xử lý,
PA20260394,2026-10-11,Phường An Thịnh,Tổng đài 1022,Thủ tục hành chính,Thời gian chờ tại trung tâm phục vụ hành chính công sáng thứ Hai quá lâu.,Tiêu cực,Đã xử lý,4.0
PA20260050,2026-10-11,Xã Mỹ Trạch,Cổng DVC quốc gia,Trật tự đô thị,Khu vực chợ Bạch Đàn họp lấn chiếm lòng đường vào buổi sáng.,Tiêu cực,Đã xử lý,8.0
PA20260459,2026-10-14,Phường Bình Minh,Tổng đài 1022,Môi trường - Đô thị,Đề nghị bổ sung thêm điểm thu gom rác tại tổ dân phố Phượng Vỹ.,Trung tính,Đã xử lý,7.0
PA20260195,2026-10-14,Xã Mỹ Trạch,Cổng DVC quốc gia,Môi trường - Đô thị,Tiếng ồn từ công trình xây dựng số 21 kéo dài đến khuya.,Tiêu cực,Đã xử lý,20.0
PA20260311,2026-10-15,Phường An Thịnh,Mạng xã hội,Thủ tục hành chính,Xin hỏi thủ tục đăng ký khai sinh cho trẻ sinh ở tỉnh khác thực hiện thế nào?,Trung tính,Đang xử lý,
PA20260171,2026-10-16,Phường An Thịnh,Trực tiếp,Thủ tục hành chính,Xin hỏi thủ tục đăng ký khai sinh cho trẻ sinh ở tỉnh khác thực hiện thế nào?,Trung tính,Đã xử lý,19.0
PA20260396,2026-10-17,Phường Kim Sơn,Trực tiếp,Môi trường - Đô thị,Tiếng ồn từ công trình xây dựng Ngọc Lan kéo dài đến khuya.,Tiêu cực,Đã xử lý,15.0
PA20260135,2026-10-19,Phường An Thịnh,Tổng đài 1022,Môi trường - Đô thị,Đề nghị bổ sung thêm điểm thu gom rác tại tổ dân phố số 3.,Trung tính,Chuyển cơ quan khác,
PA20260199,2026-10-20,Xã Tân Phước,Cổng DVC quốc gia,Dịch vụ công trực tuyến,"Ứng dụng tra cứu tiến độ hồ sơ rất tiện, đề nghị bổ sung thông báo qua tin nhắn.",Tích cực,Đang xử lý,
PA20260008,2026-10-23,Phường Bình Minh,Mạng xã hội,Dịch vụ công trực tuyến,Nộp hồ sơ trực tuyến nhưng hệ thống báo lỗi khi tải tệp đính kèm.,Tiêu cực,Đang xử lý,
PA20260040,2026-10-23,Xã Mỹ Trạch,Cổng DVC quốc gia,An ninh - Trật tự,Đề nghị lắp thêm camera an ninh tại ngã tư số 3.,Trung tính,Đã xử lý,9.0
PA20260033,2026-10-23,Xã Tân Phước,Cổng DVC quốc gia,An sinh xã hội,Hồ sơ trợ cấp xã hội của gia đình đã nộp hơn một tháng chưa có kết quả.,Tiêu cực,Đã xử lý,16.0
PA20260079,2026-10-23,Xã Nam Hải,Mạng xã hội,Thủ tục hành chính,"Cán bộ một cửa hướng dẫn tận tình, hồ sơ được trả sớm hơn hẹn. Xin cảm ơn.",Tích cực,Đang xử lý,
PA20260453,2026-10-24,Phường Bình Minh,Trực tiếp,Thủ tục hành chính,Xin hỏi thủ tục đăng ký khai sinh cho trẻ sinh ở tỉnh khác thực hiện thế nào?,Trung tính,Đang xử lý,
PA20260408,2026-10-25,Phường Bình Minh,Tổng đài 1022,Thủ tục hành chính,"Cán bộ một cửa hướng dẫn tận tình, hồ sơ được trả sớm hơn hẹn. Xin cảm ơn.",Tích cực,Đã xử lý,8.0
PA20260039,2026-10-25,Xã Tân Phước,Trực tiếp,Trật tự đô thị,Khu vực chợ số 21 họp lấn chiếm lòng đường vào buổi sáng.,Tiêu cực,Đang xử lý,
PA20260321,2026-10-26,Phường Kim Sơn,Tổng đài 1022,An ninh - Trật tự,Đề nghị lắp thêm camera an ninh tại ngã tư Bạch Đàn.,Trung tính,Đã xử lý,10.0
PA20260454,2026-10-26,Xã Mỹ Trạch,Cổng DVC quốc gia,Hạ tầng - Giao thông,"Đường số 7 bị ngập sau mưa lớn, nước rút rất chậm gây khó khăn đi lại.",Tiêu cực,Đã xử lý,2.0
PA20260018,2026-10-26,Xã Mỹ Trạch,Trực tiếp,An ninh - Trật tự,Đề nghị lắp thêm camera an ninh tại ngã tư số 12.,Trung tính,Đã xử lý,5.0
PA20260260,2026-10-27,Xã Tân Phước,Trực tiếp,An ninh - Trật tự,Đề nghị lắp thêm camera an ninh tại ngã tư Ngọc Lan.,Trung tính,Đã xử lý,8.0
PA20260184,2026-10-27,Xã Tân Phước,Tổng đài 1022,Hạ tầng - Giao thông,Đèn chiếu sáng công cộng khu vực số 3 hỏng đã hai tuần chưa được sửa.,Tiêu cực,Đã xử lý,5.0
PA20260384,2026-10-28,Phường Bình Minh,Cổng DVC quốc gia,Môi trường - Đô thị,Tiếng ồn từ công trình xây dựng số 7 kéo dài đến khuya.,Tiêu cực,Đang xử lý,
PA20260223,2026-10-28,Phường Bình Minh,Tổng đài 1022,An sinh xã hội,Hồ sơ trợ cấp xã hội của gia đình đã nộp hơn một tháng chưa có kết quả.,Tiêu cực,Đang xử lý,
PA20260456,2026-10-29,Phường Bình Minh,Tổng đài 1022,An sinh xã hội,Hồ sơ trợ cấp xã hội của gia đình đã nộp hơn một tháng chưa có kết quả.,Tiêu cực,Đang xử lý,
PA20260386,2026-10-30,Xã Tân Phước,Cổng DVC quốc gia,Môi trường - Đô thị,"Cây xanh trên tuyến số 7 có nhánh khô, nguy cơ gãy đổ mùa mưa bão.",Tiêu cực,Đã xử lý,15.0
PA20260216,2026-10-30,Xã Tân Phước,Trực tiếp,Hạ tầng - Giao thông,Đèn chiếu sáng công cộng khu vực Ngọc Lan hỏng đã hai tuần chưa được sửa.,Tiêu cực,Đã xử lý,8.0
PA20260323,2026-10-31,Phường Long Phú,Tổng đài 1022,Hạ tầng - Giao thông,Đèn chiếu sáng công cộng khu vực số 21 hỏng đã hai tuần chưa được sửa.,Tiêu cực,Đang xử lý,
PA20260006,2026-10-31,Phường An Thịnh,Trực tiếp,Môi trường - Đô thị,"Cây xanh trên tuyến Phượng Vỹ có nhánh khô, nguy cơ gãy đổ mùa mưa bão.",Tiêu cực,Đã xử lý,16.0
PA20260073,2026-11-03,Phường Long Phú,Cổng DVC quốc gia,An sinh xã hội,Cảm ơn chính quyền đã hỗ trợ nhanh trong đợt ngập vừa qua.,Tích cực,Đã xử lý,1.0
PA20260170,2026-11-05,Xã Nam Hải,Tổng đài 1022,An sinh xã hội,Hồ sơ trợ cấp xã hội của gia đình đã nộp hơn một tháng chưa có kết quả.,Tiêu cực,Đã xử lý,17.0
PA20260342,2026-11-06,Phường Long Phú,Cổng DVC quốc gia,Dịch vụ công trực tuyến,Nộp hồ sơ trực tuyến nhưng hệ thống báo lỗi khi tải tệp đính kèm.,Tiêu cực,Đã xử lý,13.0
PA20260036,2026-11-06,Phường Bình Minh,Cổng DVC quốc gia,Môi trường - Đô thị,Tiếng ồn từ công trình xây dựng số 3 kéo dài đến khuya.,Tiêu cực,Đã xử lý,13.0
PA20260278,2026-11-06,Phường Bình Minh,Cổng DVC quốc gia,An sinh xã hội,Cảm ơn chính quyền đã hỗ trợ nhanh trong đợt ngập vừa qua.,Tích cực,Đã xử lý,7.0
PA20260240,2026-11-06,Phường Bình Minh,Tổng đài 1022,Thủ tục hành chính,Xin hỏi thủ tục đăng ký khai sinh cho trẻ sinh ở tỉnh khác thực hiện thế nào?,Trung tính,Đã xử lý,5.0
PA20260118,2026-11-07,Phường Long Phú,Trực tiếp,An sinh xã hội,Cảm ơn chính quyền đã hỗ trợ nhanh trong đợt ngập vừa qua.,Tích cực,Đã xử lý,9.0
PA20260243,2026-11-07,Phường Long Phú,Trực tiếp,Môi trường - Đô thị,Tiếng ồn từ công trình xây dựng số 12 kéo dài đến khuya.,Tiêu cực,Đã xử lý,18.0
PA20260284,2026-11-07,Phường Bình Minh,Cổng DVC quốc gia,Hạ tầng - Giao thông,"Đường số 7 bị ngập sau mưa lớn, nước rút rất chậm gây khó khăn đi lại.",Tiêu cực,Đã xử lý,9.0
PA20260258,2026-11-07,Phường Bình Minh,Cổng DVC quốc gia,Công khai - Minh bạch,Đề nghị công khai lịch tiếp công dân của lãnh đạo trên trang thông tin điện tử.,Trung tính,Chuyển cơ quan khác,
PA20260234,2026-11-08,Phường Long Phú,Tổng đài 1022,Thủ tục hành chính,"Cán bộ một cửa hướng dẫn tận tình, hồ sơ được trả sớm hơn hẹn. Xin cảm ơn.",Tích cực,Đã xử lý,3.0
PA20260047,2026-11-08,Xã Mỹ Trạch,Tổng đài 1022,Dịch vụ công trực tuyến,"Người cao tuổi khó tự nộp hồ sơ trực tuyến, đề nghị bố trí người hỗ trợ.",Trung tính,Chuyển cơ quan khác,
PA20260100,2026-11-08,Phường An Thịnh,Cổng DVC quốc gia,Hạ tầng - Giao thông,"Đường Phượng Vỹ bị ngập sau mưa lớn, nước rút rất chậm gây khó khăn đi lại.",Tiêu cực,Đang xử lý,
PA20260126,2026-11-09,Phường Kim Sơn,Cổng DVC quốc gia,Thủ tục hành chính,"Cán bộ một cửa hướng dẫn tận tình, hồ sơ được trả sớm hơn hẹn. Xin cảm ơn.",Tích cực,Đang xử lý,
PA20260070,2026-11-11,Xã Mỹ Trạch,Cổng DVC quốc gia,Môi trường - Đô thị,Đề nghị bổ sung thêm điểm thu gom rác tại tổ dân phố số 12.,Trung tính,Đang xử lý,
PA20260119,2026-11-11,Phường An Thịnh,Mạng xã hội,Hạ tầng - Giao thông,Đèn chiếu sáng công cộng khu vực số 21 hỏng đã hai tuần chưa được sửa.,Tiêu cực,Đã xử lý,4.0
PA20260087,2026-11-12,Xã Mỹ Trạch,Tổng đài 1022,Dịch vụ công trực tuyến,"Người cao tuổi khó tự nộp hồ sơ trực tuyến, đề nghị bố trí người hỗ trợ.",Trung tính,Đã xử lý,19.0
PA20260259,2026-11-13,Xã Nam Hải,Cổng DVC quốc gia,An sinh xã hội,Cảm ơn chính quyền đã hỗ trợ nhanh trong đợt ngập vừa qua.,Tích cực,Đã xử lý,12.0
PA20260357,2026-11-13,Phường Kim Sơn,Tổng đài 1022,Thủ tục hành chính,Thời gian chờ tại trung tâm phục vụ hành chính công sáng thứ Hai quá lâu.,Tiêu cực,Đang xử lý,
PA20260074,2026-11-13,Phường Bình Minh,Cổng DVC quốc gia,Thủ tục hành chính,Thời gian chờ tại trung tâm phục vụ hành chính công sáng thứ Hai quá lâu.,Tiêu cực,Đã xử lý,12.0
PA20260413,2026-11-14,Phường Long Phú,Cổng DVC quốc gia,Công khai - Minh bạch,Đề nghị công khai lịch tiếp công dân của lãnh đạo trên trang thông tin điện tử.,Trung tính,Đã xử lý,18.0
PA20260368,2026-11-16,Phường Long Phú,Trực tiếp,Thủ tục hành chính,"Cán bộ một cửa hướng dẫn tận tình, hồ sơ được trả sớm hơn hẹn. Xin cảm ơn.",Tích cực,Đã xử lý,16.0
PA20260460,2026-11-17,Phường Hoà Lạc,Mạng xã hội,Dịch vụ công trực tuyến,"Người cao tuổi khó tự nộp hồ sơ trực tuyến, đề nghị bố trí người hỗ trợ.",Trung tính,Đã xử lý,10.0
PA20260091,2026-11-17,Xã Nam Hải,Tổng đài 1022,An sinh xã hội,Hồ sơ trợ cấp xã hội của gia đình đã nộp hơn một tháng chưa có kết quả.,Tiêu cực,Đã xử lý,10.0
PA20260030,2026-11-17,Phường Kim Sơn,Cổng DVC quốc gia,Dịch vụ công trực tuyến,Nộp hồ sơ trực tuyến nhưng hệ thống báo lỗi khi tải tệp đính kèm.,Tiêu cực,Đang xử lý,
PA20260085,2026-11-20,Xã Tân Phước,Trực tiếp,An sinh xã hội,Cảm ơn chính quyền đã hỗ trợ nhanh trong đợt ngập vừa qua.,Tích cực,Đã xử lý,14.0
PA20260340,2026-11-24,Phường Bình Minh,Cổng DVC quốc gia,Dịch vụ công trực tuyến,Nộp hồ sơ trực tuyến nhưng hệ thống báo lỗi khi tải tệp đính kèm.,Tiêu cực,Đã xử lý,1.0
PA20260356,2026-11-25,Phường Kim Sơn,Cổng DVC quốc gia,Hạ tầng - Giao thông,Đèn chiếu sáng công cộng khu vực số 21 hỏng đã hai tuần chưa được sửa.,Tiêu cực,Đang xử lý,
PA20260253,2026-11-25,Xã Tân Phước,Tổng đài 1022,Môi trường - Đô thị,"Cây xanh trên tuyến Phượng Vỹ có nhánh khô, nguy cơ gãy đổ mùa mưa bão.",Tiêu cực,Đã xử lý,12.0
PA20260028,2026-11-25,Xã Tân Phước,Cổng DVC quốc gia,Môi trường - Đô thị,"Cây xanh trên tuyến Phượng Vỹ có nhánh khô, nguy cơ gãy đổ mùa mưa bão.",Tiêu cực,Đã xử lý,18.0
PA20260168,2026-11-26,Xã Mỹ Trạch,Cổng DVC quốc gia,Môi trường - Đô thị,Tiếng ồn từ công trình xây dựng Ngọc Lan kéo dài đến khuya.,Tiêu cực,Đang xử lý,
PA20260111,2026-11-26,Phường Hoà Lạc,Cổng DVC quốc gia,An ninh - Trật tự,Đề nghị lắp thêm camera an ninh tại ngã tư số 12.,Trung tính,Đang xử lý,
PA20260076,2026-11-27,Xã Nam Hải,Trực tiếp,Thủ tục hành chính,Thời gian chờ tại trung tâm phục vụ hành chính công sáng thứ Hai quá lâu.,Tiêu cực,Đang xử lý,
PA20260280,2026-11-27,Xã Nam Hải,Tổng đài 1022,Công khai - Minh bạch,Đề nghị công khai lịch tiếp công dân của lãnh đạo trên trang thông tin điện tử.,Trung tính,Chuyển cơ quan khác,
PA20260288,2026-11-28,Phường Hoà Lạc,Trực tiếp,Môi trường - Đô thị,Tiếng ồn từ công trình xây dựng Hoa Mai kéo dài đến khuya.,Tiêu cực,Đã xử lý,21.0
PA20260307,2026-11-29,Xã Nam Hải,Cổng DVC quốc gia,Thủ tục hành chính,Xin hỏi thủ tục đăng ký khai sinh cho trẻ sinh ở tỉnh khác thực hiện thế nào?,Trung tính,Đã xử lý,21.0
PA20260099,2026-11-29,Phường Hoà Lạc,Cổng DVC quốc gia,Công khai - Minh bạch,Đề nghị công khai lịch tiếp công dân của lãnh đạo trên trang thông tin điện tử.,Trung tính,Đã xử lý,13.0
PA20260289,2026-11-29,Phường Bình Minh,Cổng DVC quốc gia,Thủ tục hành chính,Thời gian chờ tại trung tâm phục vụ hành chính công sáng thứ Hai quá lâu.,Tiêu cực,Đã xử lý,10.0
PA20260133,2026-11-30,Phường Long Phú,Cổng DVC quốc gia,An ninh - Trật tự,Đề nghị lắp thêm camera an ninh tại ngã tư số 21.,Trung tính,Đã xử lý,3.0
PA20260428,2026-12-01,Phường Kim Sơn,Mạng xã hội,Môi trường - Đô thị,Đề nghị bổ sung thêm điểm thu gom rác tại tổ dân phố số 12.,Trung tính,Đã xử lý,12.0
PA20260001,2026-12-01,Xã Mỹ Trạch,Cổng DVC quốc gia,Công khai - Minh bạch,Đề nghị công khai lịch tiếp công dân của lãnh đạo trên trang thông tin điện tử.,Trung tính,Đã xử lý,16.0
PA20260360,2026-12-01,Phường Kim Sơn,Tổng đài 1022,Dịch vụ công trực tuyến,"Người cao tuổi khó tự nộp hồ sơ trực tuyến, đề nghị bố trí người hỗ trợ.",Trung tính,Đã xử lý,16.0
PA20260130,2026-12-01,Phường Hoà Lạc,Trực tiếp,Hạ tầng - Giao thông,Đèn chiếu sáng công cộng khu vực số 7 hỏng đã hai tuần chưa được sửa.,Tiêu cực,Đã xử lý,18.0
PA20260295,2026-12-01,Phường Kim Sơn,Trực tiếp,Thủ tục hành chính,"Cán bộ một cửa hướng dẫn tận tình, hồ sơ được trả sớm hơn hẹn. Xin cảm ơn.",Tích cực,Đã xử lý,6.0
PA20260014,2026-12-02,Phường Kim Sơn,Cổng DVC quốc gia,Thủ tục hành chính,Thời gian chờ tại trung tâm phục vụ hành chính công sáng thứ Hai quá lâu.,Tiêu cực,Đã xử lý,19.0
PA20260160,2026-12-03,Phường Hoà Lạc,Trực tiếp,Môi trường - Đô thị,Tiếng ồn từ công trình xây dựng Hoa Mai kéo dài đến khuya.,Tiêu cực,Đang xử lý,
PA20260037,2026-12-03,Xã Nam Hải,Cổng DVC quốc gia,Hạ tầng - Giao thông,"Đường Phượng Vỹ bị ngập sau mưa lớn, nước rút rất chậm gây khó khăn đi lại.",Tiêu cực,Chuyển cơ quan khác,
PA20260043,2026-12-07,Phường Kim Sơn,Cổng DVC quốc gia,An sinh xã hội,Hồ sơ trợ cấp xã hội của gia đình đã nộp hơn một tháng chưa có kết quả.,Tiêu cực,Đã xử lý,11.0
PA20260010,2026-12-08,Xã Mỹ Trạch,Trực tiếp,Môi trường - Đô thị,Tiếng ồn từ công trình xây dựng số 21 kéo dài đến khuya.,Tiêu cực,Đã xử lý,3.0
PA20260031,2026-12-08,Phường An Thịnh,Cổng DVC quốc gia,Hạ tầng - Giao thông,"Đường số 21 bị ngập sau mưa lớn, nước rút rất chậm gây khó khăn đi lại.",Tiêu cực,Chuyển cơ quan khác,
PA20260157,2026-12-09,Phường Long Phú,Trực tiếp,Dịch vụ công trực tuyến,"Ứng dụng tra cứu tiến độ hồ sơ rất tiện, đề nghị bổ sung thông báo qua tin nhắn.",Tích cực,Đã xử lý,6.0
PA20260181,2026-12-09,Xã Mỹ Trạch,Tổng đài 1022,An sinh xã hội,Hồ sơ trợ cấp xã hội của gia đình đã nộp hơn một tháng chưa có kết quả.,Tiêu cực,Đã xử lý,5.0
PA20260326,2026-12-11,Phường Kim Sơn,Mạng xã hội,An sinh xã hội,Cảm ơn chính quyền đã hỗ trợ nhanh trong đợt ngập vừa qua.,Tích cực,Đã xử lý,8.0
PA20260424,2026-12-12,Xã Nam Hải,Cổng DVC quốc gia,Thủ tục hành chính,Thời gian chờ tại trung tâm phục vụ hành chính công sáng thứ Hai quá lâu.,Tiêu cực,Đang xử lý,
PA20260232,2026-12-12,Phường Kim Sơn,Cổng DVC quốc gia,Dịch vụ công trực tuyến,"Người cao tuổi khó tự nộp hồ sơ trực tuyến, đề nghị bố trí người hỗ trợ.",Trung tính,Đang xử lý,
PA20260212,2026-12-13,Phường Kim Sơn,Cổng DVC quốc gia,Dịch vụ công trực tuyến,"Người cao tuổi khó tự nộp hồ sơ trực tuyến, đề nghị bố trí người hỗ trợ.",Trung tính,Đã xử lý,16.0
PA20260273,2026-12-13,Xã Nam Hải,Mạng xã hội,Môi trường - Đô thị,Tiếng ồn từ công trình xây dựng Bạch Đàn kéo dài đến khuya.,Tiêu cực,Đã xử lý,7.0
PA20260358,2026-12-14,Phường Bình Minh,Trực tiếp,An sinh xã hội,Hồ sơ trợ cấp xã hội của gia đình đã nộp hơn một tháng chưa có kết quả.,Tiêu cực,Chuyển cơ quan khác,
PA20260094,2026-12-16,Xã Mỹ Trạch,Tổng đài 1022,Môi trường - Đô thị,Tiếng ồn từ công trình xây dựng Ngọc Lan kéo dài đến khuya.,Tiêu cực,Đã xử lý,16.0
PA20260228,2026-12-16,Phường Kim Sơn,Cổng DVC quốc gia,Thủ tục hành chính,Xin hỏi thủ tục đăng ký khai sinh cho trẻ sinh ở tỉnh khác thực hiện thế nào?,Trung tính,Đang xử lý,
PA20260134,2026-12-18,Phường Long Phú,Trực tiếp,Thủ tục hành chính,Xin hỏi thủ tục đăng ký khai sinh cho trẻ sinh ở tỉnh khác thực hiện thế nào?,Trung tính,Đã xử lý,8.0
PA20260149,2026-12-19,Phường Bình Minh,Tổng đài 1022,Hạ tầng - Giao thông,Đèn chiếu sáng công cộng khu vực Bạch Đàn hỏng đã hai tuần chưa được sửa.,Tiêu cực,Đã xử lý,10.0
PA20260222,2026-12-19,Phường Long Phú,Cổng DVC quốc gia,Thủ tục hành chính,Xin hỏi thủ tục đăng ký khai sinh cho trẻ sinh ở tỉnh khác thực hiện thế nào?,Trung tính,Đã xử lý,20.0
PA20260286,2026-12-20,Phường An Thịnh,Mạng xã hội,Hạ tầng - Giao thông,"Đường Bạch Đàn bị ngập sau mưa lớn, nước rút rất chậm gây khó khăn đi lại.",Tiêu cực,Đã xử lý,5.0
PA20260303,2026-12-20,Phường Hoà Lạc,Tổng đài 1022,Thủ tục hành chính,Thời gian chờ tại trung tâm phục vụ hành chính công sáng thứ Hai quá lâu.,Tiêu cực,Đang xử lý,
PA20260422,2026-12-20,Phường Bình Minh,Tổng đài 1022,Thủ tục hành chính,Thời gian chờ tại trung tâm phục vụ hành chính công sáng thứ Hai quá lâu.,Tiêu cực,Đã xử lý,20.0
PA20260359,2026-12-20,Xã Nam Hải,Trực tiếp,Hạ tầng - Giao thông,"Đường số 12 bị ngập sau mưa lớn, nước rút rất chậm gây khó khăn đi lại.",Tiêu cực,Đã xử lý,7.0
PA20260055,2026-12-22,Phường Kim Sơn,Cổng DVC quốc gia,An sinh xã hội,Cảm ơn chính quyền đã hỗ trợ nhanh trong đợt ngập vừa qua.,Tích cực,Đã xử lý,8.0
PA20260169,2026-12-23,Phường An Thịnh,Tổng đài 1022,Trật tự đô thị,Khu vực chợ số 7 họp lấn chiếm lòng đường vào buổi sáng.,Tiêu cực,Đã xử lý,9.0
PA20260230,2026-12-23,Xã Mỹ Trạch,Cổng DVC quốc gia,Môi trường - Đô thị,Tiếng ồn từ công trình xây dựng Bạch Đàn kéo dài đến khuya.,Tiêu cực,Đã xử lý,18.0
PA20260204,2026-12-23,Xã Tân Phước,Tổng đài 1022,An sinh xã hội,Hồ sơ trợ cấp xã hội của gia đình đã nộp hơn một tháng chưa có kết quả.,Tiêu cực,Đã xử lý,6.0
PA20260017,2026-12-24,Phường Bình Minh,Mạng xã hội,Thủ tục hành chính,"Cán bộ một cửa hướng dẫn tận tình, hồ sơ được trả sớm hơn hẹn. Xin cảm ơn.",Tích cực,Đã xử lý,9.0
PA20260096,2026-12-25,Phường Hoà Lạc,Trực tiếp,An sinh xã hội,Hồ sơ trợ cấp xã hội của gia đình đã nộp hơn một tháng chưa có kết quả.,Tiêu cực,Đã xử lý,21.0
PA20260165,2026-12-25,Xã Tân Phước,Cổng DVC quốc gia,Dịch vụ công trực tuyến,Nộp hồ sơ trực tuyến nhưng hệ thống báo lỗi khi tải tệp đính kèm.,Tiêu cực,Đang xử lý,
PA20260069,2026-12-26,Phường Hoà Lạc,Cổng DVC quốc gia,Thủ tục hành chính,Xin hỏi thủ tục đăng ký khai sinh cho trẻ sinh ở tỉnh khác thực hiện thế nào?,Trung tính,Đã xử lý,5.0
PA20260313,2026-12-27,Phường Kim Sơn,Tổng đài 1022,Dịch vụ công trực tuyến,Nộp hồ sơ trực tuyến nhưng hệ thống báo lỗi khi tải tệp đính kèm.,Tiêu cực,Đang xử lý,
PA20260417,2026-12-28,Phường Kim Sơn,Mạng xã hội,An sinh xã hội,Cảm ơn chính quyền đã hỗ trợ nhanh trong đợt ngập vừa qua.,Tích cực,Đã xử lý,8.0
PA20260347,2026-12-28,Phường Long Phú,Tổng đài 1022,An ninh - Trật tự,Đề nghị lắp thêm camera an ninh tại ngã tư số 21.,Trung tính,Đã xử lý,4.0
PA20260142,2026-12-29,Xã Nam Hải,Mạng xã hội,Trật tự đô thị,Khu vực chợ số 12 họp lấn chiếm lòng đường vào buổi sáng.,Tiêu cực,Đã xử lý,1.0
PA20260154,2026-12-30,Phường Hoà Lạc,Trực tiếp,Thủ tục hành chính,Thời gian chờ tại trung tâm phục vụ hành chính công sáng thứ Hai quá lâu.,Tiêu cực,Chuyển cơ quan khác,
PA20260041,2026-12-30,Xã Tân Phước,Tổng đài 1022,Trật tự đô thị,Khu vực chợ Phượng Vỹ họp lấn chiếm lòng đường vào buổi sáng.,Tiêu cực,Đã xử lý,5.0
PA20260214,2026-12-30,Phường Kim Sơn,Trực tiếp,Môi trường - Đô thị,"Cây xanh trên tuyến Phượng Vỹ có nhánh khô, nguy cơ gãy đổ mùa mưa bão.",Tiêu cực,Đã xử lý,13.0
PA20260419,2026-12-30,Xã Nam Hải,Mạng xã hội,An sinh xã hội,Hồ sơ trợ cấp xã hội của gia đình đã nộp hơn một tháng chưa có kết quả.,Tiêu cực,Chuyển cơ quan khác,
