ma_phieu,ngay_khao_sat,don_vi,nhom_tuoi,kenh_su_dung,thai_do_phuc_vu,thoi_gian_giai_quyet,co_so_vat_chat,cong_khai_thu_tuc,ket_qua_giai_quyet,diem_trung_binh
KS20260001,2026-10-05,Phường Long Phú,Trên 60,Trực tiếp,4,4,5,3,4,4.0
KS20260002,2026-04-16,Phường Long Phú,31-45,Trực tiếp,2,3,4,3,2,2.8
KS20260003,2026-11-19,Xã Mỹ Trạch,18-30,Trực tuyến,4,3,4,5,4,4.0
KS20260004,2026-12-26,Xã Mỹ Trạch,31-45,Trực tuyến,4,3,3,3,4,3.4
KS20260005,2026-03-01,Phường Kim Sơn,46-60,Trực tuyến,5,4,5,5,4,4.6
KS20260006,2026-06-12,Xã Mỹ Trạch,31-45,Trực tiếp,4,4,4,3,5,4.0
KS20260007,2026-01-22,Phường Bình Minh,18-30,Trực tiếp,3,4,4,4,3,3.6
KS20260008,2026-04-23,Phường An Thịnh,18-30,Trực tuyến,4,4,4,4,4,4.0
KS20260009,2026-11-03,Xã Mỹ Trạch,46-60,Trực tuyến,3,3,4,3,3,3.2
KS20260010,2026-02-17,Xã Mỹ Trạch,31-45,Trực tuyến,3,3,3,3,4,3.2
KS20260011,2026-04-14,Phường Hoà Lạc,18-30,Trực tuyến,3,2,3,2,3,2.6
KS20260012,2026-05-18,Phường An Thịnh,18-30,Trực tuyến,4,4,3,4,4,3.8
KS20260013,2026-06-27,Xã Nam Hải,31-45,Trực tiếp,3,3,3,3,3,3.0
KS20260014,2026-10-14,Phường An Thịnh,31-45,Trực tiếp,4,3,4,3,3,3.4
KS20260015,2026-10-14,Xã Nam Hải,18-30,Trực tiếp,4,3,4,5,5,4.2
KS20260016,2026-05-29,Phường Bình Minh,18-30,Trực tuyến,5,5,5,5,5,5.0
KS20260017,2026-06-23,Xã Nam Hải,46-60,Trực tiếp,4,5,5,5,5,4.8
KS20260018,2026-12-12,Phường Hoà Lạc,31-45,Trực tiếp,3,3,3,4,4,3.4
KS20260019,2026-09-30,Phường An Thịnh,46-60,Trực tuyến,4,3,3,2,4,3.2
KS20260020,2026-01-05,Phường Bình Minh,18-30,Bưu chính công ích,5,5,5,5,5,5.0
KS20260021,2026-01-10,Xã Tân Phước,18-30,Trực tuyến,4,4,5,4,4,4.2
KS20260022,2026-02-05,Xã Mỹ Trạch,Trên 60,Trực tuyến,5,4,4,4,5,4.4
KS20260023,2026-07-13,Phường Bình Minh,18-30,Trực tuyến,5,5,5,4,5,4.8
KS20260024,2026-06-16,Phường Hoà Lạc,46-60,Trực tuyến,5,4,4,4,5,4.4
KS20260025,2026-12-27,Phường Long Phú,Trên 60,Trực tiếp,4,4,3,4,4,3.8
KS20260026,2026-12-01,Phường Bình Minh,18-30,Trực tuyến,5,5,4,4,4,4.4
KS20260027,2026-05-18,Phường Long Phú,Trên 60,Trực tuyến,4,4,4,4,4,4.0
KS20260028,2026-09-15,Phường Long Phú,31-45,Trực tiếp,4,3,4,4,4,3.8
KS20260029,2026-08-04,Xã Nam Hải,18-30,Trực tuyến,4,4,4,4,4,4.0
KS20260030,2026-01-21,Xã Tân Phước,46-60,Trực tiếp,5,4,5,5,4,4.6
KS20260031,2026-04-15,Phường Bình Minh,46-60,Trực tuyến,5,4,4,5,4,4.4
KS20260032,2026-05-29,Phường Kim Sơn,31-45,Trực tiếp,5,4,5,4,4,4.4
KS20260033,2026-09-06,Phường Hoà Lạc,46-60,Trực tiếp,5,4,4,5,4,4.4
KS20260034,2026-05-24,Phường Kim Sơn,18-30,Trực tiếp,4,3,3,3,4,3.4
KS20260035,2026-07-07,Xã Mỹ Trạch,31-45,Trực tuyến,4,3,4,4,4,3.8
KS20260036,2026-06-01,Phường Long Phú,31-45,Trực tuyến,5,4,5,5,5,4.8
KS20260037,2026-02-19,Xã Tân Phước,31-45,Trực tiếp,3,4,4,2,4,3.4
KS20260038,2026-11-27,Phường Bình Minh,31-45,Trực tuyến,5,4,5,4,5,4.6
KS20260039,2026-11-05,Phường Bình Minh,31-45,Trực tiếp,5,5,4,4,4,4.4
KS20260040,2026-07-08,Phường Hoà Lạc,18-30,Trực tiếp,5,4,5,4,4,4.4
KS20260041,2026-01-29,Phường Kim Sơn,46-60,Trực tuyến,3,2,3,3,4,3.0
KS20260042,2026-10-04,Phường Hoà Lạc,31-45,Trực tuyến,5,5,4,4,5,4.6
KS20260043,2026-04-22,Xã Tân Phước,31-45,Trực tiếp,3,3,4,3,4,3.4
KS20260044,2026-02-15,Phường Bình Minh,18-30,Trực tuyến,4,5,5,4,5,4.6
KS20260045,2026-09-23,Phường Kim Sơn,46-60,Trực tuyến,4,4,4,3,4,3.8
KS20260046,2026-06-11,Xã Mỹ Trạch,31-45,Trực tuyến,4,2,5,5,4,4.0
KS20260047,2026-03-22,Xã Nam Hải,46-60,Trực tiếp,5,4,4,4,5,4.4
KS20260048,2026-02-01,Phường An Thịnh,46-60,Trực tuyến,4,3,4,4,4,3.8
KS20260049,2026-12-26,Phường Bình Minh,31-45,Trực tuyến,3,2,2,2,2,2.2
KS20260050,2026-01-17,Phường Bình Minh,31-45,Trực tuyến,5,4,4,5,5,4.6
KS20260051,2026-05-17,Phường Hoà Lạc,18-30,Trực tiếp,4,2,4,4,4,3.6
KS20260052,2026-04-06,Phường Hoà Lạc,18-30,Bưu chính công ích,5,4,4,3,5,4.2
KS20260053,2026-12-04,Phường Kim Sơn,31-45,Trực tuyến,3,2,3,3,3,2.8
KS20260054,2026-11-11,Phường Kim Sơn,46-60,Trực tuyến,4,5,5,4,4,4.4
KS20260055,2026-01-01,Phường Bình Minh,46-60,Trực tuyến,3,3,2,2,3,2.6
KS20260056,2026-03-07,Phường An Thịnh,46-60,Trực tiếp,5,5,5,5,5,5.0
KS20260057,2026-08-08,Phường An Thịnh,18-30,Trực tiếp,5,4,4,5,5,4.6
KS20260058,2026-01-17,Phường Bình Minh,46-60,Trực tuyến,3,4,4,4,3,3.6
KS20260059,2026-03-18,Xã Tân Phước,46-60,Trực tuyến,3,2,3,3,3,2.8
KS20260060,2026-11-13,Phường Hoà Lạc,31-45,Trực tiếp,4,3,3,3,4,3.4
KS20260061,2026-03-15,Phường Kim Sơn,46-60,Trực tuyến,4,4,4,3,4,3.8
KS20260062,2026-09-13,Phường Kim Sơn,Trên 60,Trực tuyến,5,5,5,5,5,5.0
KS20260063,2026-08-05,Xã Mỹ Trạch,31-45,Trực tuyến,3,3,3,3,3,3.0
KS20260064,2026-08-14,Xã Tân Phước,Trên 60,Trực tiếp,4,4,4,3,3,3.6
KS20260065,2026-07-28,Xã Tân Phước,31-45,Trực tiếp,5,4,5,4,4,4.4
KS20260066,2026-04-05,Phường Hoà Lạc,18-30,Trực tuyến,4,4,3,5,3,3.8
KS20260067,2026-12-05,Phường An Thịnh,31-45,Trực tuyến,4,3,3,3,3,3.2
KS20260068,2026-01-05,Xã Tân Phước,18-30,Trực tuyến,3,4,4,5,4,4.0
KS20260069,2026-06-05,Phường An Thịnh,46-60,Trực tuyến,4,5,3,4,4,4.0
KS20260070,2026-04-26,Xã Nam Hải,18-30,Trực tuyến,4,3,4,4,3,3.6
KS20260071,2026-06-29,Phường Bình Minh,31-45,Trực tuyến,4,4,5,4,5,4.4
KS20260072,2026-06-16,Xã Nam Hải,31-45,Trực tuyến,4,3,3,3,4,3.4
KS20260073,2026-06-19,Xã Mỹ Trạch,31-45,Trực tuyến,3,4,4,4,3,3.6
KS20260074,2026-09-06,Phường Kim Sơn,46-60,Bưu chính công ích,4,3,4,4,3,3.6
KS20260075,2026-05-15,Xã Mỹ Trạch,31-45,Trực tuyến,4,3,4,3,3,3.4
KS20260076,2026-08-31,Phường Bình Minh,46-60,Trực tuyến,5,5,5,5,5,5.0
KS20260077,2026-07-09,Phường Long Phú,18-30,Trực tiếp,4,4,5,5,5,4.6
KS20260078,2026-12-05,Phường Long Phú,46-60,Trực tuyến,4,3,5,4,3,3.8
KS20260079,2026-11-03,Xã Mỹ Trạch,Trên 60,Trực tuyến,4,4,4,3,5,4.0
KS20260080,2026-01-13,Xã Mỹ Trạch,18-30,Trực tuyến,3,3,3,3,4,3.2
KS20260081,2026-09-09,Phường Bình Minh,31-45,Trực tuyến,5,5,5,5,5,5.0
KS20260082,2026-10-18,Phường Kim Sơn,31-45,Trực tuyến,4,4,4,4,4,4.0
KS20260083,2026-04-07,Phường Kim Sơn,46-60,Trực tuyến,3,2,4,4,3,3.2
KS20260084,2026-03-31,Phường Kim Sơn,46-60,Trực tuyến,4,4,4,4,4,4.0
KS20260085,2026-02-12,Phường Kim Sơn,31-45,Trực tiếp,2,3,3,3,3,2.8
KS20260086,2026-11-14,Xã Nam Hải,31-45,Bưu chính công ích,5,4,4,4,3,4.0
KS20260087,2026-01-20,Phường Bình Minh,18-30,Trực tiếp,5,5,5,5,5,5.0
KS20260088,2026-10-25,Xã Tân Phước,31-45,Trực tuyến,5,4,4,5,4,4.4
KS20260089,2026-06-12,Phường Kim Sơn,18-30,Trực tiếp,5,5,5,5,5,5.0
KS20260090,2026-05-27,Phường Long Phú,18-30,Trực tuyến,4,4,4,4,5,4.2
KS20260091,2026-09-10,Phường Kim Sơn,18-30,Bưu chính công ích,3,2,2,2,3,2.4
KS20260092,2026-05-15,Phường Long Phú,31-45,Trực tuyến,3,3,4,4,3,3.4
KS20260093,2026-05-12,Xã Tân Phước,31-45,Trực tiếp,5,5,5,5,5,5.0
KS20260094,2026-12-05,Phường Hoà Lạc,46-60,Trực tiếp,4,4,4,5,4,4.2
KS20260095,2026-08-08,Phường An Thịnh,31-45,Trực tuyến,4,3,3,4,4,3.6
KS20260096,2026-03-04,Xã Tân Phước,31-45,Trực tuyến,4,4,3,4,5,4.0
KS20260097,2026-10-04,Xã Nam Hải,31-45,Trực tuyến,5,4,5,5,5,4.8
KS20260098,2026-01-21,Phường Hoà Lạc,18-30,Trực tiếp,3,3,3,3,4,3.2
KS20260099,2026-06-22,Xã Nam Hải,31-45,Trực tuyến,4,3,3,4,3,3.4
KS20260100,2026-02-04,Xã Mỹ Trạch,18-30,Trực tuyến,5,4,5,5,5,4.8
KS20260101,2026-03-17,Xã Nam Hải,18-30,Trực tuyến,4,4,4,4,4,4.0
KS20260102,2026-05-24,Xã Nam Hải,31-45,Trực tiếp,4,2,4,4,4,3.6
KS20260103,2026-09-26,Phường An Thịnh,18-30,Trực tuyến,5,4,5,5,5,4.8
KS20260104,2026-02-03,Phường Kim Sơn,31-45,Trực tuyến,5,4,5,5,5,4.8
KS20260105,2026-12-23,Phường An Thịnh,31-45,Bưu chính công ích,5,4,5,4,4,4.4
KS20260106,2026-12-06,Phường An Thịnh,46-60,Bưu chính công ích,4,3,4,3,4,3.6
KS20260107,2026-07-30,Phường An Thịnh,46-60,Trực tuyến,5,4,5,5,5,4.8
KS20260108,2026-09-02,Phường Kim Sơn,31-45,Trực tiếp,3,4,4,4,4,3.8
KS20260109,2026-11-24,Phường Bình Minh,18-30,Trực tuyến,4,5,4,5,5,4.6
KS20260110,2026-07-22,Phường Long Phú,31-45,Trực tiếp,4,5,4,4,4,4.2
KS20260111,2026-10-05,Xã Mỹ Trạch,Trên 60,Trực tiếp,4,3,4,3,3,3.4
KS20260112,2026-12-09,Phường Hoà Lạc,18-30,Trực tuyến,5,4,5,4,5,4.6
KS20260113,2026-02-23,Xã Tân Phước,Trên 60,Trực tiếp,4,4,5,5,4,4.4
KS20260114,2026-10-16,Xã Mỹ Trạch,18-30,Trực tiếp,3,3,3,3,3,3.0
KS20260115,2026-09-02,Xã Nam Hải,31-45,Trực tuyến,5,4,5,4,4,4.4
KS20260116,2026-05-14,Phường Kim Sơn,18-30,Bưu chính công ích,3,4,4,3,5,3.8
KS20260117,2026-12-20,Xã Tân Phước,31-45,Trực tuyến,4,4,4,4,4,4.0
KS20260118,2026-02-02,Xã Nam Hải,46-60,Trực tuyến,4,2,3,3,3,3.0
KS20260119,2026-03-08,Phường An Thịnh,46-60,Trực tuyến,4,3,4,4,4,3.8
KS20260120,2026-08-17,Xã Tân Phước,Trên 60,Trực tuyến,5,5,5,5,5,5.0
KS20260121,2026-05-06,Xã Mỹ Trạch,46-60,Trực tuyến,4,3,3,4,4,3.6
KS20260122,2026-12-30,Phường An Thịnh,31-45,Trực tiếp,3,3,4,3,4,3.4
KS20260123,2026-02-11,Phường Long Phú,18-30,Trực tuyến,4,4,4,3,3,3.6
KS20260124,2026-08-20,Phường Kim Sơn,18-30,Trực tuyến,5,4,5,4,4,4.4
KS20260125,2026-01-27,Xã Mỹ Trạch,46-60,Trực tiếp,5,4,5,4,5,4.6
KS20260126,2026-06-03,Phường Kim Sơn,31-45,Trực tuyến,5,3,4,4,4,4.0
KS20260127,2026-09-12,Xã Tân Phước,31-45,Trực tuyến,5,4,5,4,4,4.4
KS20260128,2026-02-05,Phường Hoà Lạc,18-30,Trực tuyến,5,4,5,5,5,4.8
KS20260129,2026-10-07,Phường Bình Minh,31-45,Trực tuyến,5,3,5,4,4,4.2
KS20260130,2026-02-06,Phường Kim Sơn,46-60,Bưu chính công ích,3,2,3,2,3,2.6
KS20260131,2026-05-18,Phường Long Phú,46-60,Trực tuyến,3,3,4,4,3,3.4
KS20260132,2026-08-08,Xã Nam Hải,31-45,Trực tuyến,5,5,5,5,5,5.0
KS20260133,2026-06-11,Phường Kim Sơn,18-30,Trực tiếp,5,4,4,5,5,4.6
KS20260134,2026-02-06,Xã Nam Hải,31-45,Trực tuyến,4,3,5,4,3,3.8
KS20260135,2026-08-12,Phường An Thịnh,31-45,Trực tiếp,4,4,4,4,4,4.0
KS20260136,2026-01-29,Phường Kim Sơn,31-45,Trực tuyến,4,3,3,3,4,3.4
KS20260137,2026-10-09,Phường An Thịnh,Trên 60,Trực tiếp,4,5,5,5,5,4.8
KS20260138,2026-04-29,Phường Kim Sơn,18-30,Trực tuyến,4,4,4,4,5,4.2
KS20260139,2026-03-24,Xã Tân Phước,46-60,Trực tiếp,5,4,4,4,4,4.2
KS20260140,2026-07-19,Phường Kim Sơn,18-30,Trực tuyến,4,3,4,4,3,3.6
KS20260141,2026-11-30,Phường Long Phú,18-30,Trực tiếp,4,4,4,4,4,4.0
KS20260142,2026-05-24,Xã Nam Hải,18-30,Trực tiếp,4,3,3,5,4,3.8
KS20260143,2026-01-10,Xã Tân Phước,Trên 60,Bưu chính công ích,5,3,5,5,5,4.6
KS20260144,2026-10-15,Xã Mỹ Trạch,18-30,Trực tiếp,5,4,4,4,4,4.2
KS20260145,2026-10-27,Phường Long Phú,31-45,Trực tiếp,5,4,5,4,5,4.6
KS20260146,2026-03-20,Phường Hoà Lạc,Trên 60,Bưu chính công ích,4,3,5,5,5,4.4
KS20260147,2026-09-18,Xã Mỹ Trạch,31-45,Trực tuyến,4,3,4,4,4,3.8
KS20260148,2026-07-03,Phường Hoà Lạc,18-30,Trực tiếp,4,5,4,4,4,4.2
KS20260149,2026-06-22,Xã Nam Hải,46-60,Trực tuyến,4,2,2,3,3,2.8
KS20260150,2026-03-23,Xã Mỹ Trạch,18-30,Trực tiếp,5,4,4,3,4,4.0
KS20260151,2026-02-15,Phường Bình Minh,18-30,Trực tuyến,5,5,5,5,5,5.0
KS20260152,2026-02-20,Xã Mỹ Trạch,31-45,Trực tuyến,5,5,5,5,5,5.0
KS20260153,2026-02-14,Phường Hoà Lạc,46-60,Trực tuyến,3,4,3,3,3,3.2
KS20260154,2026-08-16,Xã Tân Phước,18-30,Trực tuyến,5,4,4,4,5,4.4
KS20260155,2026-09-19,Xã Mỹ Trạch,46-60,Trực tiếp,5,5,5,5,5,5.0
KS20260156,2026-04-23,Xã Mỹ Trạch,46-60,Trực tuyến,4,4,4,4,5,4.2
KS20260157,2026-05-27,Phường An Thịnh,31-45,Trực tuyến,3,3,3,3,4,3.2
KS20260158,2026-01-14,Phường Kim Sơn,31-45,Trực tuyến,3,3,4,2,4,3.2
KS20260159,2026-01-17,Phường Hoà Lạc,31-45,Trực tuyến,4,3,3,3,3,3.2
KS20260160,2026-12-14,Phường Hoà Lạc,31-45,Trực tiếp,4,4,4,4,4,4.0
KS20260161,2026-11-23,Phường Kim Sơn,18-30,Trực tuyến,5,3,4,4,4,4.0
KS20260162,2026-03-18,Xã Mỹ Trạch,31-45,Trực tiếp,4,4,4,4,4,4.0
KS20260163,2026-07-10,Xã Nam Hải,18-30,Trực tiếp,4,4,4,4,4,4.0
KS20260164,2026-01-24,Phường An Thịnh,46-60,Trực tuyến,5,5,5,5,5,5.0
KS20260165,2026-09-13,Phường Hoà Lạc,31-45,Trực tiếp,3,3,3,3,4,3.2
KS20260166,2026-05-26,Xã Tân Phước,46-60,Trực tuyến,3,4,3,4,4,3.6
KS20260167,2026-07-17,Phường Hoà Lạc,31-45,Trực tiếp,4,4,4,4,4,4.0
KS20260168,2026-04-26,Phường Long Phú,31-45,Trực tuyến,5,4,5,4,4,4.4
KS20260169,2026-12-11,Xã Mỹ Trạch,31-45,Trực tuyến,4,2,4,3,3,3.2
KS20260170,2026-11-19,Phường Long Phú,Trên 60,Trực tuyến,4,3,4,3,4,3.6
KS20260171,2026-02-27,Phường Long Phú,31-45,Trực tuyến,5,3,4,3,4,3.8
KS20260172,2026-05-30,Phường Long Phú,Trên 60,Trực tiếp,3,2,3,3,3,2.8
KS20260173,2026-10-22,Phường Kim Sơn,Trên 60,Trực tiếp,5,5,5,5,5,5.0
KS20260174,2026-04-15,Phường Hoà Lạc,46-60,Trực tiếp,4,3,3,3,3,3.2
KS20260175,2026-03-16,Phường Hoà Lạc,18-30,Trực tiếp,5,4,5,4,5,4.6
KS20260176,2026-04-18,Phường Long Phú,31-45,Bưu chính công ích,4,2,3,2,3,2.8
KS20260177,2026-04-24,Phường Kim Sơn,31-45,Trực tuyến,5,5,5,5,5,5.0
KS20260178,2026-06-09,Xã Nam Hải,18-30,Trực tuyến,4,4,5,4,4,4.2
KS20260179,2026-01-12,Phường Kim Sơn,18-30,Trực tiếp,3,2,3,4,4,3.2
KS20260180,2026-03-13,Xã Mỹ Trạch,31-45,Trực tuyến,5,5,5,5,4,4.8
KS20260181,2026-09-21,Phường Long Phú,31-45,Trực tuyến,5,4,5,4,5,4.6
KS20260182,2026-06-01,Phường Kim Sơn,46-60,Trực tiếp,4,3,3,4,3,3.4
KS20260183,2026-03-17,Xã Tân Phước,31-45,Trực tiếp,5,4,5,4,5,4.6
KS20260184,2026-11-08,Phường Hoà Lạc,18-30,Bưu chính công ích,5,5,5,5,5,5.0
KS20260185,2026-11-30,Phường Hoà Lạc,46-60,Trực tuyến,4,3,4,3,3,3.4
KS20260186,2026-09-19,Xã Mỹ Trạch,18-30,Trực tiếp,4,4,4,5,4,4.2
KS20260187,2026-05-02,Xã Mỹ Trạch,18-30,Bưu chính công ích,4,3,3,3,2,3.0
KS20260188,2026-07-31,Phường Bình Minh,31-45,Trực tuyến,4,4,5,4,4,4.2
KS20260189,2026-12-25,Xã Nam Hải,31-45,Trực tuyến,5,4,4,5,5,4.6
KS20260190,2026-03-28,Phường Hoà Lạc,18-30,Trực tuyến,4,4,4,4,5,4.2
KS20260191,2026-04-26,Phường Kim Sơn,46-60,Trực tiếp,5,4,4,4,5,4.4
KS20260192,2026-09-21,Phường An Thịnh,Trên 60,Trực tuyến,4,3,5,4,4,4.0
KS20260193,2026-02-19,Xã Tân Phước,46-60,Trực tuyến,4,4,5,4,4,4.2
KS20260194,2026-06-04,Phường Hoà Lạc,18-30,Trực tuyến,5,4,4,5,5,4.6
KS20260195,2026-07-31,Phường An Thịnh,31-45,Trực tuyến,3,3,4,3,3,3.2
KS20260196,2026-06-30,Phường An Thịnh,Trên 60,Trực tiếp,5,4,5,5,5,4.8
KS20260197,2026-07-29,Xã Mỹ Trạch,46-60,Trực tuyến,4,3,4,4,4,3.8
KS20260198,2026-07-04,Xã Tân Phước,46-60,Trực tuyến,5,5,5,5,4,4.8
KS20260199,2026-02-25,Phường Kim Sơn,46-60,Trực tuyến,3,4,4,4,5,4.0
KS20260200,2026-11-22,Phường Hoà Lạc,Trên 60,Trực tiếp,5,5,4,4,5,4.6
KS20260201,2026-05-13,Phường Bình Minh,46-60,Trực tuyến,3,3,3,3,3,3.0
KS20260202,2026-05-29,Xã Nam Hải,31-45,Trực tuyến,4,3,4,4,4,3.8
KS20260203,2026-04-21,Phường Kim Sơn,Trên 60,Trực tuyến,5,4,5,5,5,4.8
KS20260204,2026-07-30,Phường Hoà Lạc,31-45,Trực tuyến,5,4,5,4,5,4.6
KS20260205,2026-11-15,Phường Hoà Lạc,18-30,Trực tiếp,5,4,4,4,5,4.4
KS20260206,2026-03-12,Phường Hoà Lạc,31-45,Trực tiếp,4,3,4,4,5,4.0
KS20260207,2026-12-07,Phường Hoà Lạc,31-45,Trực tuyến,4,3,4,2,4,3.4
KS20260208,2026-06-20,Xã Nam Hải,46-60,Trực tiếp,3,3,4,3,3,3.2
KS20260209,2026-07-23,Phường Long Phú,18-30,Trực tuyến,4,3,4,4,3,3.6
KS20260210,2026-03-29,Xã Nam Hải,Trên 60,Bưu chính công ích,4,4,4,5,5,4.4
KS20260211,2026-03-09,Phường Hoà Lạc,46-60,Trực tiếp,5,5,5,5,5,5.0
KS20260212,2026-10-30,Xã Tân Phước,31-45,Trực tiếp,4,3,4,3,3,3.4
KS20260213,2026-11-05,Phường Hoà Lạc,31-45,Trực tuyến,3,3,4,3,3,3.2
KS20260214,2026-09-02,Phường Hoà Lạc,18-30,Trực tuyến,4,3,5,4,4,4.0
KS20260215,2026-06-06,Phường An Thịnh,31-45,Trực tuyến,5,4,5,4,4,4.4
KS20260216,2026-01-22,Xã Tân Phước,46-60,Trực tuyến,4,4,3,3,3,3.4
KS20260217,2026-06-19,Phường Hoà Lạc,31-45,Trực tiếp,5,5,5,5,5,5.0
KS20260218,2026-05-04,Phường Long Phú,18-30,Trực tiếp,5,5,5,5,5,5.0
KS20260219,2026-12-18,Phường Bình Minh,Trên 60,Bưu chính công ích,4,3,4,4,5,4.0
KS20260220,2026-09-28,Phường Kim Sơn,18-30,Trực tiếp,5,4,4,3,5,4.2
KS20260221,2026-01-15,Xã Tân Phước,18-30,Trực tuyến,3,3,3,3,3,3.0
KS20260222,2026-03-06,Xã Nam Hải,31-45,Bưu chính công ích,2,3,2,3,3,2.6
KS20260223,2026-10-05,Phường An Thịnh,31-45,Trực tuyến,4,3,4,4,4,3.8
KS20260224,2026-06-22,Phường An Thịnh,46-60,Trực tuyến,5,4,4,4,5,4.4
KS20260225,2026-07-17,Phường Long Phú,46-60,Trực tuyến,5,4,5,4,5,4.6
KS20260226,2026-09-01,Phường Kim Sơn,31-45,Bưu chính công ích,5,5,4,4,4,4.4
KS20260227,2026-09-22,Xã Nam Hải,Trên 60,Trực tiếp,4,4,5,4,4,4.2
KS20260228,2026-02-21,Xã Tân Phước,31-45,Trực tiếp,5,5,5,5,5,5.0
KS20260229,2026-04-05,Phường Bình Minh,31-45,Trực tiếp,4,4,4,4,4,4.0
KS20260230,2026-04-07,Phường Long Phú,31-45,Trực tiếp,5,5,5,4,5,4.8
KS20260231,2026-08-27,Phường Hoà Lạc,46-60,Trực tuyến,4,3,2,3,4,3.2
KS20260232,2026-07-08,Phường Bình Minh,46-60,Trực tuyến,5,4,5,4,4,4.4
KS20260233,2026-02-19,Phường Hoà Lạc,46-60,Trực tuyến,4,4,3,4,4,3.8
KS20260234,2026-09-09,Xã Mỹ Trạch,31-45,Trực tuyến,4,3,4,4,4,3.8
KS20260235,2026-06-19,Phường Hoà Lạc,Trên 60,Trực tiếp,5,3,4,5,4,4.2
KS20260236,2026-10-04,Xã Tân Phước,46-60,Trực tuyến,5,4,5,5,4,4.6
KS20260237,2026-06-24,Xã Mỹ Trạch,46-60,Trực tuyến,3,3,4,3,3,3.2
KS20260238,2026-11-13,Phường An Thịnh,31-45,Trực tuyến,5,5,5,5,5,5.0
KS20260239,2026-08-26,Phường Hoà Lạc,46-60,Trực tuyến,4,3,4,4,4,3.8
KS20260240,2026-11-26,Phường Hoà Lạc,46-60,Trực tiếp,4,2,3,3,3,3.0
KS20260241,2026-10-21,Phường An Thịnh,46-60,Trực tuyến,3,3,3,3,4,3.2
KS20260242,2026-12-01,Xã Nam Hải,18-30,Trực tiếp,3,3,4,3,3,3.2
KS20260243,2026-11-09,Xã Tân Phước,31-45,Trực tuyến,4,4,4,4,3,3.8
KS20260244,2026-03-21,Phường Long Phú,46-60,Trực tiếp,5,5,5,5,5,5.0
KS20260245,2026-11-14,Xã Nam Hải,18-30,Bưu chính công ích,4,3,3,3,3,3.2
KS20260246,2026-12-18,Phường Long Phú,31-45,Trực tuyến,4,3,4,3,5,3.8
KS20260247,2026-05-17,Xã Mỹ Trạch,31-45,Trực tiếp,5,4,5,5,5,4.8
KS20260248,2026-01-20,Phường Long Phú,31-45,Trực tiếp,5,5,4,4,4,4.4
KS20260249,2026-10-28,Phường An Thịnh,31-45,Trực tiếp,3,4,3,4,3,3.4
KS20260250,2026-05-22,Phường Long Phú,18-30,Trực tiếp,5,5,5,5,5,5.0
KS20260251,2026-10-24,Phường Long Phú,46-60,Trực tiếp,5,4,4,4,5,4.4
KS20260252,2026-10-01,Phường Bình Minh,31-45,Trực tiếp,5,4,5,5,5,4.8
KS20260253,2026-03-17,Phường An Thịnh,31-45,Trực tiếp,4,4,4,5,5,4.4
KS20260254,2026-10-07,Phường Long Phú,31-45,Trực tuyến,4,3,5,4,3,3.8
KS20260255,2026-10-07,Phường Long Phú,46-60,Trực tuyến,4,3,3,4,4,3.6
KS20260256,2026-02-23,Xã Tân Phước,31-45,Trực tuyến,4,5,3,3,4,3.8
KS20260257,2026-02-27,Xã Mỹ Trạch,31-45,Trực tiếp,3,4,4,4,4,3.8
KS20260258,2026-05-19,Phường Hoà Lạc,31-45,Trực tiếp,2,4,4,3,4,3.4
KS20260259,2026-08-05,Phường Long Phú,Trên 60,Trực tuyến,4,3,3,3,4,3.4
KS20260260,2026-03-19,Phường Long Phú,31-45,Trực tiếp,4,4,4,3,4,3.8
KS20260261,2026-05-14,Phường Kim Sơn,31-45,Trực tuyến,5,4,4,3,5,4.2
KS20260262,2026-06-17,Phường Long Phú,31-45,Trực tiếp,4,4,4,5,5,4.4
KS20260263,2026-01-15,Xã Mỹ Trạch,46-60,Trực tuyến,5,4,5,5,4,4.6
KS20260264,2026-05-27,Xã Nam Hải,31-45,Trực tuyến,4,4,4,4,4,4.0
KS20260265,2026-06-13,Phường Bình Minh,31-45,Trực tuyến,4,2,4,3,5,3.6
KS20260266,2026-11-28,Phường Hoà Lạc,31-45,Trực tuyến,5,5,4,5,5,4.8
KS20260267,2026-06-16,Phường Long Phú,Trên 60,Trực tiếp,5,5,5,5,5,5.0
KS20260268,2026-11-23,Phường Kim Sơn,18-30,Trực tuyến,4,3,4,4,3,3.6
KS20260269,2026-04-20,Phường Bình Minh,31-45,Trực tuyến,3,3,3,2,3,2.8
KS20260270,2026-02-12,Xã Tân Phước,18-30,Trực tuyến,5,5,4,5,5,4.8
KS20260271,2026-06-21,Phường Bình Minh,31-45,Trực tuyến,3,2,3,2,3,2.6
KS20260272,2026-05-04,Phường Kim Sơn,46-60,Trực tuyến,2,2,3,2,2,2.2
KS20260273,2026-11-03,Phường Kim Sơn,46-60,Trực tiếp,5,4,5,5,5,4.8
KS20260274,2026-10-07,Phường Kim Sơn,31-45,Trực tuyến,5,4,4,4,4,4.2
KS20260275,2026-12-07,Xã Nam Hải,46-60,Trực tuyến,5,5,5,5,5,5.0
KS20260276,2026-08-24,Xã Tân Phước,18-30,Trực tiếp,5,3,5,5,5,4.6
KS20260277,2026-06-14,Phường An Thịnh,18-30,Trực tuyến,4,3,3,4,4,3.6
KS20260278,2026-12-20,Phường Hoà Lạc,31-45,Bưu chính công ích,4,3,3,4,3,3.4
KS20260279,2026-09-17,Xã Tân Phước,31-45,Trực tiếp,4,4,3,3,3,3.4
KS20260280,2026-05-10,Phường Kim Sơn,31-45,Trực tuyến,4,4,4,4,4,4.0
KS20260281,2026-06-02,Xã Nam Hải,Trên 60,Trực tuyến,3,4,4,4,3,3.6
KS20260282,2026-11-03,Phường Long Phú,18-30,Trực tuyến,3,3,2,3,2,2.6
KS20260283,2026-03-02,Phường Bình Minh,31-45,Trực tiếp,4,4,3,4,4,3.8
KS20260284,2026-05-06,Phường Bình Minh,31-45,Trực tiếp,4,3,4,4,5,4.0
KS20260285,2026-05-20,Phường Long Phú,Trên 60,Trực tiếp,3,4,3,3,4,3.4
KS20260286,2026-07-31,Phường Kim Sơn,31-45,Trực tuyến,3,3,4,3,3,3.2
KS20260287,2026-06-27,Phường Hoà Lạc,Trên 60,Trực tuyến,3,4,3,4,5,3.8
KS20260288,2026-05-23,Phường Bình Minh,31-45,Trực tiếp,4,3,4,5,4,4.0
KS20260289,2026-05-01,Xã Mỹ Trạch,46-60,Trực tuyến,4,4,4,3,4,3.8
KS20260290,2026-03-05,Xã Tân Phước,46-60,Trực tuyến,4,4,4,4,4,4.0
KS20260291,2026-01-09,Xã Tân Phước,31-45,Trực tiếp,4,4,4,4,4,4.0
KS20260292,2026-10-11,Xã Mỹ Trạch,18-30,Trực tuyến,5,5,5,5,5,5.0
KS20260293,2026-07-24,Phường Long Phú,Trên 60,Trực tuyến,3,3,4,5,4,3.8
KS20260294,2026-01-24,Phường Kim Sơn,46-60,Trực tuyến,4,4,4,4,4,4.0
KS20260295,2026-12-08,Xã Nam Hải,31-45,Trực tiếp,5,5,4,4,4,4.4
KS20260296,2026-05-16,Phường Hoà Lạc,Trên 60,Trực tiếp,4,4,5,4,4,4.2
KS20260297,2026-05-23,Xã Tân Phước,46-60,Trực tuyến,5,5,5,5,5,5.0
KS20260298,2026-07-25,Xã Nam Hải,18-30,Trực tuyến,5,5,5,5,5,5.0
KS20260299,2026-03-13,Xã Tân Phước,18-30,Trực tiếp,4,3,3,3,3,3.2
KS20260300,2026-01-03,Xã Mỹ Trạch,18-30,Trực tuyến,3,3,3,3,3,3.0
KS20260301,2026-12-22,Phường Bình Minh,31-45,Trực tiếp,3,4,2,2,3,2.8
KS20260302,2026-04-20,Phường Long Phú,31-45,Trực tuyến,4,4,4,4,4,4.0
KS20260303,2026-04-05,Phường An Thịnh,31-45,Trực tuyến,4,4,4,4,4,4.0
KS20260304,2026-09-24,Phường Hoà Lạc,Trên 60,Trực tiếp,5,4,5,5,5,4.8
KS20260305,2026-02-24,Phường Kim Sơn,Trên 60,Bưu chính công ích,4,3,3,4,4,3.6
KS20260306,2026-06-15,Phường Long Phú,46-60,Trực tiếp,4,3,4,4,4,3.8
KS20260307,2026-08-03,Phường Long Phú,18-30,Trực tuyến,2,2,3,2,3,2.4
KS20260308,2026-02-25,Phường Hoà Lạc,46-60,Trực tiếp,5,5,5,5,5,5.0
KS20260309,2026-11-10,Phường Kim Sơn,18-30,Trực tuyến,4,4,4,4,4,4.0
KS20260310,2026-04-25,Xã Nam Hải,31-45,Trực tuyến,5,4,4,3,5,4.2
KS20260311,2026-10-11,Phường Kim Sơn,46-60,Trực tiếp,5,3,4,3,4,3.8
KS20260312,2026-02-16,Phường Bình Minh,18-30,Trực tuyến,4,4,4,4,4,4.0
KS20260313,2026-01-22,Xã Mỹ Trạch,31-45,Trực tuyến,5,5,5,5,5,5.0
KS20260314,2026-08-05,Phường An Thịnh,31-45,Trực tiếp,4,3,5,3,4,3.8
KS20260315,2026-05-02,Phường Kim Sơn,18-30,Trực tuyến,2,2,3,2,3,2.4
KS20260316,2026-03-06,Phường Kim Sơn,46-60,Trực tiếp,4,4,5,4,5,4.4
KS20260317,2026-04-23,Phường An Thịnh,46-60,Trực tiếp,4,4,5,4,5,4.4
KS20260318,2026-01-07,Phường Hoà Lạc,Trên 60,Trực tuyến,5,4,4,4,3,4.0
KS20260319,2026-07-12,Phường Long Phú,Trên 60,Trực tuyến,5,3,4,4,5,4.2
KS20260320,2026-09-10,Phường An Thịnh,31-45,Trực tuyến,5,5,5,5,5,5.0
KS20260321,2026-11-07,Xã Mỹ Trạch,31-45,Trực tuyến,5,5,5,5,5,5.0
KS20260322,2026-04-26,Xã Nam Hải,31-45,Trực tuyến,3,3,3,4,4,3.4
KS20260323,2026-04-02,Phường Hoà Lạc,31-45,Trực tuyến,4,3,3,3,4,3.4
KS20260324,2026-06-25,Phường Kim Sơn,31-45,Trực tiếp,5,5,4,4,5,4.6
KS20260325,2026-10-11,Xã Tân Phước,46-60,Trực tuyến,4,3,3,3,4,3.4
KS20260326,2026-03-04,Xã Mỹ Trạch,31-45,Trực tuyến,4,4,5,4,5,4.4
KS20260327,2026-09-10,Phường Hoà Lạc,31-45,Trực tiếp,4,4,5,5,5,4.6
KS20260328,2026-11-24,Phường Bình Minh,18-30,Trực tiếp,4,3,4,4,5,4.0
KS20260329,2026-04-10,Phường Long Phú,Trên 60,Trực tiếp,4,4,5,3,4,4.0
KS20260330,2026-06-17,Phường An Thịnh,18-30,Trực tuyến,5,5,5,4,5,4.8
KS20260331,2026-12-20,Xã Nam Hải,46-60,Bưu chính công ích,5,4,5,5,5,4.8
KS20260332,2026-06-09,Phường An Thịnh,31-45,Trực tuyến,5,4,4,5,5,4.6
KS20260333,2026-11-30,Xã Tân Phước,46-60,Trực tiếp,4,4,3,4,3,3.6
KS20260334,2026-08-24,Phường Hoà Lạc,31-45,Bưu chính công ích,5,5,4,4,4,4.4
KS20260335,2026-02-12,Phường Bình Minh,46-60,Trực tuyến,3,3,3,3,3,3.0
KS20260336,2026-10-03,Phường Hoà Lạc,46-60,Trực tuyến,5,5,5,5,5,5.0
KS20260337,2026-04-07,Xã Mỹ Trạch,31-45,Trực tuyến,3,3,3,3,2,2.8
KS20260338,2026-01-23,Xã Mỹ Trạch,31-45,Trực tuyến,5,4,5,5,5,4.8
KS20260339,2026-07-14,Phường Long Phú,46-60,Trực tuyến,3,3,3,3,3,3.0
KS20260340,2026-03-09,Phường Hoà Lạc,18-30,Trực tuyến,5,4,4,4,5,4.4
KS20260341,2026-03-16,Xã Nam Hải,31-45,Trực tiếp,4,3,4,4,4,3.8
KS20260342,2026-12-31,Phường An Thịnh,Trên 60,Trực tiếp,4,4,5,5,4,4.4
KS20260343,2026-08-30,Phường An Thịnh,31-45,Trực tuyến,5,4,4,5,4,4.4
KS20260344,2026-12-31,Phường Kim Sơn,31-45,Trực tuyến,4,3,4,3,4,3.6
KS20260345,2026-03-25,Xã Mỹ Trạch,31-45,Trực tiếp,4,4,3,4,3,3.6
KS20260346,2026-11-06,Xã Tân Phước,18-30,Trực tuyến,4,3,4,5,4,4.0
KS20260347,2026-10-31,Phường Bình Minh,18-30,Trực tuyến,4,3,4,4,4,3.8
KS20260348,2026-03-29,Phường Bình Minh,Trên 60,Trực tuyến,4,4,4,3,3,3.6
KS20260349,2026-04-03,Xã Mỹ Trạch,18-30,Trực tiếp,4,3,5,4,5,4.2
KS20260350,2026-08-07,Phường Long Phú,18-30,Trực tiếp,4,3,4,4,4,3.8
KS20260351,2026-10-29,Phường Kim Sơn,Trên 60,Trực tuyến,3,3,3,3,4,3.2
KS20260352,2026-09-18,Xã Nam Hải,31-45,Trực tuyến,5,4,5,4,5,4.6
KS20260353,2026-02-19,Phường Kim Sơn,31-45,Trực tiếp,3,2,2,2,3,2.4
KS20260354,2026-01-20,Xã Nam Hải,31-45,Trực tiếp,5,5,5,5,5,5.0
KS20260355,2026-03-19,Phường Bình Minh,31-45,Trực tuyến,3,4,4,2,4,3.4
KS20260356,2026-06-10,Xã Tân Phước,18-30,Bưu chính công ích,5,5,5,5,5,5.0
KS20260357,2026-05-25,Phường Hoà Lạc,18-30,Trực tuyến,4,3,3,4,3,3.4
KS20260358,2026-05-01,Phường Hoà Lạc,31-45,Trực tuyến,5,4,5,3,4,4.2
KS20260359,2026-11-24,Xã Nam Hải,18-30,Trực tuyến,5,5,5,4,5,4.8
KS20260360,2026-02-19,Phường An Thịnh,46-60,Trực tiếp,4,4,4,5,5,4.4
KS20260361,2026-05-22,Phường An Thịnh,Trên 60,Trực tiếp,4,3,3,4,3,3.4
KS20260362,2026-09-14,Xã Nam Hải,46-60,Trực tiếp,5,5,5,5,4,4.8
KS20260363,2026-12-02,Xã Nam Hải,31-45,Trực tiếp,3,3,4,4,4,3.6
KS20260364,2026-05-19,Phường Long Phú,31-45,Trực tuyến,5,4,5,5,5,4.8
KS20260365,2026-12-23,Phường Hoà Lạc,18-30,Trực tuyến,4,4,5,4,4,4.2
KS20260366,2026-09-26,Phường Long Phú,18-30,Trực tuyến,2,2,3,3,2,2.4
KS20260367,2026-01-24,Xã Mỹ Trạch,46-60,Bưu chính công ích,3,3,4,3,3,3.2
KS20260368,2026-08-01,Phường Bình Minh,46-60,Trực tuyến,4,4,4,4,4,4.0
KS20260369,2026-10-10,Xã Nam Hải,18-30,Trực tiếp,5,4,4,4,5,4.4
KS20260370,2026-12-25,Phường Bình Minh,46-60,Trực tuyến,3,3,4,4,3,3.4
KS20260371,2026-12-18,Phường Kim Sơn,31-45,Trực tuyến,4,4,4,4,3,3.8
KS20260372,2026-01-03,Phường An Thịnh,18-30,Trực tuyến,4,4,4,4,4,4.0
KS20260373,2026-07-10,Phường Hoà Lạc,46-60,Trực tiếp,5,4,4,4,5,4.4
KS20260374,2026-03-26,Phường Kim Sơn,Trên 60,Trực tuyến,4,3,3,5,4,3.8
KS20260375,2026-10-16,Xã Tân Phước,31-45,Trực tiếp,3,2,2,3,3,2.6
KS20260376,2026-01-26,Xã Tân Phước,46-60,Trực tiếp,5,4,5,5,5,4.8
KS20260377,2026-02-13,Phường An Thịnh,31-45,Trực tuyến,4,4,4,4,4,4.0
KS20260378,2026-07-03,Phường Hoà Lạc,31-45,Trực tiếp,3,3,4,4,4,3.6
KS20260379,2026-05-09,Phường An Thịnh,31-45,Trực tuyến,5,4,5,5,5,4.8
KS20260380,2026-11-16,Phường Kim Sơn,31-45,Trực tuyến,4,3,4,4,4,3.8
KS20260381,2026-12-18,Phường An Thịnh,31-45,Trực tiếp,3,3,3,3,4,3.2
KS20260382,2026-12-27,Phường Hoà Lạc,18-30,Trực tuyến,5,4,5,5,5,4.8
KS20260383,2026-02-11,Phường Hoà Lạc,46-60,Trực tuyến,4,3,4,3,4,3.6
KS20260384,2026-07-24,Xã Nam Hải,Trên 60,Trực tuyến,3,3,3,3,3,3.0
KS20260385,2026-11-21,Phường Bình Minh,18-30,Trực tuyến,4,4,4,4,4,4.0
KS20260386,2026-06-11,Phường An Thịnh,31-45,Trực tuyến,4,4,5,4,5,4.4
KS20260387,2026-08-09,Phường Bình Minh,31-45,Trực tuyến,4,3,3,5,3,3.6
KS20260388,2026-07-27,Xã Nam Hải,18-30,Trực tuyến,3,3,4,4,3,3.4
KS20260389,2026-12-08,Phường An Thịnh,18-30,Trực tuyến,3,4,3,4,3,3.4
KS20260390,2026-11-15,Phường Long Phú,31-45,Trực tuyến,4,2,3,3,4,3.2
KS20260391,2026-10-12,Phường An Thịnh,Trên 60,Trực tiếp,4,5,5,4,4,4.4
KS20260392,2026-01-07,Phường An Thịnh,31-45,Trực tiếp,4,5,4,5,5,4.6
KS20260393,2026-02-25,Xã Tân Phước,18-30,Trực tuyến,5,4,5,4,4,4.4
KS20260394,2026-01-04,Phường Kim Sơn,31-45,Trực tuyến,5,5,5,5,4,4.8
KS20260395,2026-07-06,Xã Tân Phước,31-45,Trực tiếp,4,4,4,4,4,4.0
KS20260396,2026-11-02,Phường Bình Minh,31-45,Trực tiếp,4,3,4,3,4,3.6
KS20260397,2026-01-14,Xã Tân Phước,18-30,Trực tuyến,4,3,3,4,4,3.6
KS20260398,2026-11-13,Phường Hoà Lạc,18-30,Trực tuyến,5,5,5,4,5,4.8
KS20260399,2026-02-09,Phường Bình Minh,31-45,Trực tuyến,3,4,4,4,4,3.8
KS20260400,2026-05-02,Phường An Thịnh,46-60,Trực tuyến,5,3,3,4,5,4.0
KS20260401,2026-09-29,Phường Bình Minh,46-60,Trực tuyến,4,4,4,5,5,4.4
KS20260402,2026-12-03,Phường Bình Minh,18-30,Trực tuyến,4,4,5,3,5,4.2
KS20260403,2026-09-30,Phường Long Phú,18-30,Trực tuyến,4,4,4,4,4,4.0
KS20260404,2026-01-15,Xã Mỹ Trạch,31-45,Bưu chính công ích,4,4,5,4,4,4.2
KS20260405,2026-06-14,Phường An Thịnh,Trên 60,Trực tuyến,4,4,5,4,4,4.2
KS20260406,2026-12-04,Phường Kim Sơn,18-30,Trực tiếp,4,4,5,4,4,4.2
KS20260407,2026-03-22,Phường Hoà Lạc,31-45,Trực tiếp,4,3,3,3,4,3.4
KS20260408,2026-08-20,Phường An Thịnh,Trên 60,Trực tuyến,4,3,4,3,3,3.4
KS20260409,2026-03-15,Phường An Thịnh,18-30,Trực tuyến,5,5,5,5,5,5.0
KS20260410,2026-10-01,Phường Kim Sơn,31-45,Trực tiếp,5,4,5,5,5,4.8
KS20260411,2026-01-07,Xã Tân Phước,31-45,Trực tiếp,4,4,5,5,5,4.6
KS20260412,2026-02-17,Xã Tân Phước,31-45,Trực tuyến,5,5,4,4,5,4.6
KS20260413,2026-06-20,Phường An Thịnh,18-30,Bưu chính công ích,5,5,5,5,5,5.0
KS20260414,2026-12-23,Phường Hoà Lạc,18-30,Trực tuyến,4,4,4,4,4,4.0
KS20260415,2026-11-29,Phường Kim Sơn,Trên 60,Trực tuyến,4,3,4,4,5,4.0
KS20260416,2026-07-03,Xã Tân Phước,18-30,Trực tuyến,5,5,4,4,5,4.6
KS20260417,2026-06-24,Phường Kim Sơn,Trên 60,Trực tuyến,5,5,5,5,5,5.0
KS20260418,2026-12-01,Phường Kim Sơn,31-45,Bưu chính công ích,4,4,4,4,4,4.0
KS20260419,2026-03-02,Xã Nam Hải,31-45,Trực tiếp,4,4,3,4,5,4.0
KS20260420,2026-06-01,Xã Nam Hải,31-45,Trực tuyến,5,4,5,4,5,4.6
KS20260421,2026-01-25,Phường Bình Minh,18-30,Trực tiếp,5,5,5,4,5,4.8
KS20260422,2026-04-22,Xã Tân Phước,18-30,Trực tiếp,5,5,5,5,5,5.0
KS20260423,2026-09-13,Phường Long Phú,31-45,Trực tiếp,4,2,4,4,3,3.4
KS20260424,2026-05-09,Xã Tân Phước,18-30,Trực tuyến,4,3,4,3,4,3.6
KS20260425,2026-06-21,Xã Tân Phước,46-60,Trực tuyến,5,5,5,5,5,5.0
KS20260426,2026-06-01,Phường Long Phú,18-30,Trực tiếp,3,3,3,4,3,3.2
KS20260427,2026-08-06,Phường Long Phú,Trên 60,Trực tiếp,4,4,5,3,3,3.8
KS20260428,2026-01-30,Phường Bình Minh,46-60,Trực tiếp,4,5,4,4,5,4.4
KS20260429,2026-10-14,Phường Long Phú,18-30,Trực tuyến,4,5,3,4,4,4.0
KS20260430,2026-05-08,Xã Tân Phước,46-60,Trực tiếp,4,3,4,3,5,3.8
KS20260431,2026-04-13,Phường Long Phú,31-45,Trực tiếp,3,2,4,4,4,3.4
KS20260432,2026-11-17,Xã Mỹ Trạch,46-60,Bưu chính công ích,4,3,3,3,3,3.2
KS20260433,2026-04-01,Phường Long Phú,46-60,Trực tuyến,4,3,4,5,5,4.2
KS20260434,2026-03-15,Phường Kim Sơn,46-60,Trực tuyến,4,4,4,4,5,4.2
KS20260435,2026-05-23,Phường An Thịnh,31-45,Trực tuyến,5,5,5,5,5,5.0
KS20260436,2026-10-17,Xã Tân Phước,31-45,Trực tuyến,4,3,4,3,4,3.6
KS20260437,2026-03-18,Phường Bình Minh,18-30,Trực tuyến,4,3,4,3,4,3.6
KS20260438,2026-07-18,Xã Nam Hải,46-60,Trực tiếp,5,3,4,4,5,4.2
KS20260439,2026-04-19,Xã Mỹ Trạch,Trên 60,Trực tiếp,4,4,4,4,4,4.0
KS20260440,2026-07-26,Xã Tân Phước,31-45,Trực tuyến,3,3,3,3,3,3.0
KS20260441,2026-12-06,Phường Kim Sơn,18-30,Trực tuyến,5,5,5,5,5,5.0
KS20260442,2026-05-11,Phường Bình Minh,31-45,Trực tuyến,5,4,5,5,5,4.8
KS20260443,2026-01-21,Phường Kim Sơn,18-30,Trực tuyến,3,4,3,3,4,3.4
KS20260444,2026-05-10,Phường Hoà Lạc,31-45,Trực tuyến,5,5,5,5,5,5.0
KS20260445,2026-06-09,Phường Kim Sơn,18-30,Trực tiếp,3,4,4,3,4,3.6
KS20260446,2026-01-24,Phường Hoà Lạc,31-45,Trực tuyến,3,3,3,4,3,3.2
KS20260447,2026-06-08,Xã Nam Hải,Trên 60,Trực tiếp,4,3,3,3,3,3.2
KS20260448,2026-05-13,Phường Hoà Lạc,31-45,Trực tuyến,5,5,5,5,4,4.8
KS20260449,2026-03-21,Phường Kim Sơn,18-30,Trực tuyến,4,3,3,3,3,3.2
KS20260450,2026-07-28,Phường Kim Sơn,46-60,Trực tiếp,4,4,4,3,4,3.8
KS20260451,2026-07-26,Xã Nam Hải,46-60,Bưu chính công ích,4,3,3,4,3,3.4
KS20260452,2026-08-27,Phường An Thịnh,18-30,Trực tuyến,4,3,3,4,5,3.8
KS20260453,2026-10-26,Xã Tân Phước,31-45,Trực tuyến,4,3,4,4,4,3.8
KS20260454,2026-05-15,Phường Long Phú,31-45,Trực tuyến,5,5,5,5,5,5.0
KS20260455,2026-01-14,Xã Nam Hải,18-30,Trực tiếp,4,3,4,4,4,3.8
KS20260456,2026-08-22,Xã Mỹ Trạch,18-30,Trực tuyến,5,4,4,4,4,4.2
KS20260457,2026-06-08,Xã Tân Phước,Trên 60,Trực tuyến,5,5,5,4,5,4.8
KS20260458,2026-04-30,Phường Bình Minh,18-30,Trực tiếp,5,5,5,5,5,5.0
KS20260459,2026-03-13,Phường Long Phú,18-30,Trực tiếp,5,4,4,5,4,4.4
KS20260460,2026-02-15,Xã Tân Phước,46-60,Trực tuyến,4,3,4,3,3,3.4
KS20260461,2026-07-21,Phường An Thịnh,46-60,Trực tuyến,5,3,4,3,3,3.6
KS20260462,2026-04-07,Phường Bình Minh,46-60,Trực tuyến,4,3,4,4,4,3.8
KS20260463,2026-04-25,Xã Nam Hải,31-45,Trực tiếp,5,4,5,5,5,4.8
KS20260464,2026-06-12,Phường Hoà Lạc,18-30,Trực tuyến,4,4,5,5,5,4.6
KS20260465,2026-07-17,Phường Hoà Lạc,46-60,Trực tiếp,4,4,5,4,4,4.2
KS20260466,2026-06-18,Phường Long Phú,46-60,Bưu chính công ích,5,5,4,4,5,4.6
KS20260467,2026-01-09,Phường Kim Sơn,Trên 60,Trực tuyến,3,1,3,3,3,2.6
KS20260468,2026-04-27,Xã Nam Hải,46-60,Trực tiếp,4,5,5,5,5,4.8
KS20260469,2026-11-14,Phường An Thịnh,46-60,Trực tuyến,4,4,4,4,5,4.2
KS20260470,2026-01-21,Xã Nam Hải,46-60,Trực tuyến,4,4,5,4,4,4.2
KS20260471,2026-10-11,Phường Long Phú,46-60,Trực tiếp,4,4,5,4,4,4.2
KS20260472,2026-02-19,Xã Nam Hải,18-30,Trực tiếp,3,3,3,3,3,3.0
KS20260473,2026-04-13,Phường Long Phú,46-60,Trực tuyến,4,4,3,4,4,3.8
KS20260474,2026-04-14,Phường Hoà Lạc,46-60,Trực tiếp,3,2,3,3,3,2.8
KS20260475,2026-11-11,Xã Mỹ Trạch,46-60,Trực tuyến,4,3,3,3,3,3.2
KS20260476,2026-11-09,Xã Nam Hải,18-30,Trực tuyến,4,3,4,4,5,4.0
KS20260477,2026-03-12,Phường Kim Sơn,46-60,Bưu chính công ích,5,4,4,5,5,4.6
KS20260478,2026-03-25,Xã Tân Phước,31-45,Trực tiếp,5,5,5,5,5,5.0
KS20260479,2026-04-20,Xã Mỹ Trạch,Trên 60,Bưu chính công ích,3,3,3,3,3,3.0
KS20260480,2026-12-25,Phường An Thịnh,46-60,Trực tiếp,5,5,5,5,5,5.0
KS20260481,2026-08-28,Phường Long Phú,18-30,Trực tuyến,3,3,4,4,3,3.4
KS20260482,2026-10-03,Phường An Thịnh,31-45,Trực tuyến,4,3,3,4,4,3.6
KS20260483,2026-09-01,Phường Long Phú,31-45,Trực tuyến,5,4,4,4,4,4.2
KS20260484,2026-04-08,Phường Hoà Lạc,18-30,Trực tiếp,5,4,4,3,5,4.2
KS20260485,2026-02-08,Xã Mỹ Trạch,Trên 60,Trực tuyến,4,2,3,3,3,3.0
KS20260486,2026-05-19,Xã Nam Hải,18-30,Trực tuyến,3,4,4,4,5,4.0
KS20260487,2026-01-16,Phường An Thịnh,Trên 60,Trực tuyến,5,4,4,4,5,4.4
KS20260488,2026-09-17,Phường Kim Sơn,18-30,Trực tiếp,4,4,4,4,3,3.8
KS20260489,2026-05-17,Phường Hoà Lạc,46-60,Trực tuyến,4,4,4,3,4,3.8
KS20260490,2026-11-01,Phường Bình Minh,31-45,Trực tiếp,3,4,3,4,4,3.6
KS20260491,2026-07-11,Phường Kim Sơn,18-30,Trực tiếp,5,5,5,4,5,4.8
KS20260492,2026-04-25,Xã Mỹ Trạch,31-45,Trực tuyến,4,3,5,3,3,3.6
KS20260493,2026-02-09,Xã Tân Phước,46-60,Trực tuyến,5,5,5,5,5,5.0
KS20260494,2026-08-16,Xã Tân Phước,31-45,Trực tuyến,5,5,5,4,5,4.8
KS20260495,2026-12-03,Xã Nam Hải,46-60,Trực tuyến,4,3,4,4,5,4.0
KS20260496,2026-03-03,Phường An Thịnh,31-45,Trực tuyến,3,3,2,3,3,2.8
KS20260497,2026-06-30,Phường Long Phú,18-30,Trực tuyến,4,3,4,4,3,3.6
KS20260498,2026-11-05,Phường Hoà Lạc,31-45,Trực tuyến,5,4,4,4,4,4.2
KS20260499,2026-06-26,Xã Mỹ Trạch,46-60,Trực tiếp,4,4,4,4,4,4.0
KS20260500,2026-06-30,Phường Hoà Lạc,31-45,Trực tiếp,4,5,5,5,5,4.8
KS20260501,2026-01-10,Phường Bình Minh,18-30,Trực tuyến,3,2,3,3,4,3.0
KS20260502,2026-02-13,Xã Tân Phước,46-60,Trực tuyến,5,4,5,4,4,4.4
KS20260503,2026-04-06,Phường Hoà Lạc,31-45,Trực tuyến,5,5,5,4,5,4.8
KS20260504,2026-05-14,Phường Long Phú,18-30,Trực tuyến,3,3,3,3,3,3.0
KS20260505,2026-11-17,Phường Long Phú,18-30,Trực tuyến,4,3,4,3,3,3.4
KS20260506,2026-10-06,Phường Kim Sơn,31-45,Trực tuyến,5,4,5,4,4,4.4
KS20260507,2026-01-15,Phường Bình Minh,31-45,Trực tuyến,2,4,3,3,4,3.2
KS20260508,2026-11-12,Xã Tân Phước,46-60,Trực tuyến,4,4,4,4,5,4.2
KS20260509,2026-01-11,Phường Long Phú,46-60,Trực tuyến,5,3,5,4,4,4.2
KS20260510,2026-01-17,Xã Mỹ Trạch,18-30,Trực tiếp,3,1,2,1,2,1.8
KS20260511,2026-12-01,Phường An Thịnh,46-60,Trực tuyến,3,2,4,3,3,3.0
KS20260512,2026-11-16,Xã Mỹ Trạch,18-30,Trực tiếp,3,3,3,4,4,3.4
KS20260513,2026-04-07,Phường Hoà Lạc,31-45,Bưu chính công ích,5,4,4,4,4,4.2
KS20260514,2026-07-08,Phường Long Phú,31-45,Trực tiếp,4,3,4,3,4,3.6
KS20260515,2026-09-23,Xã Mỹ Trạch,31-45,Bưu chính công ích,3,3,3,4,3,3.2
KS20260516,2026-12-09,Xã Tân Phước,18-30,Trực tuyến,4,4,3,4,3,3.6
KS20260517,2026-12-11,Phường An Thịnh,18-30,Trực tuyến,4,3,3,3,4,3.4
KS20260518,2026-10-07,Xã Nam Hải,18-30,Trực tuyến,5,5,5,5,5,5.0
KS20260519,2026-04-26,Xã Nam Hải,18-30,Bưu chính công ích,3,2,3,3,3,2.8
KS20260520,2026-02-01,Phường Kim Sơn,18-30,Trực tiếp,4,4,4,4,4,4.0
KS20260521,2026-10-22,Phường An Thịnh,31-45,Trực tuyến,4,3,5,4,4,4.0
KS20260522,2026-11-30,Phường Kim Sơn,18-30,Trực tiếp,4,4,4,4,5,4.2
KS20260523,2026-06-11,Xã Tân Phước,Trên 60,Trực tuyến,5,4,4,4,5,4.4
KS20260524,2026-02-07,Phường Hoà Lạc,Trên 60,Trực tiếp,3,3,3,3,2,2.8
KS20260525,2026-09-13,Phường An Thịnh,31-45,Trực tuyến,3,4,4,3,5,3.8
KS20260526,2026-07-25,Xã Mỹ Trạch,18-30,Trực tuyến,5,3,4,4,4,4.0
KS20260527,2026-07-17,Xã Mỹ Trạch,18-30,Trực tiếp,5,4,4,4,5,4.4
KS20260528,2026-01-30,Phường Kim Sơn,31-45,Trực tuyến,4,3,3,2,3,3.0
KS20260529,2026-11-14,Phường Hoà Lạc,46-60,Trực tuyến,4,4,5,5,5,4.6
KS20260530,2026-02-20,Phường Kim Sơn,31-45,Trực tuyến,4,4,4,3,4,3.8
KS20260531,2026-11-20,Phường Kim Sơn,18-30,Trực tuyến,3,4,4,4,4,3.8
KS20260532,2026-09-05,Xã Mỹ Trạch,18-30,Trực tuyến,2,2,2,3,3,2.4
KS20260533,2026-05-15,Phường Kim Sơn,18-30,Trực tuyến,3,3,4,3,4,3.4
KS20260534,2026-04-12,Phường Hoà Lạc,18-30,Trực tiếp,3,4,4,4,4,3.8
KS20260535,2026-05-22,Phường Bình Minh,31-45,Trực tuyến,4,3,4,3,4,3.6
KS20260536,2026-08-19,Xã Nam Hải,18-30,Trực tiếp,4,4,4,5,5,4.4
KS20260537,2026-07-28,Xã Mỹ Trạch,31-45,Trực tuyến,3,3,3,3,3,3.0
KS20260538,2026-10-01,Xã Nam Hải,31-45,Trực tuyến,3,3,3,3,3,3.0
KS20260539,2026-04-27,Phường Kim Sơn,31-45,Trực tuyến,5,5,5,5,5,5.0
KS20260540,2026-08-01,Phường Hoà Lạc,18-30,Trực tiếp,3,3,3,3,3,3.0
KS20260541,2026-01-07,Phường Bình Minh,31-45,Trực tuyến,4,3,4,4,5,4.0
KS20260542,2026-07-07,Xã Mỹ Trạch,18-30,Trực tuyến,4,3,4,3,3,3.4
KS20260543,2026-05-20,Phường Kim Sơn,31-45,Trực tuyến,3,3,4,4,4,3.6
KS20260544,2026-10-12,Xã Mỹ Trạch,46-60,Trực tiếp,4,4,4,5,3,4.0
KS20260545,2026-02-24,Xã Mỹ Trạch,46-60,Bưu chính công ích,3,3,3,3,3,3.0
KS20260546,2026-11-14,Xã Nam Hải,18-30,Bưu chính công ích,5,5,4,5,4,4.6
KS20260547,2026-07-03,Xã Mỹ Trạch,46-60,Trực tuyến,3,2,3,3,2,2.6
KS20260548,2026-01-04,Phường Bình Minh,31-45,Trực tuyến,4,3,5,4,4,4.0
KS20260549,2026-01-26,Xã Tân Phước,46-60,Trực tuyến,5,3,3,5,4,4.0
KS20260550,2026-08-16,Phường Bình Minh,18-30,Trực tuyến,5,4,3,4,4,4.0
KS20260551,2026-07-27,Xã Nam Hải,31-45,Trực tuyến,4,4,3,4,4,3.8
KS20260552,2026-07-25,Phường Kim Sơn,31-45,Trực tiếp,2,2,2,2,2,2.0
KS20260553,2026-05-19,Phường Bình Minh,46-60,Bưu chính công ích,4,4,5,4,4,4.2
KS20260554,2026-10-04,Phường Kim Sơn,18-30,Trực tuyến,4,4,4,4,4,4.0
KS20260555,2026-05-24,Phường An Thịnh,46-60,Bưu chính công ích,3,2,2,3,3,2.6
KS20260556,2026-03-07,Xã Nam Hải,18-30,Trực tiếp,5,5,5,5,5,5.0
KS20260557,2026-01-24,Phường Bình Minh,31-45,Trực tuyến,4,4,4,5,4,4.2
KS20260558,2026-04-23,Xã Mỹ Trạch,18-30,Trực tuyến,4,3,2,2,4,3.0
KS20260559,2026-07-15,Xã Tân Phước,18-30,Trực tiếp,5,3,4,5,4,4.2
KS20260560,2026-12-22,Xã Nam Hải,46-60,Trực tuyến,3,4,4,4,3,3.6
KS20260561,2026-09-01,Xã Nam Hải,46-60,Trực tiếp,3,3,4,4,5,3.8
KS20260562,2026-12-29,Xã Nam Hải,31-45,Trực tiếp,5,4,5,5,5,4.8
KS20260563,2026-07-04,Phường Long Phú,Trên 60,Trực tiếp,4,4,4,5,4,4.2
KS20260564,2026-09-20,Xã Nam Hải,46-60,Trực tiếp,5,5,5,5,5,5.0
KS20260565,2026-12-19,Phường Bình Minh,46-60,Trực tuyến,3,3,5,4,4,3.8
KS20260566,2026-05-06,Phường An Thịnh,Trên 60,Trực tuyến,3,2,3,3,3,2.8
KS20260567,2026-05-18,Phường Kim Sơn,31-45,Trực tiếp,4,4,4,4,4,4.0
KS20260568,2026-08-24,Phường Kim Sơn,46-60,Trực tiếp,4,3,3,4,3,3.4
KS20260569,2026-09-10,Phường Hoà Lạc,31-45,Trực tuyến,5,4,4,4,5,4.4
KS20260570,2026-07-24,Phường Long Phú,Trên 60,Trực tuyến,3,4,5,4,4,4.0
KS20260571,2026-07-13,Phường An Thịnh,31-45,Trực tuyến,3,4,4,3,4,3.6
KS20260572,2026-10-17,Phường Long Phú,18-30,Bưu chính công ích,2,3,3,2,3,2.6
KS20260573,2026-01-01,Xã Nam Hải,31-45,Bưu chính công ích,5,5,5,5,5,5.0
KS20260574,2026-03-12,Phường Bình Minh,31-45,Trực tiếp,5,3,4,5,5,4.4
KS20260575,2026-06-06,Xã Tân Phước,18-30,Trực tuyến,4,3,3,4,4,3.6
KS20260576,2026-09-12,Xã Mỹ Trạch,31-45,Trực tiếp,5,4,5,4,5,4.6
KS20260577,2026-01-23,Phường Kim Sơn,31-45,Trực tuyến,5,4,4,4,4,4.2
KS20260578,2026-01-31,Phường Kim Sơn,46-60,Trực tuyến,5,4,5,5,4,4.6
KS20260579,2026-10-19,Phường Hoà Lạc,18-30,Trực tiếp,4,4,4,4,4,4.0
KS20260580,2026-10-14,Phường Kim Sơn,31-45,Trực tuyến,4,4,4,4,5,4.2
KS20260581,2026-11-22,Phường Kim Sơn,46-60,Trực tiếp,4,3,4,4,4,3.8
KS20260582,2026-10-27,Xã Nam Hải,18-30,Bưu chính công ích,5,4,5,5,5,4.8
KS20260583,2026-10-04,Phường Long Phú,Trên 60,Trực tiếp,4,4,5,4,4,4.2
KS20260584,2026-08-22,Xã Mỹ Trạch,31-45,Trực tuyến,4,4,4,4,4,4.0
KS20260585,2026-10-31,Phường Bình Minh,46-60,Trực tiếp,3,2,3,3,3,2.8
KS20260586,2026-02-06,Xã Tân Phước,Trên 60,Trực tuyến,5,4,4,5,4,4.4
KS20260587,2026-11-09,Xã Tân Phước,31-45,Trực tuyến,3,4,3,4,4,3.6
KS20260588,2026-01-03,Xã Tân Phước,46-60,Trực tiếp,5,3,4,5,5,4.4
KS20260589,2026-02-02,Xã Tân Phước,18-30,Trực tuyến,4,3,3,3,5,3.6
KS20260590,2026-02-01,Phường Kim Sơn,Trên 60,Bưu chính công ích,5,4,4,3,5,4.2
KS20260591,2026-06-11,Phường Bình Minh,46-60,Trực tiếp,5,4,3,4,4,4.0
KS20260592,2026-01-08,Phường An Thịnh,31-45,Trực tuyến,5,5,4,4,5,4.6
KS20260593,2026-05-18,Xã Tân Phước,31-45,Trực tiếp,4,2,4,3,3,3.2
KS20260594,2026-09-25,Xã Nam Hải,31-45,Trực tiếp,5,5,5,5,5,5.0
KS20260595,2026-02-07,Phường An Thịnh,18-30,Trực tuyến,5,5,5,5,5,5.0
KS20260596,2026-06-29,Phường An Thịnh,46-60,Trực tuyến,5,4,4,5,5,4.6
KS20260597,2026-03-10,Xã Mỹ Trạch,31-45,Trực tiếp,4,4,4,5,4,4.2
KS20260598,2026-01-06,Xã Nam Hải,31-45,Trực tiếp,4,3,4,4,4,3.8
KS20260599,2026-02-25,Xã Mỹ Trạch,Trên 60,Trực tuyến,4,4,4,4,4,4.0
KS20260600,2026-03-02,Phường Bình Minh,46-60,Bưu chính công ích,4,3,4,5,5,4.2
KS20260601,2026-02-22,Xã Tân Phước,46-60,Trực tiếp,4,4,5,3,5,4.2
KS20260602,2026-08-28,Phường Bình Minh,46-60,Trực tuyến,4,3,4,3,4,3.6
KS20260603,2026-01-11,Xã Nam Hải,Trên 60,Trực tuyến,4,5,5,3,5,4.4
KS20260604,2026-09-17,Phường Long Phú,18-30,Trực tiếp,4,4,4,3,4,3.8
KS20260605,2026-12-02,Phường Kim Sơn,18-30,Bưu chính công ích,4,5,4,5,5,4.6
KS20260606,2026-08-19,Xã Tân Phước,18-30,Trực tuyến,5,5,5,4,5,4.8
KS20260607,2026-09-15,Phường Hoà Lạc,Trên 60,Bưu chính công ích,5,5,5,5,5,5.0
KS20260608,2026-07-26,Phường Hoà Lạc,Trên 60,Trực tuyến,3,3,3,3,4,3.2
KS20260609,2026-06-24,Xã Tân Phước,31-45,Trực tiếp,5,4,4,4,4,4.2
KS20260610,2026-11-03,Phường Bình Minh,18-30,Trực tiếp,3,3,3,2,3,2.8
KS20260611,2026-06-19,Xã Nam Hải,31-45,Trực tuyến,4,4,4,3,4,3.8
KS20260612,2026-10-17,Phường Long Phú,31-45,Trực tiếp,5,4,4,5,4,4.4
KS20260613,2026-05-12,Xã Mỹ Trạch,46-60,Trực tiếp,4,4,4,4,4,4.0
KS20260614,2026-02-01,Phường An Thịnh,31-45,Trực tiếp,3,3,3,3,3,3.0
KS20260615,2026-12-01,Phường Kim Sơn,46-60,Trực tuyến,5,5,5,5,5,5.0
KS20260616,2026-04-01,Xã Nam Hải,18-30,Trực tuyến,3,3,3,2,2,2.6
KS20260617,2026-04-12,Xã Mỹ Trạch,31-45,Trực tiếp,5,4,5,4,5,4.6
KS20260618,2026-02-09,Phường An Thịnh,18-30,Trực tuyến,5,5,5,4,5,4.8
KS20260619,2026-04-27,Phường Long Phú,31-45,Trực tuyến,5,3,4,4,5,4.2
KS20260620,2026-01-13,Phường Kim Sơn,31-45,Trực tuyến,4,4,4,4,4,4.0
KS20260621,2026-03-17,Phường Long Phú,31-45,Trực tuyến,5,3,5,4,4,4.2
KS20260622,2026-06-30,Phường An Thịnh,18-30,Trực tiếp,4,4,4,4,4,4.0
KS20260623,2026-09-25,Phường Hoà Lạc,Trên 60,Trực tuyến,5,4,5,5,4,4.6
KS20260624,2026-12-13,Xã Tân Phước,46-60,Bưu chính công ích,4,4,5,5,5,4.6
KS20260625,2026-12-17,Xã Tân Phước,Trên 60,Trực tuyến,3,2,3,4,4,3.2
KS20260626,2026-04-07,Xã Nam Hải,18-30,Trực tuyến,5,5,5,5,5,5.0
KS20260627,2026-03-24,Xã Nam Hải,18-30,Trực tuyến,4,4,5,3,4,4.0
KS20260628,2026-05-28,Phường Bình Minh,18-30,Trực tiếp,4,3,4,4,4,3.8
KS20260629,2026-10-02,Phường Kim Sơn,31-45,Trực tuyến,4,4,4,3,4,3.8
KS20260630,2026-09-12,Phường An Thịnh,31-45,Trực tuyến,5,5,5,5,5,5.0
KS20260631,2026-08-14,Phường Kim Sơn,46-60,Trực tuyến,4,4,3,4,3,3.6
KS20260632,2026-06-20,Phường Kim Sơn,18-30,Trực tuyến,4,4,4,4,4,4.0
KS20260633,2026-08-05,Phường Bình Minh,46-60,Trực tuyến,4,4,3,4,4,3.8
KS20260634,2026-11-28,Phường Long Phú,31-45,Trực tuyến,5,4,5,4,4,4.4
KS20260635,2026-03-11,Phường Long Phú,18-30,Bưu chính công ích,4,4,5,4,4,4.2
KS20260636,2026-09-14,Xã Nam Hải,31-45,Trực tuyến,3,3,3,2,2,2.6
KS20260637,2026-10-10,Xã Tân Phước,18-30,Trực tuyến,5,4,4,4,4,4.2
KS20260638,2026-06-14,Xã Nam Hải,18-30,Trực tuyến,4,4,3,3,4,3.6
KS20260639,2026-11-13,Phường Bình Minh,31-45,Trực tuyến,5,5,5,5,5,5.0
KS20260640,2026-05-06,Phường Long Phú,31-45,Trực tiếp,4,3,4,3,3,3.4
KS20260641,2026-05-23,Phường Long Phú,Trên 60,Bưu chính công ích,4,4,4,3,4,3.8
KS20260642,2026-01-26,Phường Kim Sơn,46-60,Trực tuyến,3,3,3,3,3,3.0
KS20260643,2026-11-03,Phường Long Phú,31-45,Trực tiếp,4,2,3,3,4,3.2
KS20260644,2026-11-01,Phường Bình Minh,Trên 60,Trực tiếp,4,4,4,3,3,3.6
KS20260645,2026-09-12,Phường Long Phú,Trên 60,Trực tuyến,4,4,4,4,4,4.0
KS20260646,2026-02-27,Xã Nam Hải,18-30,Trực tiếp,5,4,5,4,5,4.6
KS20260647,2026-09-17,Phường Long Phú,46-60,Trực tiếp,3,3,5,3,4,3.6
KS20260648,2026-04-19,Xã Nam Hải,46-60,Trực tiếp,4,4,4,4,4,4.0
KS20260649,2026-08-10,Xã Nam Hải,31-45,Trực tuyến,4,4,4,4,3,3.8
KS20260650,2026-12-10,Xã Mỹ Trạch,31-45,Trực tiếp,4,3,5,4,4,4.0
KS20260651,2026-06-02,Xã Tân Phước,18-30,Trực tuyến,5,4,5,5,4,4.6
KS20260652,2026-12-06,Phường Kim Sơn,31-45,Trực tuyến,2,1,1,1,2,1.4
KS20260653,2026-05-31,Phường Long Phú,18-30,Bưu chính công ích,5,4,5,5,5,4.8
KS20260654,2026-10-10,Xã Nam Hải,31-45,Trực tiếp,2,2,2,3,3,2.4
KS20260655,2026-01-16,Phường An Thịnh,18-30,Trực tiếp,4,4,4,4,4,4.0
KS20260656,2026-04-29,Xã Tân Phước,31-45,Trực tuyến,5,4,4,4,5,4.4
KS20260657,2026-08-10,Phường Bình Minh,18-30,Trực tiếp,5,5,5,5,5,5.0
KS20260658,2026-08-18,Phường Long Phú,46-60,Trực tuyến,4,4,4,3,4,3.8
KS20260659,2026-06-07,Phường Bình Minh,31-45,Bưu chính công ích,4,4,5,4,4,4.2
KS20260660,2026-01-21,Xã Nam Hải,46-60,Trực tuyến,5,4,4,3,5,4.2
KS20260661,2026-06-07,Xã Nam Hải,18-30,Trực tiếp,5,4,5,4,4,4.4
KS20260662,2026-01-29,Phường Kim Sơn,18-30,Trực tiếp,3,2,3,2,3,2.6
KS20260663,2026-04-09,Phường Kim Sơn,Trên 60,Trực tuyến,5,3,5,4,5,4.4
KS20260664,2026-09-05,Phường An Thịnh,18-30,Trực tiếp,5,3,3,4,4,3.8
KS20260665,2026-07-26,Phường Bình Minh,31-45,Trực tiếp,5,5,5,5,5,5.0
KS20260666,2026-03-25,Phường Kim Sơn,31-45,Trực tiếp,5,5,4,5,5,4.8
KS20260667,2026-08-02,Phường Hoà Lạc,31-45,Trực tuyến,3,2,3,3,3,2.8
KS20260668,2026-10-22,Phường Hoà Lạc,18-30,Trực tuyến,4,5,4,5,5,4.6
KS20260669,2026-09-09,Phường Hoà Lạc,46-60,Trực tuyến,4,3,3,4,3,3.4
KS20260670,2026-08-14,Phường Long Phú,18-30,Trực tuyến,4,4,5,4,5,4.4
KS20260671,2026-06-08,Phường Kim Sơn,46-60,Trực tiếp,3,3,3,3,4,3.2
KS20260672,2026-06-11,Phường Kim Sơn,46-60,Bưu chính công ích,4,4,4,4,5,4.2
KS20260673,2026-06-06,Xã Nam Hải,Trên 60,Trực tuyến,3,3,4,4,3,3.4
KS20260674,2026-12-26,Xã Tân Phước,31-45,Bưu chính công ích,5,5,5,4,4,4.6
KS20260675,2026-10-02,Phường Hoà Lạc,31-45,Trực tiếp,3,3,4,4,3,3.4
KS20260676,2026-06-25,Xã Mỹ Trạch,31-45,Trực tuyến,5,5,5,5,5,5.0
KS20260677,2026-06-30,Xã Tân Phước,18-30,Trực tiếp,4,3,4,4,5,4.0
KS20260678,2026-10-25,Phường Kim Sơn,18-30,Trực tuyến,5,4,5,4,5,4.6
KS20260679,2026-01-03,Phường Kim Sơn,Trên 60,Trực tuyến,5,3,5,5,5,4.6
KS20260680,2026-10-28,Xã Nam Hải,31-45,Trực tuyến,5,4,4,4,5,4.4
KS20260681,2026-03-22,Xã Nam Hải,18-30,Trực tuyến,3,3,4,3,4,3.4
KS20260682,2026-01-09,Xã Tân Phước,31-45,Trực tiếp,5,4,4,4,4,4.2
KS20260683,2026-07-01,Phường Bình Minh,31-45,Trực tiếp,5,5,5,5,4,4.8
KS20260684,2026-12-30,Phường Bình Minh,46-60,Bưu chính công ích,5,5,4,5,4,4.6
KS20260685,2026-04-15,Phường Hoà Lạc,31-45,Trực tuyến,4,3,4,4,3,3.6
KS20260686,2026-11-27,Xã Tân Phước,18-30,Trực tuyến,3,4,5,4,5,4.2
KS20260687,2026-04-21,Phường Long Phú,31-45,Trực tuyến,3,3,3,3,2,2.8
KS20260688,2026-11-23,Phường Hoà Lạc,Trên 60,Trực tiếp,4,5,4,4,5,4.4
KS20260689,2026-12-06,Phường Long Phú,31-45,Trực tuyến,3,1,3,2,2,2.2
KS20260690,2026-09-11,Phường Hoà Lạc,Trên 60,Bưu chính công ích,5,4,4,4,5,4.4
KS20260691,2026-07-31,Phường Long Phú,46-60,Bưu chính công ích,5,3,4,3,5,4.0
KS20260692,2026-04-23,Xã Nam Hải,46-60,Trực tuyến,5,5,5,5,5,5.0
KS20260693,2026-07-25,Phường Long Phú,46-60,Trực tuyến,3,3,3,3,3,3.0
KS20260694,2026-08-27,Phường Long Phú,18-30,Trực tuyến,5,5,4,4,5,4.6
KS20260695,2026-05-16,Xã Mỹ Trạch,31-45,Trực tiếp,4,4,4,4,4,4.0
KS20260696,2026-10-24,Xã Tân Phước,18-30,Trực tuyến,4,4,4,3,4,3.8
KS20260697,2026-03-11,Phường Bình Minh,46-60,Bưu chính công ích,5,4,5,5,5,4.8
KS20260698,2026-10-02,Phường Long Phú,18-30,Bưu chính công ích,4,3,4,3,4,3.6
KS20260699,2026-07-31,Xã Nam Hải,18-30,Trực tuyến,3,4,4,5,3,3.8
KS20260700,2026-07-25,Xã Mỹ Trạch,46-60,Trực tuyến,4,3,3,4,3,3.4
KS20260701,2026-05-10,Phường Kim Sơn,31-45,Trực tuyến,4,3,4,4,4,3.8
KS20260702,2026-12-02,Phường Hoà Lạc,18-30,Bưu chính công ích,4,3,5,4,4,4.0
KS20260703,2026-06-17,Phường Kim Sơn,18-30,Trực tuyến,5,5,5,5,5,5.0
KS20260704,2026-04-07,Phường Bình Minh,31-45,Trực tiếp,4,4,3,3,4,3.6
KS20260705,2026-03-28,Xã Tân Phước,46-60,Trực tiếp,5,4,5,4,4,4.4
KS20260706,2026-04-05,Xã Mỹ Trạch,31-45,Trực tiếp,4,3,3,3,4,3.4
KS20260707,2026-06-18,Phường Bình Minh,31-45,Trực tiếp,4,3,4,4,4,3.8
KS20260708,2026-05-24,Phường Long Phú,Trên 60,Trực tuyến,4,4,3,3,4,3.6
KS20260709,2026-08-09,Xã Tân Phước,18-30,Trực tiếp,4,4,4,5,4,4.2
KS20260710,2026-10-13,Phường An Thịnh,31-45,Trực tiếp,4,4,4,5,4,4.2
KS20260711,2026-08-03,Phường Kim Sơn,31-45,Trực tuyến,4,4,5,4,4,4.2
KS20260712,2026-02-17,Phường Long Phú,Trên 60,Trực tuyến,4,4,5,5,5,4.6
KS20260713,2026-03-11,Xã Nam Hải,Trên 60,Trực tuyến,4,4,5,5,5,4.6
KS20260714,2026-07-03,Phường Kim Sơn,46-60,Trực tuyến,3,4,4,4,4,3.8
KS20260715,2026-06-05,Phường Long Phú,46-60,Trực tuyến,4,5,5,4,4,4.4
KS20260716,2026-09-21,Xã Tân Phước,46-60,Trực tuyến,4,3,4,4,3,3.6
KS20260717,2026-10-22,Xã Mỹ Trạch,Trên 60,Bưu chính công ích,4,4,5,5,4,4.4
KS20260718,2026-08-19,Phường Bình Minh,18-30,Trực tuyến,5,5,5,5,5,5.0
KS20260719,2026-09-03,Xã Mỹ Trạch,31-45,Trực tuyến,3,4,5,4,5,4.2
KS20260720,2026-07-17,Phường Long Phú,Trên 60,Trực tiếp,5,5,5,4,5,4.8
KS20260721,2026-01-04,Xã Nam Hải,46-60,Trực tiếp,4,5,4,5,5,4.6
KS20260722,2026-03-01,Xã Mỹ Trạch,31-45,Trực tiếp,5,4,4,4,3,4.0
KS20260723,2026-02-13,Phường Bình Minh,31-45,Trực tiếp,5,5,5,5,5,5.0
KS20260724,2026-01-30,Phường Long Phú,31-45,Bưu chính công ích,3,4,4,4,4,3.8
KS20260725,2026-02-16,Phường Kim Sơn,18-30,Bưu chính công ích,4,4,3,3,4,3.6
KS20260726,2026-11-22,Phường Long Phú,18-30,Trực tuyến,5,5,5,4,5,4.8
KS20260727,2026-03-21,Xã Tân Phước,46-60,Trực tuyến,4,4,3,3,4,3.6
KS20260728,2026-04-21,Xã Tân Phước,18-30,Trực tuyến,3,4,4,4,3,3.6
KS20260729,2026-03-21,Xã Nam Hải,18-30,Trực tuyến,4,4,4,4,4,4.0
KS20260730,2026-12-28,Phường Bình Minh,Trên 60,Trực tuyến,4,4,4,4,4,4.0
KS20260731,2026-01-20,Xã Mỹ Trạch,31-45,Bưu chính công ích,4,4,5,3,4,4.0
KS20260732,2026-08-10,Xã Nam Hải,18-30,Trực tuyến,3,4,4,3,4,3.6
KS20260733,2026-01-22,Phường Bình Minh,46-60,Trực tiếp,5,5,5,5,5,5.0
KS20260734,2026-06-05,Phường Long Phú,31-45,Trực tiếp,3,3,3,4,4,3.4
KS20260735,2026-05-04,Phường Kim Sơn,31-45,Trực tuyến,5,5,5,5,5,5.0
KS20260736,2026-08-20,Xã Mỹ Trạch,31-45,Trực tuyến,3,3,3,3,4,3.2
KS20260737,2026-02-28,Phường Hoà Lạc,46-60,Trực tuyến,5,4,5,5,5,4.8
KS20260738,2026-02-02,Phường Bình Minh,31-45,Trực tuyến,5,4,5,5,4,4.6
KS20260739,2026-06-19,Xã Nam Hải,18-30,Trực tuyến,4,4,5,4,4,4.2
KS20260740,2026-03-24,Phường Hoà Lạc,Trên 60,Trực tiếp,4,3,3,3,5,3.6
KS20260741,2026-06-08,Phường Kim Sơn,18-30,Trực tuyến,4,4,5,5,5,4.6
KS20260742,2026-01-18,Xã Mỹ Trạch,31-45,Trực tiếp,4,3,5,3,4,3.8
KS20260743,2026-01-23,Phường Kim Sơn,18-30,Trực tiếp,4,4,5,5,5,4.6
KS20260744,2026-07-16,Phường An Thịnh,18-30,Trực tiếp,5,4,5,5,5,4.8
KS20260745,2026-05-24,Phường Kim Sơn,Trên 60,Bưu chính công ích,5,5,5,5,5,5.0
KS20260746,2026-04-26,Xã Tân Phước,Trên 60,Trực tiếp,4,3,4,4,3,3.6
KS20260747,2026-05-11,Xã Tân Phước,18-30,Trực tuyến,5,4,4,4,5,4.4
KS20260748,2026-07-29,Phường An Thịnh,18-30,Trực tuyến,4,3,4,5,4,4.0
KS20260749,2026-11-18,Phường Kim Sơn,18-30,Trực tuyến,5,4,4,4,4,4.2
KS20260750,2026-09-26,Phường Long Phú,Trên 60,Trực tuyến,3,4,4,4,4,3.8
KS20260751,2026-09-19,Phường Hoà Lạc,Trên 60,Trực tuyến,2,2,2,2,3,2.2
KS20260752,2026-11-11,Phường Hoà Lạc,31-45,Trực tuyến,3,4,4,4,4,3.8
KS20260753,2026-04-21,Xã Nam Hải,Trên 60,Trực tuyến,4,3,3,4,4,3.6
KS20260754,2026-10-28,Phường An Thịnh,31-45,Trực tuyến,5,4,5,5,5,4.8
KS20260755,2026-03-31,Xã Tân Phước,31-45,Trực tiếp,5,4,4,4,3,4.0
KS20260756,2026-11-29,Xã Mỹ Trạch,46-60,Trực tuyến,4,3,4,4,4,3.8
KS20260757,2026-08-20,Phường Bình Minh,31-45,Trực tuyến,4,4,4,4,5,4.2
KS20260758,2026-04-24,Xã Nam Hải,46-60,Trực tiếp,3,3,3,3,3,3.0
KS20260759,2026-03-09,Phường Hoà Lạc,Trên 60,Trực tuyến,4,4,5,4,3,4.0
KS20260760,2026-06-04,Phường Hoà Lạc,Trên 60,Trực tuyến,5,4,5,5,4,4.6
KS20260761,2026-02-15,Xã Tân Phước,31-45,Trực tiếp,4,4,4,4,4,4.0
KS20260762,2026-01-19,Xã Nam Hải,31-45,Trực tuyến,3,4,4,4,5,4.0
KS20260763,2026-02-15,Phường Hoà Lạc,31-45,Trực tuyến,4,3,4,3,4,3.6
KS20260764,2026-12-14,Xã Nam Hải,31-45,Trực tiếp,5,4,5,5,5,4.8
KS20260765,2026-11-20,Phường Kim Sơn,46-60,Trực tuyến,3,3,4,3,4,3.4
KS20260766,2026-11-18,Xã Tân Phước,18-30,Trực tiếp,4,4,4,3,4,3.8
KS20260767,2026-07-14,Xã Tân Phước,31-45,Trực tuyến,3,2,3,2,3,2.6
KS20260768,2026-02-25,Phường An Thịnh,46-60,Trực tiếp,4,4,4,4,4,4.0
KS20260769,2026-09-02,Xã Tân Phước,46-60,Trực tuyến,4,3,4,3,3,3.4
KS20260770,2026-04-11,Phường An Thịnh,18-30,Trực tiếp,5,4,5,4,5,4.6
KS20260771,2026-06-04,Phường Kim Sơn,31-45,Trực tiếp,3,4,4,3,3,3.4
KS20260772,2026-06-19,Phường Kim Sơn,18-30,Trực tuyến,4,4,5,4,5,4.4
KS20260773,2026-06-03,Phường Hoà Lạc,18-30,Trực tiếp,5,4,5,4,4,4.4
KS20260774,2026-11-24,Phường Hoà Lạc,46-60,Trực tuyến,4,3,5,3,4,3.8
KS20260775,2026-05-24,Phường Hoà Lạc,18-30,Bưu chính công ích,4,3,3,3,3,3.2
KS20260776,2026-05-04,Phường An Thịnh,31-45,Trực tiếp,4,5,5,5,4,4.6
KS20260777,2026-11-05,Xã Nam Hải,18-30,Trực tuyến,5,4,5,5,5,4.8
KS20260778,2026-05-10,Xã Mỹ Trạch,18-30,Trực tuyến,5,4,5,5,5,4.8
KS20260779,2026-05-02,Phường Kim Sơn,18-30,Trực tuyến,4,3,4,4,4,3.8
KS20260780,2026-11-16,Phường Long Phú,18-30,Trực tuyến,4,4,5,5,5,4.6
KS20260781,2026-12-02,Phường Hoà Lạc,18-30,Trực tuyến,4,3,4,3,4,3.6
KS20260782,2026-11-04,Phường Long Phú,18-30,Trực tiếp,5,2,4,4,5,4.0
KS20260783,2026-03-26,Xã Mỹ Trạch,31-45,Trực tuyến,5,5,4,4,5,4.6
KS20260784,2026-07-29,Phường Hoà Lạc,46-60,Trực tiếp,4,4,4,4,5,4.2
KS20260785,2026-05-19,Phường Long Phú,46-60,Bưu chính công ích,4,3,4,4,4,3.8
KS20260786,2026-08-02,Phường Long Phú,31-45,Trực tuyến,5,5,5,5,5,5.0
KS20260787,2026-10-08,Phường An Thịnh,31-45,Trực tuyến,5,3,4,4,4,4.0
KS20260788,2026-11-12,Phường Long Phú,31-45,Trực tiếp,3,3,2,3,3,2.8
KS20260789,2026-06-09,Phường Hoà Lạc,46-60,Trực tiếp,5,4,5,4,4,4.4
KS20260790,2026-09-21,Phường An Thịnh,46-60,Trực tiếp,4,3,5,3,4,3.8
KS20260791,2026-09-22,Phường Long Phú,Trên 60,Trực tuyến,4,4,4,4,4,4.0
KS20260792,2026-12-26,Phường Long Phú,31-45,Trực tuyến,4,4,4,4,4,4.0
KS20260793,2026-07-05,Phường Kim Sơn,46-60,Trực tuyến,4,3,4,3,4,3.6
KS20260794,2026-05-04,Phường Bình Minh,46-60,Trực tuyến,5,4,4,5,5,4.6
KS20260795,2026-03-17,Xã Mỹ Trạch,18-30,Trực tuyến,5,4,5,5,5,4.8
KS20260796,2026-10-03,Phường Hoà Lạc,46-60,Trực tuyến,3,3,4,3,3,3.2
KS20260797,2026-09-21,Phường Hoà Lạc,18-30,Bưu chính công ích,5,5,5,5,5,5.0
KS20260798,2026-11-29,Phường Bình Minh,Trên 60,Trực tuyến,5,5,5,5,5,5.0
KS20260799,2026-10-13,Phường An Thịnh,46-60,Trực tiếp,3,4,4,3,4,3.6
KS20260800,2026-10-12,Xã Nam Hải,18-30,Trực tuyến,4,4,4,4,5,4.2
KS20260801,2026-07-05,Phường An Thịnh,31-45,Trực tiếp,4,3,4,4,4,3.8
KS20260802,2026-09-16,Xã Tân Phước,46-60,Trực tuyến,5,4,5,5,5,4.8
KS20260803,2026-04-05,Phường Kim Sơn,18-30,Trực tiếp,5,3,4,4,4,4.0
KS20260804,2026-11-09,Phường Long Phú,31-45,Bưu chính công ích,4,4,4,4,4,4.0
KS20260805,2026-03-13,Phường Bình Minh,18-30,Trực tuyến,4,3,3,3,3,3.2
KS20260806,2026-12-07,Phường Kim Sơn,31-45,Trực tuyến,5,5,5,5,5,5.0
KS20260807,2026-12-10,Xã Tân Phước,Trên 60,Trực tuyến,5,4,3,4,3,3.8
KS20260808,2026-02-02,Phường Hoà Lạc,46-60,Trực tiếp,3,4,4,3,4,3.6
KS20260809,2026-11-08,Phường Kim Sơn,46-60,Trực tuyến,5,4,4,4,4,4.2
KS20260810,2026-02-17,Phường Kim Sơn,18-30,Trực tiếp,3,3,3,3,3,3.0
KS20260811,2026-07-12,Phường Kim Sơn,Trên 60,Trực tuyến,4,3,4,3,4,3.6
KS20260812,2026-02-27,Xã Mỹ Trạch,18-30,Trực tuyến,4,4,4,4,4,4.0
KS20260813,2026-10-19,Phường Long Phú,18-30,Trực tuyến,5,4,4,5,4,4.4
KS20260814,2026-08-12,Phường Hoà Lạc,18-30,Trực tuyến,4,3,4,4,3,3.6
KS20260815,2026-12-11,Phường Hoà Lạc,46-60,Trực tiếp,5,5,5,5,5,5.0
KS20260816,2026-03-16,Xã Nam Hải,18-30,Trực tuyến,4,3,4,4,4,3.8
KS20260817,2026-02-17,Phường Long Phú,31-45,Trực tuyến,4,3,4,4,4,3.8
KS20260818,2026-04-25,Xã Tân Phước,18-30,Trực tuyến,4,3,4,3,4,3.6
KS20260819,2026-12-28,Phường Kim Sơn,31-45,Trực tuyến,3,4,3,3,3,3.2
KS20260820,2026-09-06,Phường An Thịnh,18-30,Trực tiếp,4,4,5,4,5,4.4
KS20260821,2026-04-13,Phường Hoà Lạc,46-60,Trực tuyến,4,2,5,4,4,3.8
KS20260822,2026-05-28,Xã Mỹ Trạch,18-30,Trực tuyến,5,5,5,5,5,5.0
KS20260823,2026-04-22,Xã Nam Hải,31-45,Trực tuyến,4,4,4,4,3,3.8
KS20260824,2026-04-08,Phường Bình Minh,18-30,Bưu chính công ích,3,2,3,3,3,2.8
KS20260825,2026-07-18,Phường Kim Sơn,Trên 60,Trực tuyến,5,5,5,5,4,4.8
KS20260826,2026-12-01,Phường Long Phú,31-45,Trực tiếp,4,3,3,2,3,3.0
KS20260827,2026-12-07,Xã Tân Phước,18-30,Trực tuyến,4,4,4,5,4,4.2
KS20260828,2026-11-26,Phường Bình Minh,18-30,Trực tuyến,5,5,4,5,5,4.8
KS20260829,2026-09-17,Xã Nam Hải,Trên 60,Trực tuyến,4,4,4,4,4,4.0
KS20260830,2026-06-21,Phường Hoà Lạc,18-30,Trực tuyến,4,4,3,4,4,3.8
KS20260831,2026-08-22,Phường An Thịnh,31-45,Trực tiếp,4,4,5,4,5,4.4
KS20260832,2026-02-19,Phường An Thịnh,18-30,Trực tiếp,2,2,2,2,3,2.2
KS20260833,2026-06-05,Phường Bình Minh,31-45,Trực tiếp,5,4,5,4,5,4.6
KS20260834,2026-02-10,Xã Nam Hải,46-60,Trực tuyến,3,2,2,2,2,2.2
KS20260835,2026-08-20,Xã Nam Hải,18-30,Bưu chính công ích,4,3,4,4,5,4.0
KS20260836,2026-08-29,Xã Mỹ Trạch,18-30,Trực tiếp,4,4,5,5,4,4.4
KS20260837,2026-01-13,Xã Nam Hải,31-45,Trực tuyến,3,4,4,4,4,3.8
KS20260838,2026-12-07,Phường Long Phú,Trên 60,Trực tiếp,4,3,4,3,4,3.6
KS20260839,2026-05-28,Phường Kim Sơn,31-45,Trực tuyến,4,3,4,3,4,3.6
KS20260840,2026-03-08,Xã Tân Phước,18-30,Trực tuyến,3,3,5,4,4,3.8
KS20260841,2026-06-29,Xã Nam Hải,18-30,Trực tuyến,4,4,4,5,4,4.2
KS20260842,2026-03-20,Phường Long Phú,31-45,Trực tuyến,3,3,3,3,3,3.0
KS20260843,2026-05-24,Phường Long Phú,46-60,Bưu chính công ích,4,4,5,4,3,4.0
KS20260844,2026-11-07,Xã Tân Phước,31-45,Trực tiếp,3,3,2,4,3,3.0
KS20260845,2026-08-31,Phường Bình Minh,46-60,Trực tiếp,4,4,4,4,5,4.2
KS20260846,2026-11-09,Phường Kim Sơn,18-30,Bưu chính công ích,4,4,4,4,4,4.0
KS20260847,2026-07-09,Xã Mỹ Trạch,18-30,Trực tuyến,3,3,4,3,5,3.6
KS20260848,2026-10-04,Xã Tân Phước,18-30,Trực tiếp,5,3,4,3,4,3.8
KS20260849,2026-12-19,Phường An Thịnh,18-30,Trực tuyến,3,2,3,3,4,3.0
KS20260850,2026-01-31,Xã Mỹ Trạch,31-45,Trực tiếp,5,4,5,4,5,4.6
KS20260851,2026-12-16,Phường Bình Minh,46-60,Trực tuyến,4,3,4,5,4,4.0
KS20260852,2026-09-19,Phường Kim Sơn,46-60,Trực tuyến,4,3,4,4,5,4.0
KS20260853,2026-10-07,Phường Bình Minh,18-30,Trực tuyến,5,4,4,4,5,4.4
KS20260854,2026-05-29,Xã Nam Hải,Trên 60,Trực tiếp,5,5,5,5,5,5.0
KS20260855,2026-07-03,Phường Kim Sơn,18-30,Trực tuyến,5,4,5,5,5,4.8
KS20260856,2026-04-29,Xã Mỹ Trạch,18-30,Trực tiếp,4,4,5,5,4,4.4
KS20260857,2026-01-28,Phường An Thịnh,46-60,Bưu chính công ích,4,3,4,3,4,3.6
KS20260858,2026-02-06,Xã Tân Phước,18-30,Trực tiếp,4,4,5,4,4,4.2
KS20260859,2026-07-21,Xã Mỹ Trạch,46-60,Trực tuyến,5,3,4,4,5,4.2
KS20260860,2026-05-06,Phường Bình Minh,46-60,Trực tuyến,3,3,3,3,4,3.2
KS20260861,2026-10-28,Xã Mỹ Trạch,18-30,Trực tuyến,5,4,3,5,4,4.2
KS20260862,2026-12-25,Xã Mỹ Trạch,46-60,Trực tuyến,5,4,4,3,4,4.0
KS20260863,2026-02-07,Phường Kim Sơn,31-45,Trực tuyến,4,4,5,5,5,4.6
KS20260864,2026-06-09,Phường Long Phú,18-30,Trực tuyến,5,4,5,4,5,4.6
KS20260865,2026-07-03,Xã Mỹ Trạch,18-30,Trực tuyến,4,3,4,4,5,4.0
KS20260866,2026-02-11,Phường Long Phú,18-30,Bưu chính công ích,4,5,4,4,4,4.2
KS20260867,2026-05-14,Xã Mỹ Trạch,31-45,Trực tuyến,3,4,5,5,4,4.2
KS20260868,2026-07-13,Phường Kim Sơn,Trên 60,Trực tuyến,3,2,3,3,2,2.6
KS20260869,2026-07-05,Xã Nam Hải,31-45,Trực tuyến,5,4,5,5,5,4.8
KS20260870,2026-01-05,Phường Kim Sơn,31-45,Trực tuyến,5,5,5,5,5,5.0
KS20260871,2026-11-01,Xã Tân Phước,31-45,Trực tuyến,3,3,3,3,3,3.0
KS20260872,2026-03-12,Phường An Thịnh,46-60,Trực tuyến,4,3,5,3,4,3.8
KS20260873,2026-11-23,Xã Mỹ Trạch,46-60,Trực tiếp,4,5,5,3,4,4.2
KS20260874,2026-08-10,Xã Mỹ Trạch,Trên 60,Trực tuyến,5,5,5,5,5,5.0
KS20260875,2026-09-14,Xã Tân Phước,18-30,Trực tuyến,5,4,5,5,5,4.8
KS20260876,2026-01-04,Phường Long Phú,31-45,Trực tuyến,5,4,4,4,5,4.4
KS20260877,2026-01-02,Phường Hoà Lạc,46-60,Trực tiếp,5,4,5,4,5,4.6
KS20260878,2026-01-05,Phường Bình Minh,46-60,Bưu chính công ích,5,5,5,5,5,5.0
KS20260879,2026-07-25,Xã Tân Phước,18-30,Trực tuyến,5,5,5,5,5,5.0
KS20260880,2026-12-05,Xã Tân Phước,31-45,Trực tuyến,4,3,5,4,4,4.0
KS20260881,2026-11-11,Phường Long Phú,31-45,Trực tiếp,4,3,4,4,4,3.8
KS20260882,2026-04-10,Phường An Thịnh,18-30,Trực tuyến,5,4,5,5,5,4.8
KS20260883,2026-10-26,Xã Tân Phước,31-45,Trực tiếp,4,4,4,3,4,3.8
KS20260884,2026-04-21,Phường Long Phú,46-60,Trực tuyến,5,4,4,4,5,4.4
KS20260885,2026-06-18,Xã Nam Hải,46-60,Trực tiếp,2,3,4,3,3,3.0
KS20260886,2026-06-28,Phường Long Phú,18-30,Trực tiếp,4,3,4,3,4,3.6
KS20260887,2026-09-15,Phường An Thịnh,Trên 60,Trực tuyến,5,3,4,4,4,4.0
KS20260888,2026-10-27,Phường Bình Minh,46-60,Trực tuyến,4,3,5,4,5,4.2
KS20260889,2026-09-03,Xã Nam Hải,31-45,Trực tuyến,4,3,3,4,4,3.6
KS20260890,2026-12-22,Phường Bình Minh,18-30,Trực tuyến,5,4,4,5,4,4.4
KS20260891,2026-05-04,Xã Tân Phước,Trên 60,Trực tuyến,4,3,4,4,5,4.0
KS20260892,2026-11-28,Xã Nam Hải,31-45,Trực tiếp,5,4,5,5,4,4.6
KS20260893,2026-03-09,Phường An Thịnh,31-45,Trực tuyến,4,3,4,4,3,3.6
KS20260894,2026-12-04,Phường Kim Sơn,18-30,Trực tuyến,3,3,3,4,4,3.4
KS20260895,2026-01-09,Phường Hoà Lạc,31-45,Trực tuyến,5,3,5,5,5,4.6
KS20260896,2026-02-12,Phường Hoà Lạc,31-45,Trực tuyến,3,4,3,5,3,3.6
KS20260897,2026-11-27,Phường Bình Minh,46-60,Trực tuyến,5,5,5,5,5,5.0
KS20260898,2026-01-19,Phường Bình Minh,31-45,Trực tiếp,3,3,3,4,4,3.4
KS20260899,2026-11-26,Phường Hoà Lạc,Trên 60,Trực tiếp,4,5,5,4,5,4.6
KS20260900,2026-06-21,Phường Kim Sơn,31-45,Trực tuyến,5,5,5,5,5,5.0
KS20260901,2026-05-06,Phường Kim Sơn,31-45,Trực tiếp,4,3,3,3,3,3.2
KS20260902,2026-11-03,Phường Hoà Lạc,18-30,Trực tiếp,5,4,5,5,5,4.8
KS20260903,2026-05-07,Phường An Thịnh,Trên 60,Trực tuyến,3,4,4,4,5,4.0
KS20260904,2026-02-16,Phường An Thịnh,18-30,Trực tuyến,4,3,3,3,3,3.2
KS20260905,2026-11-17,Phường An Thịnh,31-45,Bưu chính công ích,3,3,3,3,4,3.2
KS20260906,2026-08-05,Phường Hoà Lạc,Trên 60,Trực tuyến,4,5,4,4,5,4.4
KS20260907,2026-03-16,Phường Hoà Lạc,31-45,Trực tuyến,5,5,5,5,5,5.0
KS20260908,2026-12-15,Phường An Thịnh,31-45,Trực tuyến,4,4,4,4,4,4.0
KS20260909,2026-03-06,Phường Bình Minh,18-30,Bưu chính công ích,4,3,3,4,3,3.4
KS20260910,2026-06-29,Phường Hoà Lạc,31-45,Trực tuyến,4,3,4,4,4,3.8
KS20260911,2026-03-12,Xã Tân Phước,31-45,Bưu chính công ích,5,4,5,5,5,4.8
KS20260912,2026-05-02,Xã Nam Hải,31-45,Trực tuyến,3,2,3,3,4,3.0
KS20260913,2026-03-08,Xã Mỹ Trạch,46-60,Trực tuyến,5,5,5,5,5,5.0
KS20260914,2026-01-15,Phường Kim Sơn,31-45,Trực tuyến,4,3,3,3,4,3.4
KS20260915,2026-02-01,Phường Hoà Lạc,31-45,Trực tuyến,4,4,5,4,4,4.2
KS20260916,2026-06-24,Phường Kim Sơn,46-60,Trực tuyến,2,2,3,2,2,2.2
KS20260917,2026-05-23,Phường An Thịnh,46-60,Trực tiếp,5,5,5,4,5,4.8
KS20260918,2026-02-16,Phường Hoà Lạc,31-45,Trực tuyến,4,2,4,3,2,3.0
KS20260919,2026-04-05,Phường Hoà Lạc,31-45,Trực tuyến,4,4,4,4,4,4.0
KS20260920,2026-07-12,Xã Tân Phước,Trên 60,Trực tuyến,5,3,4,5,5,4.4
KS20260921,2026-09-07,Phường Long Phú,18-30,Trực tuyến,4,4,5,3,4,4.0
KS20260922,2026-10-30,Phường Bình Minh,18-30,Trực tuyến,3,3,4,3,3,3.2
KS20260923,2026-04-26,Phường Hoà Lạc,31-45,Trực tiếp,4,3,5,5,4,4.2
KS20260924,2026-05-13,Phường Long Phú,Trên 60,Trực tiếp,5,4,4,4,5,4.4
KS20260925,2026-01-19,Phường Hoà Lạc,46-60,Trực tuyến,3,3,4,3,4,3.4
KS20260926,2026-11-24,Phường Long Phú,46-60,Bưu chính công ích,4,3,5,4,4,4.0
KS20260927,2026-04-09,Phường Kim Sơn,31-45,Trực tuyến,3,3,4,3,4,3.4
KS20260928,2026-09-07,Xã Nam Hải,Trên 60,Trực tuyến,4,3,4,5,5,4.2
KS20260929,2026-11-09,Phường Kim Sơn,18-30,Trực tiếp,4,4,3,4,4,3.8
KS20260930,2026-01-29,Phường Bình Minh,Trên 60,Trực tuyến,5,4,5,5,5,4.8
KS20260931,2026-03-20,Phường Bình Minh,31-45,Trực tuyến,2,2,2,2,3,2.2
KS20260932,2026-06-06,Xã Tân Phước,Trên 60,Trực tuyến,5,4,4,4,4,4.2
KS20260933,2026-02-21,Phường An Thịnh,46-60,Trực tuyến,5,3,5,4,4,4.2
KS20260934,2026-01-14,Phường Kim Sơn,31-45,Trực tuyến,4,3,3,3,4,3.4
KS20260935,2026-07-13,Phường Kim Sơn,Trên 60,Trực tuyến,3,3,4,3,3,3.2
KS20260936,2026-02-09,Phường Bình Minh,Trên 60,Trực tuyến,2,3,2,3,3,2.6
KS20260937,2026-02-02,Phường Kim Sơn,46-60,Trực tuyến,4,3,4,3,3,3.4
KS20260938,2026-02-02,Phường Hoà Lạc,31-45,Trực tiếp,3,3,4,4,3,3.4
KS20260939,2026-11-19,Xã Tân Phước,31-45,Trực tiếp,4,3,2,3,3,3.0
KS20260940,2026-08-22,Xã Tân Phước,31-45,Trực tuyến,3,3,3,4,3,3.2
KS20260941,2026-11-24,Phường Long Phú,31-45,Trực tuyến,5,4,3,4,4,4.0
KS20260942,2026-05-10,Phường An Thịnh,18-30,Trực tuyến,4,4,5,4,4,4.2
KS20260943,2026-06-06,Phường Bình Minh,31-45,Trực tuyến,4,2,2,3,3,2.8
KS20260944,2026-05-02,Phường Bình Minh,Trên 60,Trực tuyến,5,4,5,4,4,4.4
KS20260945,2026-01-16,Phường Long Phú,46-60,Trực tuyến,4,4,4,5,4,4.2
KS20260946,2026-02-08,Xã Nam Hải,18-30,Bưu chính công ích,4,5,5,5,5,4.8
KS20260947,2026-04-07,Xã Nam Hải,18-30,Trực tuyến,4,4,4,3,4,3.8
KS20260948,2026-10-16,Phường Long Phú,46-60,Trực tiếp,3,2,2,2,3,2.4
KS20260949,2026-12-17,Phường Kim Sơn,18-30,Trực tiếp,2,1,2,2,3,2.0
KS20260950,2026-02-18,Phường Hoà Lạc,31-45,Trực tuyến,5,5,5,5,5,5.0
KS20260951,2026-03-26,Xã Tân Phước,18-30,Trực tiếp,2,2,2,3,2,2.2
KS20260952,2026-02-15,Phường An Thịnh,18-30,Trực tiếp,5,5,5,4,5,4.8
KS20260953,2026-12-04,Xã Nam Hải,31-45,Trực tuyến,4,4,4,5,5,4.4
KS20260954,2026-01-24,Phường Long Phú,31-45,Trực tuyến,4,4,4,4,4,4.0
KS20260955,2026-03-19,Phường Bình Minh,18-30,Trực tiếp,3,3,3,3,4,3.2
KS20260956,2026-12-02,Phường Kim Sơn,18-30,Trực tiếp,2,3,3,2,2,2.4
KS20260957,2026-07-01,Xã Nam Hải,31-45,Trực tuyến,4,4,4,4,4,4.0
KS20260958,2026-12-09,Phường Bình Minh,31-45,Trực tuyến,5,4,4,3,5,4.2
KS20260959,2026-10-14,Phường An Thịnh,46-60,Trực tuyến,4,4,3,4,3,3.6
KS20260960,2026-01-26,Xã Tân Phước,Trên 60,Trực tiếp,3,3,4,3,3,3.2
KS20260961,2026-03-28,Phường Bình Minh,Trên 60,Trực tuyến,4,4,4,3,3,3.6
KS20260962,2026-10-23,Phường An Thịnh,31-45,Trực tuyến,5,5,5,5,5,5.0
KS20260963,2026-08-10,Phường Hoà Lạc,Trên 60,Trực tuyến,4,3,4,2,3,3.2
KS20260964,2026-09-25,Phường Long Phú,18-30,Trực tuyến,4,4,5,5,4,4.4
KS20260965,2026-02-15,Phường An Thịnh,18-30,Trực tuyến,4,4,4,4,4,4.0
KS20260966,2026-12-24,Phường Long Phú,31-45,Trực tiếp,5,3,4,3,3,3.6
KS20260967,2026-07-24,Phường An Thịnh,31-45,Bưu chính công ích,4,4,4,4,4,4.0
KS20260968,2026-02-03,Phường Hoà Lạc,31-45,Trực tiếp,4,4,3,3,4,3.6
KS20260969,2026-09-22,Phường An Thịnh,18-30,Trực tuyến,5,4,5,4,5,4.6
KS20260970,2026-10-09,Xã Nam Hải,31-45,Bưu chính công ích,3,3,3,4,4,3.4
KS20260971,2026-04-27,Xã Tân Phước,31-45,Trực tiếp,3,3,3,3,3,3.0
KS20260972,2026-08-06,Phường Hoà Lạc,18-30,Trực tiếp,3,3,4,4,4,3.6
KS20260973,2026-09-16,Phường An Thịnh,Trên 60,Trực tuyến,3,3,5,4,4,3.8
KS20260974,2026-10-15,Xã Nam Hải,46-60,Trực tiếp,3,3,2,3,2,2.6
KS20260975,2026-08-27,Phường Hoà Lạc,46-60,Trực tiếp,5,4,4,4,5,4.4
KS20260976,2026-02-08,Xã Tân Phước,18-30,Trực tuyến,5,5,5,5,5,5.0
KS20260977,2026-12-03,Xã Tân Phước,46-60,Trực tiếp,5,5,5,5,5,5.0
KS20260978,2026-06-06,Xã Nam Hải,31-45,Trực tiếp,5,4,4,5,5,4.6
KS20260979,2026-06-22,Xã Mỹ Trạch,31-45,Trực tiếp,5,5,5,5,5,5.0
KS20260980,2026-08-04,Xã Mỹ Trạch,46-60,Trực tiếp,5,4,5,5,5,4.8
KS20260981,2026-05-01,Phường Hoà Lạc,31-45,Bưu chính công ích,5,5,5,5,5,5.0
KS20260982,2026-06-13,Phường Kim Sơn,Trên 60,Trực tuyến,5,5,5,5,5,5.0
KS20260983,2026-05-21,Phường Bình Minh,18-30,Trực tuyến,4,3,4,3,3,3.4
KS20260984,2026-05-15,Xã Mỹ Trạch,46-60,Trực tuyến,5,4,5,4,5,4.6
KS20260985,2026-04-18,Phường Long Phú,46-60,Trực tuyến,4,4,4,4,3,3.8
KS20260986,2026-11-24,Phường Bình Minh,18-30,Trực tiếp,4,4,5,3,4,4.0
KS20260987,2026-03-17,Phường Kim Sơn,31-45,Trực tuyến,4,4,5,3,4,4.0
KS20260988,2026-10-28,Phường Kim Sơn,46-60,Trực tiếp,5,4,4,4,4,4.2
KS20260989,2026-08-15,Xã Mỹ Trạch,18-30,Trực tuyến,4,4,3,4,4,3.8
KS20260990,2026-05-11,Xã Mỹ Trạch,46-60,Trực tuyến,3,3,3,3,3,3.0
KS20260991,2026-08-10,Xã Nam Hải,18-30,Trực tuyến,5,4,4,4,4,4.2
KS20260992,2026-03-16,Phường Kim Sơn,46-60,Trực tiếp,3,3,3,3,4,3.2
KS20260993,2026-10-23,Phường Bình Minh,18-30,Trực tuyến,4,3,4,4,3,3.6
KS20260994,2026-11-18,Phường Kim Sơn,46-60,Trực tuyến,5,5,5,5,5,5.0
KS20260995,2026-01-12,Phường An Thịnh,Trên 60,Trực tuyến,5,4,5,5,5,4.8
KS20260996,2026-12-20,Phường Long Phú,31-45,Trực tuyến,4,3,3,3,4,3.4
KS20260997,2026-01-02,Phường Kim Sơn,31-45,Trực tiếp,4,4,4,4,5,4.2
KS20260998,2026-12-23,Xã Tân Phước,31-45,Trực tuyến,5,5,4,4,5,4.6
KS20260999,2026-07-19,Phường Long Phú,31-45,Trực tuyến,3,4,4,3,4,3.6
KS20261000,2026-11-25,Phường Long Phú,18-30,Trực tiếp,5,4,4,5,4,4.4
