ma_ho_so,ho_ten_hu_cau,so_giay_to_gia_lap,dien_thoai_gia_lap,email_gia_lap,dia_chi_hu_cau,ngay_sinh_hu_cau,thu_tuc,ghi_chu
HSCN0001,Đặng Minh An,999000000001,0000000001,congdan001@vidu.invalid,"Số 115, đường Phượng Vỹ, Phường An Thịnh",1968-01-13,"Xác nhận hộ nghèo, cận nghèo",DỮ LIỆU HƯ CẤU - chỉ dùng để thực hành ẩn danh hoá
HSCN0002,Vũ Văn Dung,999000000002,0000000002,congdan002@vidu.invalid,"Số 115, đường Phượng Vỹ, Phường An Thịnh",1977-07-22,Chứng thực bản sao từ bản chính,DỮ LIỆU HƯ CẤU - chỉ dùng để thực hành ẩn danh hoá
HSCN0003,Vũ Văn Khánh,999000000003,0000000003,congdan003@vidu.invalid,"Số 49, đường số 3, Phường An Thịnh",1960-05-21,Trợ cấp xã hội hằng tháng,DỮ LIỆU HƯ CẤU - chỉ dùng để thực hành ẩn danh hoá
HSCN0004,Đỗ Ngọc Cường,999000000004,0000000004,congdan004@vidu.invalid,"Số 137, đường Ngọc Lan, Xã Mỹ Trạch",1969-06-15,Trợ cấp xã hội hằng tháng,DỮ LIỆU HƯ CẤU - chỉ dùng để thực hành ẩn danh hoá
HSCN0005,Bùi Minh Cường,999000000005,0000000005,congdan005@vidu.invalid,"Số 128, đường số 7, Phường An Thịnh",1961-08-07,"Xác nhận hộ nghèo, cận nghèo",DỮ LIỆU HƯ CẤU - chỉ dùng để thực hành ẩn danh hoá
HSCN0006,Trần Văn Mai,999000000006,0000000006,congdan006@vidu.invalid,"Số 128, đường số 3, Xã Tân Phước",1961-08-22,Đăng ký kết hôn,DỮ LIỆU HƯ CẤU - chỉ dùng để thực hành ẩn danh hoá
HSCN0007,Trần Thị Mai,999000000007,0000000007,congdan007@vidu.invalid,"Số 83, đường Phượng Vỹ, Phường An Thịnh",1996-11-23,"Xác nhận hộ nghèo, cận nghèo",DỮ LIỆU HƯ CẤU - chỉ dùng để thực hành ẩn danh hoá
HSCN0008,Nguyễn Thanh Khánh,999000000008,0000000008,congdan008@vidu.invalid,"Số 193, đường số 12, Phường Hoà Lạc",1966-04-26,Cấp bản sao trích lục hộ tịch,DỮ LIỆU HƯ CẤU - chỉ dùng để thực hành ẩn danh hoá
HSCN0009,Phan Văn Nam,999000000009,0000000009,congdan009@vidu.invalid,"Số 184, đường số 3, Phường Kim Sơn",1962-11-13,Đăng ký khai tử,DỮ LIỆU HƯ CẤU - chỉ dùng để thực hành ẩn danh hoá
HSCN0010,Đỗ Minh Nam,999000000010,0000000010,congdan010@vidu.invalid,"Số 108, đường Bạch Đàn, Xã Mỹ Trạch",1964-06-29,Đăng ký khai tử,DỮ LIỆU HƯ CẤU - chỉ dùng để thực hành ẩn danh hoá
HSCN0011,Nguyễn Hữu An,999000000011,0000000011,congdan011@vidu.invalid,"Số 48, đường Ngọc Lan, Phường An Thịnh",1996-11-07,Cấp giấy chứng nhận quyền sử dụng đất,DỮ LIỆU HƯ CẤU - chỉ dùng để thực hành ẩn danh hoá
HSCN0012,Lê Văn Lâm,999000000012,0000000012,congdan012@vidu.invalid,"Số 176, đường số 3, Phường An Thịnh",1997-11-16,Cấp phiếu lý lịch tư pháp số 1,DỮ LIỆU HƯ CẤU - chỉ dùng để thực hành ẩn danh hoá
HSCN0013,Lê Minh Mai,999000000013,0000000013,congdan013@vidu.invalid,"Số 156, đường số 21, Xã Mỹ Trạch",2000-12-10,Cấp phiếu lý lịch tư pháp số 1,DỮ LIỆU HƯ CẤU - chỉ dùng để thực hành ẩn danh hoá
HSCN0014,Đỗ Ngọc Khánh,999000000014,0000000014,congdan014@vidu.invalid,"Số 118, đường Phượng Vỹ, Phường Hoà Lạc",1981-11-09,Cấp phiếu lý lịch tư pháp số 1,DỮ LIỆU HƯ CẤU - chỉ dùng để thực hành ẩn danh hoá
HSCN0015,Phạm Ngọc Dung,999000000015,0000000015,congdan015@vidu.invalid,"Số 188, đường Hoa Mai, Xã Nam Hải",2000-01-03,Đăng ký khai sinh,DỮ LIỆU HƯ CẤU - chỉ dùng để thực hành ẩn danh hoá
HSCN0016,Hoàng Minh Nam,999000000016,0000000016,congdan016@vidu.invalid,"Số 143, đường Phượng Vỹ, Phường Hoà Lạc",1967-09-09,Đăng ký khai sinh,DỮ LIỆU HƯ CẤU - chỉ dùng để thực hành ẩn danh hoá
HSCN0017,Phan Minh Nam,999000000017,0000000017,congdan017@vidu.invalid,"Số 32, đường số 12, Xã Tân Phước",1980-07-08,Chứng thực bản sao từ bản chính,DỮ LIỆU HƯ CẤU - chỉ dùng để thực hành ẩn danh hoá
HSCN0018,Lê Hữu Khánh,999000000018,0000000018,congdan018@vidu.invalid,"Số 73, đường Ngọc Lan, Phường Kim Sơn",1985-03-11,"Xác nhận hộ nghèo, cận nghèo",DỮ LIỆU HƯ CẤU - chỉ dùng để thực hành ẩn danh hoá
HSCN0019,Lê Văn Lâm,999000000019,0000000019,congdan019@vidu.invalid,"Số 91, đường số 12, Phường Kim Sơn",1978-03-29,Chứng thực bản sao từ bản chính,DỮ LIỆU HƯ CẤU - chỉ dùng để thực hành ẩn danh hoá
HSCN0020,Phạm Thanh Giang,999000000020,0000000020,congdan020@vidu.invalid,"Số 113, đường số 21, Xã Nam Hải",1960-11-18,Cấp giấy phép xây dựng nhà ở riêng lẻ,DỮ LIỆU HƯ CẤU - chỉ dùng để thực hành ẩn danh hoá
HSCN0021,Vũ Thị Cường,999000000021,0000000021,congdan021@vidu.invalid,"Số 23, đường số 21, Phường Long Phú",1969-11-01,Đăng ký biến động đất đai,DỮ LIỆU HƯ CẤU - chỉ dùng để thực hành ẩn danh hoá
HSCN0022,Đỗ Thị Bình,999000000022,0000000022,congdan022@vidu.invalid,"Số 158, đường số 21, Phường Long Phú",1967-05-12,"Xác nhận hộ nghèo, cận nghèo",DỮ LIỆU HƯ CẤU - chỉ dùng để thực hành ẩn danh hoá
HSCN0023,Hoàng Minh Giang,999000000023,0000000023,congdan023@vidu.invalid,"Số 99, đường số 12, Phường Kim Sơn",1968-09-12,Đăng ký khai sinh,DỮ LIỆU HƯ CẤU - chỉ dùng để thực hành ẩn danh hoá
HSCN0024,Đặng Thanh Cường,999000000024,0000000024,congdan024@vidu.invalid,"Số 91, đường Hoa Mai, Phường An Thịnh",1966-10-13,Đăng ký biến động đất đai,DỮ LIỆU HƯ CẤU - chỉ dùng để thực hành ẩn danh hoá
HSCN0025,Đỗ Văn Bình,999000000025,0000000025,congdan025@vidu.invalid,"Số 73, đường Phượng Vỹ, Phường An Thịnh",1970-12-27,Đăng ký khai tử,DỮ LIỆU HƯ CẤU - chỉ dùng để thực hành ẩn danh hoá
HSCN0026,Đặng Minh Hà,999000000026,0000000026,congdan026@vidu.invalid,"Số 161, đường Ngọc Lan, Phường Bình Minh",1993-08-10,"Xác nhận hộ nghèo, cận nghèo",DỮ LIỆU HƯ CẤU - chỉ dùng để thực hành ẩn danh hoá
HSCN0027,Nguyễn Ngọc Khánh,999000000027,0000000027,congdan027@vidu.invalid,"Số 54, đường Bạch Đàn, Phường An Thịnh",1974-01-01,Đăng ký khai tử,DỮ LIỆU HƯ CẤU - chỉ dùng để thực hành ẩn danh hoá
HSCN0028,Vũ Thị Giang,999000000028,0000000028,congdan028@vidu.invalid,"Số 102, đường Hoa Mai, Phường Hoà Lạc",1970-12-13,Trợ cấp xã hội hằng tháng,DỮ LIỆU HƯ CẤU - chỉ dùng để thực hành ẩn danh hoá
HSCN0029,Phan Hữu Lâm,999000000029,0000000029,congdan029@vidu.invalid,"Số 72, đường Bạch Đàn, Xã Tân Phước",1988-11-06,Đăng ký hộ kinh doanh,DỮ LIỆU HƯ CẤU - chỉ dùng để thực hành ẩn danh hoá
HSCN0030,Lê Thanh An,999000000030,0000000030,congdan030@vidu.invalid,"Số 41, đường Phượng Vỹ, Xã Tân Phước",1964-07-11,Đăng ký khai sinh,DỮ LIỆU HƯ CẤU - chỉ dùng để thực hành ẩn danh hoá
