nam,hang_muc,ke_hoach_trieu_dong,thuc_hien_trieu_dong
2023,Hạ tầng mạng và máy chủ,4521,3654
2023,Phần mềm dùng chung,3099,2271
2023,An toàn thông tin,1449,1232
2023,Thiết bị IoT và cảm biến,858,700
2023,Đào tạo nhân lực số,632,593
2023,Thuê dịch vụ CNTT,2321,1717
2024,Hạ tầng mạng và máy chủ,4558,4037
2024,Phần mềm dùng chung,3412,2499
2024,An toàn thông tin,1812,1765
2024,Thiết bị IoT và cảm biến,1033,972
2024,Đào tạo nhân lực số,744,626
2024,Thuê dịch vụ CNTT,2649,2227
2025,Hạ tầng mạng và máy chủ,5412,4532
2025,Phần mềm dùng chung,4208,3422
2025,An toàn thông tin,2045,1995
2025,Thiết bị IoT và cảm biến,1161,877
2025,Đào tạo nhân lực số,762,574
2025,Thuê dịch vụ CNTT,2881,2133
2026,Hạ tầng mạng và máy chủ,6253,4857
2026,Phần mềm dùng chung,4287,3660
2026,An toàn thông tin,2057,1663
2026,Thiết bị IoT và cảm biến,1394,1061
2026,Đào tạo nhân lực số,891,643
2026,Thuê dịch vụ CNTT,3708,3504
